A074;AGLIÈ
A109;AIRASCA
A117;ALA DI STURA
A157;ALBIANO D'IVREA
A218;ALMESE
A221;ALPETTE
A222;ALPIGNANO
A275;ANDEZENO
A282;ANDRATE
A295;ANGROGNA
A405;ARIGNANO
A518;AVIGLIANA
A525;AZEGLIO
A584;BAIRO
A587;BALANGERO
A590;BALDISSERO CANAVESE
A591;BALDISSERO TORINESE
A599;BALME
A607;BANCHETTE
A625;BARBANIA
A651;BARDONECCHIA
A673;BARONE CANAVESE
A734;BEINASCO
A853;BIBIANA
A910;BOBBIO PELLICE
A941;BOLLENGO
A990;BORGARO TORINESE
B003;BORGIALLO
B015;BORGOFRANCO D'IVREA
B021;BORGOMASINO
B024;BORGONE SUSA
B075;BOSCONERO
B121;BRANDIZZO
B171;BRICHERASIO
B205;BROSSO
B209;BROZOLO
B216;BRUINO
B225;BRUSASCO
B232;BRUZOLO
B278;BURIASCO
B279;BUROLO
B284;BUSANO
B297;BUSSOLENO
B305;BUTTIGLIERA ALTA
B350;CAFASSE
B435;CALUSO
B462;CAMBIANO
B512;CAMPIGLIONE FENILE
B588;CANDIA CANAVESE
B592;CANDIOLO
B605;CANISCHIO
B628;CANTALUPA
B637;CANTOIRA
B705;CAPRIE
B733;CARAVINO
B762;CAREMA
B777;CARIGNANO
B791;CARMAGNOLA
B867;CASALBORGONE
B953;CASCINETTE D'IVREA
B955;CASELETTE
B960;CASELLE TORINESE
C045;CASTAGNETO PO
C048;CASTAGNOLE PIEMONTE
C133;CASTELLAMONTE
C241;CASTELNUOVO NIGRA
C307;CASTIGLIONE TORINESE
C369;CAVAGNOLO
C404;CAVOUR
C487;CERCENASCO
C497;CERES
C505;CERESOLE REALE
C564;CESANA TORINESE
C604;CHIALAMBERTO
C610;CHIANOCCO
C624;CHIAVERANO
C627;CHIERI
C629;CHIESANUOVA
C639;CHIOMONTE
C655;CHIUSA DI SAN MICHELE
C665;CHIVASSO
C679;CICONIO
C711;CINTANO
C715;CINZANO
C722;CIRIÈ
C793;CLAVIERE
C801;COASSOLO TORINESE
C803;COAZZE
C860;COLLEGNO
C867;COLLERETTO CASTELNUOVO
C868;COLLERETTO GIACOSA
C955;CONDOVE
D008;CORIO
D092;COSSANO CANAVESE
D197;CUCEGLIO
D202;CUMIANA
D208;CUORGNÈ
D373;DRUENTO
D433;EXILLES
D520;FAVRIA
D524;FELETTO
D532;FENESTRELLE
D562;FIANO
D608;FIORANO CANAVESE
D646;FOGLIZZO
D725;FORNO CANAVESE
D781;FRASSINETTO
D805;FRONT
D812;FROSSASCO
D931;GARZIGLIANA
D933;GASSINO TORINESE
D983;GERMAGNANO
E009;GIAGLIONE
E020;GIAVENO
E067;GIVOLETTO
E154;GRAVERE
E199;GROSCAVALLO
E203;GROSSO
E216;GRUGLIASCO
E301;INGRIA
E311;INVERSO PINASCA
E345;ISOLABELLA
E368;ISSIGLIO
E379;IVREA
E394;LA CASSA
E423;LA LOGGIA
E445;LANZO TORINESE
E484;LAURIANO
E518;LEINI
E520;LEMIE
E551;LESSOLO
E566;LEVONE
E635;LOCANA
E660;LOMBARDORE
E661;LOMBRIASCO
E683;LORANZÈ
E758;LUSERNA SAN GIOVANNI
E759;LUSERNETTA
E763;LUSIGLIÈ
E782;MACELLO
E817;MAGLIONE
E941;MARENTINO
F041;MASSELLO
F053;MATHI
F058;MATTIE
F067;MAZZÈ
F074;MEANA DI SUSA
F140;MERCENASCO
F182;MEZZENILE
F315;MOMBELLO DI TORINO
F318;MOMPANTERO
F327;MONASTERO DI LANZO
F335;MONCALIERI
D553;MONCENISIO
F407;MONTALDO TORINESE
F411;MONTALENGHE
F420;MONTALTO DORA
F422;MONTANARO
F651;MONTEU DA PO
F733;MORIONDO TORINESE
F889;NICHELINO
F906;NOASCA
F925;NOLE
F927;NOMAGLIO
F931;NONE
F948;NOVALESA
G010;OGLIANICO
G087;ORBASSANO
G109;ORIO CANAVESE
G151;OSASCO
G152;OSASIO
G196;OULX
G202;OZEGNA
G262;PALAZZO CANAVESE
G303;PANCALIERI
G330;PARELLA
G387;PAVAROLO
G392;PAVONE CANAVESE
G398;PECETTO TORINESE
G463;PEROSA ARGENTINA
G462;PEROSA CANAVESE
G465;PERRERO
G477;PERTUSIO
G505;PESSINETTO
G559;PIANEZZA
G672;PINASCA
G674;PINEROLO
G678;PINO TORINESE
G684;PIOBESI TORINESE
G691;PIOSSASCO
G705;PISCINA
G719;PIVERONE
G777;POIRINO
G805;POMARETTO
G826;PONT CANAVESE
G900;PORTE
G973;PRAGELATO
G978;PRALI
G979;PRALORMO
G982;PRAMOLLO
G986;PRAROSTINO
G988;PRASCORSANO
G997;PRATIGLIONE
H100;QUAGLIUZZO
H120;QUASSOLO
H127;QUINCINETTO
H207;REANO
H270;RIBORDONE
H333;RIVALBA
H335;RIVALTA DI TORINO
H337;RIVA PRESSO CHIERI
H338;RIVARA
H340;RIVAROLO CANAVESE
H344;RIVAROSSA
H355;RIVOLI
H367;ROBASSOMERO
H386;ROCCA CANAVESE
H498;ROLETTO
H511;ROMANO CANAVESE
H539;RONCO CANAVESE
H547;RONDISSONE
H554;RORÀ
H555;ROURE
H583;ROSTA
H627;RUBIANA
H631;RUEGLIO
H691;SALASSA
H684;SALBERTRAND
H702;SALERANO CANAVESE
H734;SALZA DI PINEROLO
H753;SAMONE
H775;SAN BENIGNO CANAVESE
H789;SAN CARLO CANAVESE
H804;SAN COLOMBANO BELMONTE
H820;SAN DIDERO
H847;SAN FRANCESCO AL CAMPO
H855;SANGANO
H862;SAN GERMANO CHISONE
H873;SAN GILLIO
H890;SAN GIORGIO CANAVESE
H900;SAN GIORIO DI SUSA
H936;SAN GIUSTO CANAVESE
H997;SAN MARTINO CANAVESE
I024;SAN MAURIZIO CANAVESE
I030;SAN MAURO TORINESE
I090;SAN PIETRO VAL LEMINA
I126;SAN PONSO
I137;SAN RAFFAELE CIMENA
I152;SAN SEBASTIANO DA PO
I154;SAN SECONDO DI PINEROLO
I258;SANT'AMBROGIO DI TORINO
I296;SANT'ANTONINO DI SUSA
I327;SANTENA
I465;SAUZE DI CESANA
I466;SAUZE D'OULX
I490;SCALENGHE
I511;SCARMAGNO
I539;SCIOLZE
I692;SESTRIERE
I701;SETTIMO ROTTARO
I703;SETTIMO TORINESE
I702;SETTIMO VITTONE
I886;SPARONE
I969;STRAMBINELLO
I970;STRAMBINO
L013;SUSA
L066;TAVAGNASCO
L219;TORINO
L238;TORRAZZA PIEMONTE
L247;TORRE CANAVESE
L277;TORRE PELLICE
L327;TRANA
L345;TRAVERSELLA
L340;TRAVES
L445;TROFARELLO
L515;USSEAUX
L516;USSEGLIO
L538;VAIE
L555;VAL DELLA TORRE
L578;VALGIOIE
L629;VALLO TORINESE
L644;VALPERGA
B510;VALPRATO SOANA
L685;VARISELLA
L698;VAUDA CANAVESE
L726;VENAUS
L727;VENARIA REALE
L779;VEROLENGO
L787;VERRUA SAVOIA
L811;VESTIGNÈ
L830;VIALFRÈ
L857;VIDRACCO
L898;VIGONE
L948;VILLAFRANCA PIEMONTE
L982;VILLANOVA CANAVESE
M002;VILLARBASSE
L999;VILLAR DORA
M004;VILLAREGGIA
M007;VILLAR FOCCHIARDO
M013;VILLAR PELLICE
M014;VILLAR PEROSA
M027;VILLASTELLONE
M060;VINOVO
M069;VIRLE PIEMONTE
M071;VISCHE
M080;VISTRORIO
M094;VIÙ
M122;VOLPIANO
M133;VOLVERA
M316;MAPPANO
M405;VAL DI CHY
M415;VALCHIUSA
A119;ALAGNA VALSESIA
A130;ALBANO VERCELLESE
A198;ALICE CASTELLO
A358;ARBORIO
A466;ASIGLIANO VERCELLESE
A600;BALMUCCIA
A601;BALOCCO
A847;BIANZÈ
A914;BOCCIOLETO
B009;BORGO D'ALE
B041;BORGOSESIA
B046;BORGO VERCELLI
B280;BURONZO
B505;CAMPERTOGNO
B752;CARCOFORO
B767;CARESANA
B768;CARESANABLOT
B782;CARISIO
B928;CASANOVA ELVO
B952;SAN GIACOMO VERCELLESE
C548;CERVATTO
C680;CIGLIANO
C757;CIVIASCO
C884;COLLOBIANO
D113;COSTANZANA
D132;CRAVAGLIANA
D154;CRESCENTINO
D187;CROVA
D281;DESANA
D641;FOBELLO
D676;FONTANETTO PO
D712;FORMIGLIANA
D938;GATTINARA
E007;GHISLARENGO
E163;GREGGIO
E237;GUARDABOSONE
E433;LAMPORO
E528;LENTA
E583;LIGNANA
E626;LIVORNO FERRARIS
E711;LOZZOLO
F297;MOLLIA
F342;MONCRIVELLO
F774;MOTTA DE' CONTI
G016;OLCENENGO
G018;OLDENICO
G266;PALAZZOLO VERCELLESE
G471;PERTENGO
G528;PEZZANA
G666;PILA
G685;PIODE
G940;POSTUA
G985;PRAROLO
H108;QUARONA
H132;QUINTO VERCELLESE
H188;RASSA
H293;RIMELLA
H346;RIVE
H365;ROASIO
H549;RONSECCO
H577;ROSSA
H364;ROVASENDA
H690;SALASCO
H707;SALI VERCELLESE
H725;SALUGGIA
H861;SAN GERMANO VERCELLESE
I337;SANTHIÀ
I544;SCOPA
I545;SCOPELLO
I663;SERRAVALLE SESIA
I984;STROPPIANA
L420;TRICERRO
L429;TRINO
L451;TRONZANO VERCELLESE
L566;VALDUGGIA
L669;VARALLO
L750;VERCELLI
M003;VILLARBOIT
M028;VILLATA
M106;VOCCA
M389;ALTO SERMENZA
M398;CELLIO CON BREIA
A088;AGRATE CONTURBIA
A264;AMENO
A414;ARMENO
A429;ARONA
A653;BARENGO
A752;BELLINZAGO NOVARESE
A844;BIANDRATE
A911;BOCA
A929;BOGOGNO
A953;BOLZANO NOVARESE
B016;BORGOLAVEZZARO
B019;BORGOMANERO
B043;BORGO TICINO
B176;BRIGA NOVARESE
B183;BRIONA
B431;CALTIGNAGA
B473;CAMERI
B823;CARPIGNANO SESIA
B864;CASALBELTRAME
B883;CASALEGGIO NOVARA
B897;CASALINO
B920;CASALVOLONE
C149;CASTELLAZZO NOVARESE
C166;CASTELLETTO SOPRA TICINO
C364;CAVAGLIETTO
C365;CAVAGLIO D'AGOGNA
C378;CAVALLIRIO
C483;CERANO
C829;COLAZZA
C926;COMIGNAGO
D162;CRESSA
D216;CUREGGIO
D309;DIVIGNANO
D347;DORMELLETTO
D492;FARA NOVARESE
D675;FONTANETO D'AGOGNA
D872;GALLIATE
D911;GARBAGNA NOVARESE
D921;GARGALLO
E001;GHEMME
E120;GOZZANO
E143;GRANOZZO CON MONTICELLO
E177;GRIGNASCO
E314;INVORIO
E436;LANDIONA
E544;LESA
E803;MAGGIORA
E880;MANDELLO VITTA
E907;MARANO TICINO
F047;MASSINO VISCONTI
F093;MEINA
F188;MEZZOMERICO
F191;MIASINO
F317;MOMO
F859;NEBBIUNO
F886;NIBBIOLA
F952;NOVARA
G019;OLEGGIO
G020;OLEGGIO CASTELLO
G134;ORTA SAN GIULIO
G349;PARUZZARO
G421;PELLA
G520;PETTENASCO
G703;PISANO
G775;POGNO
G809;POMBIA
H001;PRATO SESIA
H213;RECETTO
H502;ROMAGNANO SESIA
H518;ROMENTINO
I025;SAN MAURIZIO D'OPAGLIO
I052;SAN NAZZARO SESIA
I116;SAN PIETRO MOSEZZO
I736;SILLAVENGO
I767;SIZZANO
I857;SORISO
I880;SOZZAGO
L007;SUNO
L104;TERDOBBIATE
L223;TORNACO
L356;TRECATE
L668;VAPRIO D'AGOGNA
L670;VARALLO POMBIA
L808;VESPOLATE
L847;VICOLUNGO
M062;VINZAGLIO
M416;GATTICO-VERUNO
A016;ACCEGLIO
A113;AISONE
A124;ALBA
A139;ALBARETTO DELLA TORRE
A238;ALTO
A394;ARGENTERA
A396;ARGUELLO
A555;BAGNASCO
A571;BAGNOLO PIEMONTE
A589;BALDISSERO D'ALBA
A629;BARBARESCO
A660;BARGE
A671;BAROLO
A709;BASTIA MONDOVÌ
A716;BATTIFOLLO
A735;BEINETTE
A750;BELLINO
A774;BELVEDERE LANGHE
A779;BENE VAGIENNA
A782;BENEVELLO
A798;BERGOLO
A805;BERNEZZO
A979;BONVICINO
B018;BORGOMALE
B033;BORGO SAN DALMAZZO
B079;BOSIA
B084;BOSSOLASCO
B101;BOVES
B111;BRA
B167;BRIAGLIA
B175;BRIGA ALTA
B200;BRONDELLO
B204;BROSSASCO
B285;BUSCA
B467;CAMERANA
B573;CANALE
B621;CANOSIO
B692;CAPRAUNA
B719;CARAGLIO
B720;CARAMAGNA PIEMONTE
B755;CARDÈ
B841;CARRÙ
B845;CARTIGNANO
B894;CASALGRASSO
C046;CASTAGNITO
C081;CASTELDELFINO
C165;CASTELLETTO STURA
C167;CASTELLETTO UZZONE
C173;CASTELLINALDO D'ALBA
C176;CASTELLINO TANARO
C205;CASTELMAGNO
C214;CASTELNUOVO DI CEVA
C314;CASTIGLIONE FALLETTO
C317;CASTIGLIONE TINELLA
C323;CASTINO
C375;CAVALLERLEONE
C376;CAVALLERMAGGIORE
C441;CELLE DI MACRA
C466;CENTALLO
C504;CERESOLE ALBA
C530;CERRETTO LANGHE
C547;CERVASCA
C550;CERVERE
C589;CEVA
C599;CHERASCO
C653;CHIUSA DI PESIO
C681;CIGLIÈ
C738;CISSONE
C792;CLAVESANA
D022;CORNELIANO D'ALBA
D062;CORTEMILIA
D093;COSSANO BELBO
D120;COSTIGLIOLE SALUZZO
D133;CRAVANZANA
D172;CRISSOLO
D205;CUNEO
D271;DEMONTE
D291;DIANO D'ALBA
D314;DOGLIANI
D372;DRONERO
D401;ELVA
D410;ENTRACQUE
D412;ENVIE
D499;FARIGLIANO
D511;FAULE
D523;FEISOGLIO
D742;FOSSANO
D751;FRABOSA SOPRANA
D752;FRABOSA SOTTANA
D782;FRASSINO
D856;GAIOLA
D894;GAMBASCA
D920;GARESSIO
D967;GENOLA
E111;GORZEGNO
E115;GOTTASECCA
E118;GOVONE
E182;GRINZANE CAVOUR
E251;GUARENE
E282;IGLIANO
E327;ISASCA
E406;LAGNASCO
E430;LA MORRA
E540;LEQUIO BERRIA
E539;LEQUIO TANARO
E546;LESEGNO
E564;LEVICE
E597;LIMONE PIEMONTE
E615;LISIO
E789;MACRA
E809;MAGLIANO ALFIERI
E808;MAGLIANO ALPI
E887;MANGO
E894;MANTA
E939;MARENE
E945;MARGARITA
E963;MARMORA
E973;MARSAGLIA
E988;MARTINIANA PO
F114;MELLE
F279;MOIOLA
F309;MOMBARCARO
F312;MOMBASIGLIO
F326;MONASTERO DI VASCO
F329;MONASTEROLO CASOTTO
F330;MONASTEROLO DI SAVIGLIANO
F338;MONCHIERO
F351;MONDOVÌ
F355;MONESIGLIO
F358;MONFORTE D'ALBA
F385;MONTÀ
F405;MONTALDO DI MONDOVÌ
F408;MONTALDO ROERO
F424;MONTANERA
F550;MONTELUPO ALBESE
F558;MONTEMALE DI CUNEO
F608;MONTEROSSO GRANA
F654;MONTEU ROERO
F666;MONTEZEMOLO
F669;MONTICELLO D'ALBA
F723;MORETTA
F743;MOROZZO
F809;MURAZZANO
F811;MURELLO
F846;NARZOLE
F863;NEIVE
F883;NEVIGLIE
F894;NIELLA BELBO
F895;NIELLA TANARO
F961;NOVELLO
F972;NUCETTO
G066;ONCINO
G114;ORMEA
G183;OSTANA
G228;PAESANA
G240;PAGNO
G302;PAMPARATO
G339;PAROLDO
G457;PERLETTO
G458;PERLO
G526;PEVERAGNO
G532;PEZZOLO VALLE UZZONE
G561;PIANFEI
G575;PIASCO
G625;PIETRAPORZIO
G683;PIOBESI D'ALBA
G697;PIOZZO
G742;POCAPAGLIA
G800;POLONGHERA
G837;PONTECHIANALE
G970;PRADLEVES
H011;PRAZZO
H059;PRIERO
H068;PRIOCCA
H069;PRIOLA
H085;PRUNETTO
H150;RACCONIGI
H247;REVELLO
H285;RIFREDDO
H326;RITTANA
H362;ROASCHIA
H363;ROASCIO
H377;ROBILANTE
H378;ROBURENT
H385;ROCCABRUNA
H391;ROCCA CIGLIÈ
H395;ROCCA DE' BALDI
H407;ROCCAFORTE MONDOVÌ
H447;ROCCASPARVERA
H453;ROCCAVIONE
H462;ROCCHETTA BELBO
H472;RODDI
H473;RODDINO
H474;RODELLO
H578;ROSSANA
H633;RUFFIA
H695;SALE DELLE LANGHE
H704;SALE SAN GIOVANNI
H710;SALICETO
H716;SALMOUR
H727;SALUZZO
H746;SAMBUCO
H755;SAMPEYRE
H770;SAN BENEDETTO BELBO
H812;SAN DAMIANO MACRA
H851;SANFRÈ
H852;SANFRONT
I037;SAN MICHELE MONDOVÌ
I210;SANT'ALBANO STURA
I316;SANTA VITTORIA D'ALBA
I367;SANTO STEFANO BELBO
I372;SANTO STEFANO ROERO
I470;SAVIGLIANO
I484;SCAGNELLO
I512;SCARNAFIGI
I646;SERRALUNGA D'ALBA
I659;SERRAVALLE LANGHE
I750;SINIO
I817;SOMANO
I822;SOMMARIVA DEL BOSCO
I823;SOMMARIVA PERNO
I985;STROPPO
L048;TARANTASCA
L252;TORRE BORMIDA
L241;TORRE MONDOVÌ
L278;TORRE SAN GIORGIO
L281;TORRESINA
L367;TREISO
L410;TREZZO TINELLA
L427;TRINITÀ
L558;VALDIERI
L580;VALGRANA
L631;VALLORIATE
L729;VENASCA
L758;VERDUNO
L771;VERNANTE
L804;VERZUOLO
L817;VEZZA D'ALBA
L841;VICOFORTE
L888;VIGNOLO
L942;VILLAFALLETTO
L974;VILLANOVA MONDOVÌ
L990;VILLANOVA SOLARO
M015;VILLAR SAN COSTANZO
M055;VINADIO
M063;VIOLA
M136;VOTTIGNASCO
A072;AGLIANO TERME
A173;ALBUGNANO
A312;ANTIGNANO
A352;ARAMENGO
A479;ASTI
A527;AZZANO D'ASTI
A588;BALDICHIERI D'ASTI
A770;BELVEGLIO
A812;BERZANO DI SAN PIETRO
B221;BRUNO
B236;BUBBIO
B306;BUTTIGLIERA D'ASTI
B376;CALAMANDRANA
B418;CALLIANO MONFERRATO
B425;CALOSSO
B469;CAMERANO CASASCO
B594;CANELLI
B633;CANTARANA
B707;CAPRIGLIO
B991;CASORZO MONFERRATO
C022;CASSINASCO
C049;CASTAGNOLE DELLE LANZE
C047;CASTAGNOLE MONFERRATO
C064;CASTEL BOGLIONE
C127;CASTELL'ALFERO
C154;CASTELLERO
C161;CASTELLETTO MOLINA
A300;CASTELLO DI ANNONE
C226;CASTELNUOVO BELBO
C230;CASTELNUOVO CALCEA
C232;CASTELNUOVO DON BOSCO
C253;CASTEL ROCCHERO
C438;CELLARENGO
C440;CELLE ENOMONDO
C528;CERRETO D'ASTI
C533;CERRO TANARO
C583;CESSOLE
C658;CHIUSANO D'ASTI
C701;CINAGLIO
C739;CISTERNA D'ASTI
C804;COAZZOLO
C807;COCCONATO
D046;CORSIONE
D050;CORTANDONE
D051;CORTANZE
D052;CORTAZZONE
D072;CORTIGLIONE
D101;COSSOMBRATO
D119;COSTIGLIOLE D'ASTI
D207;CUNICO
D388;DUSINO SAN MICHELE
D554;FERRERE
D678;FONTANILE
D802;FRINCO
E134;GRANA MONFERRATO
E159;GRAZZANO BADOGLIO
E295;INCISA SCAPACCINO
E338;ISOLA D'ASTI
E633;LOAZZOLO
E917;MARANZANA
E944;MARETTO
F254;MOASCA
F308;MOMBALDONE
F311;MOMBARUZZO
F316;MOMBERCELLI
F323;MONALE
F325;MONASTERO BORMIDA
F336;MONCALVO
F343;MONCUCCO TORINESE
F361;MONGARDINO
F386;MONTABONE
F390;MONTAFIA
F409;MONTALDO SCARAMPI
F468;MONTECHIARO D'ASTI
F527;MONTEGROSSO D'ASTI
F556;MONTEMAGNO MONFERRATO
F902;NIZZA MONFERRATO
G048;OLMO GENTILE
G358;PASSERANO MARMORITO
G430;PENANGO
G593;PIEA
G676;PINO D'ASTI
G692;PIOVÀ MASSAIA
G894;PORTACOMARO
H102;QUARANTI
H219;REFRANCORE
H250;REVIGLIASCO D'ASTI
H366;ROATTO
H376;ROBELLA
H392;ROCCA D'ARAZZO
H451;ROCCAVERANO
H466;ROCCHETTA PALAFEA
H468;ROCCHETTA TANARO
H811;SAN DAMIANO D'ASTI
H899;SAN GIORGIO SCARAMPI
H987;SAN MARTINO ALFIERI
I017;SAN MARZANO OLIVETO
I076;SAN PAOLO SOLBRITO
I555;SCURZOLENGO
I637;SEROLE
I678;SESSAME
I698;SETTIME
I781;SOGLIO
L168;TIGLIOLE
L203;TONCO
L531;VAGLIO SERRA
L574;VALFENERA
L807;VESIME
L829;VIALE
L834;VIARIGI
L879;VIGLIANO D'ASTI
L945;VILLAFRANCA D'ASTI
L984;VILLANOVA D'ASTI
M019;VILLA SAN SECONDO
M058;VINCHIO
M302;MONTIGLIO MONFERRATO
M434;MORANSENGO-TONENGO
A052;ACQUI TERME
A146;ALBERA LIGURE
A182;ALESSANDRIA
A189;ALFIANO NATTA
A197;ALICE BEL COLLE
A227;ALTAVILLA MONFERRATO
A245;ALZANO SCRIVIA
A436;ARQUATA SCRIVIA
A523;AVOLASCA
A605;BALZOLA
A689;BASALUZZO
A708;BASSIGNANA
A738;BELFORTE MONFERRATO
A793;BERGAMASCO
A813;BERZANO DI TORTONA
A889;BISTAGNO
A998;BORGHETTO DI BORBERA
B029;BORGORATTO ALESSANDRINO
B037;BORGO SAN MARTINO
B071;BOSCO MARENGO
B080;BOSIO
B109;BOZZOLE
B179;BRIGNANO-FRASCATA
B311;CABELLA LIGURE
B453;CAMAGNA MONFERRATO
B482;CAMINO
B629;CANTALUPO LIGURE
B701;CAPRIATA D'ORBA
B736;CARBONARA SCRIVIA
B765;CARENTINO
B769;CAREZZANO
B818;CARPENETO
B836;CARREGA LIGURE
B840;CARROSIO
B847;CARTOSIO
B870;CASAL CERMELLI
B882;CASALEGGIO BOIRO
B885;CASALE MONFERRATO
B902;CASALNOCETO
B941;CASASCO
C027;CASSINE
C030;CASSINELLE
C137;CASTELLANIA COPPI
C142;CASTELLAR GUIDOBONO
C148;CASTELLAZZO BORMIDA
C156;CASTELLETTO D'ERRO
C158;CASTELLETTO D'ORBA
C160;CASTELLETTO MERLI
C162;CASTELLETTO MONFERRATO
C229;CASTELNUOVO BORMIDA
C243;CASTELNUOVO SCRIVIA
C274;CASTELSPINA
C387;CAVATORE
C432;CELLA MONTE
C503;CERESETO
C507;CERRETO GRUE
C531;CERRINA MONFERRATO
C962;CONIOLO
C977;CONZANO
D102;COSTA VESCOVATO
D149;CREMOLINO
D272;DENICE
D277;DERNICE
D447;FABBRICA CURONE
D528;FELIZZANO
D559;FRACONALTO
D759;FRANCAVILLA BISIO
D770;FRASCARO
D777;FRASSINELLO MONFERRATO
D780;FRASSINETO PO
D797;FRESONARA
D813;FRUGAROLO
D814;FUBINE MONFERRATO
D835;GABIANO
D890;GAMALERO
D910;GARBAGNA
D944;GAVI
E015;GIAROLE
E164;GREMIASCO
E188;GROGNARDO
E191;GRONDONA
E255;GUAZZORA
E360;ISOLA SANT'ANTONIO
E543;LERMA
E870;MALVICINO
F015;MASIO
F096;MELAZZO
F131;MERANA
F232;MIRABELLO MONFERRATO
F281;MOLARE
F293;MOLINO DEI TORTI
F313;MOMBELLO MONFERRATO
F320;MOMPERONE
F337;MONCESTINO
F365;MONGIARDINO LIGURE
F374;MONLEALE
F387;MONTACUTO
F403;MONTALDEO
F404;MONTALDO BORMIDA
F455;MONTECASTELLO
F469;MONTECHIARO D'ACQUI
F518;MONTEGIOCO
F562;MONTEMARZINO
F707;MORANO SUL PO
F713;MORBELLO
F737;MORNESE
F751;MORSASCO
F814;MURISENGO
F965;NOVI LIGURE
F995;OCCIMIANO
F997;ODALENGO GRANDE
F998;ODALENGO PICCOLO
G042;OLIVOLA
G124;ORSARA BORMIDA
G193;OTTIGLIO
G197;OVADA
G199;OVIGLIO
G204;OZZANO MONFERRATO
G215;PADERNA
G334;PARETO
G338;PARODI LIGURE
G367;PASTURANA
G397;PECETTO DI VALENZA
G619;PIETRA MARAZZI
G807;POMARO MONFERRATO
G839;PONTECURONE
G858;PONTESTURA
G861;PONTI
G872;PONZANO MONFERRATO
G877;PONZONE
G960;POZZOL GROPPO
G961;POZZOLO FORMIGARO
G987;PRASCO
H021;PREDOSA
H104;QUARGNENTO
H121;QUATTORDIO
H272;RICALDONE
H334;RIVALTA BORMIDA
H343;RIVARONE
H406;ROCCAFORTE LIGURE
H414;ROCCA GRIMALDA
H465;ROCCHETTA LIGURE
H569;ROSIGNANO MONFERRATO
H677;SALA MONFERRATO
H694;SALE
H810;SAN CRISTOFORO
H878;SAN GIORGIO MONFERRATO
I144;SAN SALVATORE MONFERRATO
I150;SAN SEBASTIANO CURONE
I190;SANT'AGATA FOSSILI
I429;SARDIGLIANO
I432;SAREZZANO
I645;SERRALUNGA DI CREA
I657;SERRAVALLE SCRIVIA
I711;SEZZADIO
I738;SILVANO D'ORBA
I798;SOLERO
I808;SOLONGHELLO
I901;SPIGNO MONFERRATO
I911;SPINETO SCRIVIA
I941;STAZZANO
I977;STREVI
L027;TAGLIOLO MONFERRATO
L059;TASSAROLO
L139;TERRUGGIA
L143;TERZO
L165;TICINETO
L304;TORTONA
L403;TREVILLE
L432;TRISOBBIO
L570;VALENZA
L633;VALMACCA
L881;VIGNALE MONFERRATO
L887;VIGNOLE BORBERA
L904;VIGUZZOLO
L931;VILLADEATI
L963;VILLALVERNIA
L970;VILLAMIROGLIO
L972;VILLANOVA MONFERRATO
M009;VILLAROMAGNANO
M077;VISONE
M120;VOLPEDO
M121;VOLPEGLINO
M123;VOLTAGGIO
M388;CASSANO SPINOLA
M397;ALLUVIONI PIOVERA
M420;LU E CUCCARO MONFERRATO
A205;ALLEIN
A305;ANTEY-SAINT-ANDRÉ
A326;AOSTA
A424;ARNAD
A452;ARVIER
A521;AVISE
A094;AYAS
A108;AYMAVILLES
A643;BARD
A877;BIONAZ
B192;BRISSOGNE
B230;BRUSSON
C593;CHALLAND-SAINT-ANSELME
C594;CHALLAND-SAINT-VICTOR
C595;CHAMBAVE
B491;CHAMOIS
C596;CHAMPDEPRAZ
B540;CHAMPORCHER
C598;CHARVENSOD
C294;CHÂTILLON
C821;COGNE
D012;COURMAYEUR
D338;DONNAS
D356;DOUES
D402;EMARÈSE
D444;ETROUBLES
D537;FÉNIS
D666;FONTAINEMORE
D839;GABY
E029;GIGNOD
E165;GRESSAN
E167;GRESSONEY-LA-TRINITÉ
E168;GRESSONEY-SAINT-JEAN
E273;HÔNE
E306;INTROD
E369;ISSIME
E371;ISSOGNE
E391;JOVENÇAN
A308;LA MAGDELEINE
E458;LA SALLE
E470;LA THUILE
E587;LILLIANES
F367;MONTJOVET
F726;MORGEX
F987;NUS
G045;OLLOMONT
G012;OYACE
G459;PERLOZ
G794;POLLEIN
G545;PONTBOSET
G860;PONTEY
G854;PONT-SAINT-MARTIN
H042;PRÉ-SAINT-DIDIER
H110;QUART
H262;RHÊMES-NOTRE-DAME
H263;RHÊMES-SAINT-GEORGES
H497;ROISAN
H669;SAINT-CHRISTOPHE
H670;SAINT-DENIS
H671;SAINT-MARCEL
H672;SAINT-NICOLAS
H673;SAINT-OYEN
H674;SAINT-PIERRE
H675;SAINT-RHÉMY-EN-BOSSES
H676;SAINT-VINCENT
I442;SARRE
L217;TORGNON
L582;VALGRISENCHE
L643;VALPELLINE
L647;VALSAVARENCHE
L654;VALTOURNENCHE
L783;VERRAYES
C282;VERRÈS
L981;VILLENEUVE
A111;AIROLE
A338;APRICALE
A344;AQUILA D'ARROSCIA
A418;ARMO
A499;AURIGO
A536;BADALUCCO
A581;BAJARDO
A984;BORDIGHERA
A993;BORGHETTO D'ARROSCIA
B020;BORGOMARO
B559;CAMPOROSSO
B734;CARAVONICA
C143;CASTELLARO
C110;CASTEL VITTORIO
C511;CERIANA
C559;CERVO
C578;CESIO
C657;CHIUSANICO
C660;CHIUSAVECCHIA
C718;CIPRESSA
C755;CIVEZZA
D087;COSIO D'ARROSCIA
D114;COSTARAINERA
D293;DIANO ARENTINO
D296;DIANO CASTELLO
D297;DIANO MARINA
D298;DIANO SAN PIETRO
D318;DOLCEACQUA
D319;DOLCEDO
E290;IMPERIA
E346;ISOLABONA
E719;LUCINASCO
F123;MENDATICA
F290;MOLINI DI TRIORA
F528;MONTEGROSSO PIAN LATTE
G041;OLIVETTA SAN MICHELE
G164;OSPEDALETTI
G454;PERINALDO
G607;PIETRABRUNA
G632;PIEVE DI TECO
G660;PIGNA
G814;POMPEIANA
G840;PONTEDASSIO
G890;PORNASSIO
H027;PRELÀ
H180;RANZO
H257;REZZO
H328;RIVA LIGURE
H460;ROCCHETTA NERVINA
H763;SAN BARTOLOMEO AL MARE
H780;SAN BIAGIO DELLA CIMA
H957;SAN LORENZO AL MARE
I138;SANREMO
I365;SANTO STEFANO AL MARE
I556;SEBORGA
I796;SOLDANO
L024;TAGGIA
L146;TERZORIO
L430;TRIORA
L596;VALLEBONA
L599;VALLECROSIA
L693;VASIA
L741;VENTIMIGLIA
L809;VESSALICO
L943;VILLA FARALDI
M387;MONTALTO CARPASIO
A122;ALASSIO
A145;ALBENGA
A165;ALBISSOLA MARINA
A166;ALBISOLA SUPERIORE
A226;ALTARE
A278;ANDORA
A422;ARNASCO
A593;BALESTRINO
A647;BARDINETO
A796;BERGEGGI
A931;BOISSANO
A999;BORGHETTO SANTO SPIRITO
B005;BORGIO VEREZZI
B048;BORMIDA
B369;CAIRO MONTENOTTE
B409;CALICE LIGURE
B416;CALIZZANO
B748;CARCARE
B927;CASANOVA LERRONE
C063;CASTELBIANCO
C276;CASTELVECCHIO DI ROCCA BARBENA
C443;CELLE LIGURE
C463;CENGIO
C510;CERIALE
C729;CISANO SUL NEVA
D095;COSSERIA
D264;DEGO
D424;ERLI
D600;FINALE LIGURE
D927;GARLENDA
E064;GIUSTENICE
E066;GIUSVALLA
E414;LAIGUEGLIA
E632;LOANO
E816;MAGLIOLO
E860;MALLARE
F046;MASSIMINO
F213;MILLESIMO
F226;MIOGLIA
F813;MURIALDO
F847;NASINO
F926;NOLI
G076;ONZO
D522;ORCO FEGLINO
G144;ORTOVERO
G155;OSIGLIA
G281;PALLARE
G542;PIANA CRIXIA
G605;PIETRA LIGURE
G741;PLODIO
G866;PONTINVREA
H126;QUILIANO
H266;RIALTO
H452;ROCCAVIGNALE
I453;SASSELLO
I480;SAVONA
I926;SPOTORNO
I946;STELLA
I947;STELLANELLO
L152;TESTICO
L190;TOIRANO
L315;TOVO SAN GIACOMO
L499;URBE
L528;VADO LIGURE
L675;VARAZZE
L730;VENDONE
L823;VEZZI PORTIO
L975;VILLANOVA D'ALBENGA
M197;ZUCCARELLO
A388;ARENZANO
A506;AVEGNO
A658;BARGAGLI
A922;BOGLIASCO
B067;BORZONASCA
B282;BUSALLA
B490;CAMOGLI
B538;CAMPO LIGURE
B551;CAMPOMORONE
B726;CARASCO
B939;CASARZA LIGURE
B956;CASELLA
C302;CASTIGLIONE CHIAVARESE
C481;CERANESI
C621;CHIAVARI
C673;CICAGNA
C823;COGOLETO
C826;COGORNO
C995;COREGLIA LIGURE
D175;CROCEFIESCHI
D255;DAVAGNA
D509;FASCIA
D512;FAVALE DI MALVARO
D677;FONTANIGORDA
D969;GENOVA
E109;GORRETO
E341;ISOLA DEL CANTONE
E488;LAVAGNA
E519;LEIVI
E695;LORSICA
E737;LUMARZO
F020;MASONE
F098;MELE
F173;MEZZANEGO
F202;MIGNANEGO
F256;MOCONESI
F354;MONEGLIA
F445;MONTEBRUNO
F682;MONTOGGIO
F858;NE
F862;NEIRONE
G093;ORERO
G646;PIEVE LIGURE
G913;PORTOFINO
H073;PROPATA
H183;RAPALLO
H212;RECCO
H258;REZZOAGLIO
H536;RONCO SCRIVIA
H546;RONDANINA
H581;ROSSIGLIONE
H599;ROVEGNO
H802;SAN COLOMBANO CERTENOLI
I225;SANTA MARGHERITA LIGURE
I346;SANT'OLCESE
I368;SANTO STEFANO D'AVETO
I475;SAVIGNONE
I640;SERRA RICCÒ
I693;SESTRI LEVANTE
I852;SORI
L167;TIGLIETO
L298;TORRIGLIA
L416;TRIBOGNA
L507;USCIO
L546;VALBREVENNA
M105;VOBBIA
M182;ZOAGLI
A261;AMEGLIA
A373;ARCOLA
A836;BEVERINO
A932;BOLANO
A961;BONASSOLA
A992;BORGHETTO DI VARA
B214;BRUGNATO
B410;CALICE AL CORNOVIGLIO
B838;CARRO
B839;CARRODANO
C240;CASTELNUOVO MAGRA
D265;DEIVA MARINA
D655;FOLLO
D758;FRAMURA
E463;LA SPEZIA
E542;LERICI
E560;LEVANTO
E842;MAISSANA
F609;MONTEROSSO AL MARE
G143;LUNI
G664;PIGNONE
G925;PORTOVENERE
H275;RICCÒ DEL GOLFO DI SPEZIA
H304;RIOMAGGIORE
H461;ROCCHETTA DI VARA
I363;SANTO STEFANO DI MAGRA
I449;SARZANA
E070;SESTA GODANO
L681;VARESE LIGURE
L774;VERNAZZA
L819;VEZZANO LIGURE
M177;ZIGNAGO
A085;AGRA
A167;ALBIZZATE
A290;ANGERA
A371;ARCISATE
A441;ARSAGO SEPRIO
A531;AZZATE
A532;AZZIO
A619;BARASSO
A728;BEDERO VALCUVIA
A819;BESANO
A825;BESNATE
A826;BESOZZO
A845;BIANDRONNO
A891;BISUSCHIO
A918;BODIO LOMNAGO
B126;BREBBIA
B150;BRENTA
B166;BREZZO DI BEDERO
B182;BRINZIO
B191;BRISSAGO-VALTRAVAGLIA
B219;BRUNELLO
B228;BRUSIMPIANO
B258;BUGUGGIATE
B300;BUSTO ARSIZIO
B326;CADEGLIANO-VICONAGO
B368;CAIRATE
B634;CANTELLO
B732;CARAVATE
B754;CARDANO AL CAMPO
B796;CARNAGO
B805;CARONNO PERTUSELLA
B807;CARONNO VARESINO
B875;CASALE LITTA
B921;CASALZUIGNO
B949;CASCIAGO
B987;CASORATE SEMPIONE
C004;CASSANO MAGNAGO
B999;CASSANO VALCUVIA
C139;CASTELLANZA
B312;CASTELLO CABIAGLIO
C273;CASTELSEPRIO
C181;CASTELVECCANA
C300;CASTIGLIONE OLONA
C343;CASTRONNO
C382;CAVARIA CON PREMEZZO
C409;CAZZAGO BRABBIA
C732;CISLAGO
C751;CITTIGLIO
C796;CLIVIO
C810;COCQUIO-TREVISAGO
C911;COMABBIO
C922;COMERIO
D144;CREMENAGA
D185;CROSIO DELLA VALLE
D192;CUASSO AL MONTE
D199;CUGLIATE-FABIASCO
D204;CUNARDO
D217;CURIGLIA CON MONTEVIASCO
D238;CUVEGLIO
D239;CUVIO
D256;DAVERIO
D384;DUMENZA
D385;DUNO
D467;FAGNANO OLONA
D543;FERNO
D551;FERRERA DI VARESE
D869;GALLARATE
D871;GALLIATE LOMBARDO
D946;GAVIRATE
D951;GAZZADA SCHIANNO
D963;GEMONIO
D981;GERENZANO
D987;GERMIGNAGA
E079;GOLASECCA
E101;GORLA MAGGIORE
E102;GORLA MINORE
E104;GORNATE OLONA
E144;GRANTOLA
E292;INARZO
E299;INDUNO OLONA
E367;ISPRA
E386;JERAGO CON ORAGO
E494;LAVENA PONTE TRESA
E496;LAVENO-MOMBELLO
E510;LEGGIUNO
E665;LONATE CEPPINO
E666;LONATE POZZOLO
E707;LOZZA
E734;LUINO
E769;LUVINATE
E863;MALNATE
E929;MARCHIROLO
E965;MARNATE
F002;MARZIO
F007;MASCIAGO PRIMO
F134;MERCALLO
F154;MESENZANA
F526;MONTEGRINO VALTRAVAGLIA
F703;MONVALLE
F711;MORAZZONE
F736;MORNAGO
G008;OGGIONA CON SANTO STEFANO
G028;OLGIATE OLONA
G103;ORIGGIO
G105;ORINO
G906;PORTO CERESIO
G907;PORTO VALTRAVAGLIA
H173;RANCIO VALCUVIA
H174;RANCO
H723;SALTRIO
H736;SAMARATE
I441;SARONNO
I688;SESTO CALENDE
I793;SOLBIATE ARNO
I794;SOLBIATE OLONA
I819;SOMMA LOMBARDO
L003;SUMIRAGO
L032;TAINO
L115;TERNATE
L319;TRADATE
L342;TRAVEDONA-MONATE
A705;TRONZANO LAGO MAGGIORE
L480;UBOLDO
L577;VALGANNA
L671;VARANO BORGHI
L682;VARESE
L703;VEDANO OLONA
L733;VENEGONO INFERIORE
L734;VENEGONO SUPERIORE
L765;VERGIATE
L876;VIGGIÙ
M101;VIZZOLA TICINO
H872;SANGIANO
M339;MACCAGNO CON PINO E VEDDASCA
M425;CADREZZATE CON OSMATE
M433;BARDELLO CON MALGESSO E BREGANO
A143;ALBAVILLA
A153;ALBESE CON CASSANO
A164;ALBIOLO
A224;ALSERIO
A249;ALZATE BRIANZA
A319;ANZANO DEL PARCO
A333;APPIANO GENTILE
A391;ARGEGNO
A430;AROSIO
A476;ASSO
A670;BARNI
A778;BENE LARIO
A791;BEREGAZZO CON FIGLIARO
A870;BINAGO
A898;BIZZARONE
A904;BLESSAGNO
A905;BLEVIO
B134;BREGNANO
B144;BRENNA
B172;BRIENNO
B218;BRUNATE
B262;BULGAROGRASSO
B313;CABIATE
B346;CADORAGO
B355;CAGLIO
B513;CAMPIONE D'ITALIA
B639;CANTÙ
B641;CANZO
B653;CAPIAGO INTIMIANO
B730;CARATE URIO
B742;CARBONATE
B778;CARIMATE
B785;CARLAZZO
B851;CARUGO
B974;CASLINO D'ERBA
B977;CASNATE CON BERNATE
C020;CASSINA RIZZARDI
C206;CASTELMARTE
C220;CASTELNUOVO BOZZENTE
C381;CAVARGNA
C482;CERANO D'INTELVI
C516;CERMENATE
C520;CERNOBBIO
C724;CIRIMIDO
C787;CLAINO CON OSTENO
C902;COLONNO
C933;COMO
D041;CORRIDO
D147;CREMIA
D196;CUCCIAGO
D232;CUSINO
D310;DIZZASCO
D329;DOMASO
D341;DONGO
D355;DOSSO DEL LIRO
D416;ERBA
D445;EUPILIO
D462;FAGGETO LARIO
D482;FALOPPIO
D531;FENEGRÒ
D579;FIGINO SERENZA
D605;FINO MORNASCO
D930;GARZENO
D974;GERA LARIO
E139;GRANDATE
E141;GRANDOLA ED UNITI
E172;GRIANTE
E235;GUANZATE
E309;INVERIGO
E405;LAGLIO
E416;LAINO
E428;LAMBRUGO
E462;LASNIGO
E569;LEZZENO
E593;LIMIDO COMASCO
E607;LIPOMO
E623;LIVO
E638;LOCATE VARESINO
E659;LOMAZZO
E679;LONGONE AL SEGRINO
E735;LUISAGO
E749;LURAGO D'ERBA
E750;LURAGO MARINONE
E753;LURATE CACCIVIO
E830;MAGREGLIO
E951;MARIANO COMENSE
F017;MASLIANICO
F120;MENAGGIO
F151;MERONE
F305;MOLTRASIO
F372;MONGUZZO
F427;MONTANO LUCINO
F564;MONTEMEZZO
F688;MONTORFANO
F788;MOZZATE
F828;MUSSO
F877;NESSO
F958;NOVEDRATE
G025;OLGIATE COMASCO
G056;OLTRONA DI SAN MAMETTE
G126;ORSENIGO
G415;PEGLIO
G556;PIANELLO DEL LARIO
G665;PIGRA
G737;PLESIO
G773;POGNANA LARIO
G821;PONNA
G847;PONTE LAMBRO
G889;PORLEZZA
H074;PROSERPIO
H094;PUSIANO
H255;REZZAGO
H478;RODERO
H601;ROVELLASCA
H602;ROVELLO PORRO
H679;SALA COMACINA
H760;SAN BARTOLOMEO VAL CAVARGNA
H840;SAN FERMO DELLA BATTAGLIA
I051;SAN NAZZARO VAL CAVARGNA
I529;SCHIGNANO
I611;SENNA COMASCO
I856;SORICO
I860;SORMANO
I943;STAZZONA
L071;TAVERNERIO
L228;TORNO
L413;TREZZONE
L470;TURATE
L547;VALBRONA
L640;VALMOREA
H259;VAL REZZO
C936;VALSOLDA
L715;VELESO
L737;VENIANO
L748;VERCANA
L792;VERTEMATE CON MINOPRIO
L956;VILLA GUARDIA
M156;ZELBIO
I162;SAN SIRO
M315;GRAVEDONA ED UNITI
M335;BELLAGIO
M336;COLVERDE
M341;TREMEZZINA
M383;ALTA VALLE INTELVI
M394;CENTRO VALLE INTELVI
M412;SOLBIATE CON CAGNO
M435;UGGIATE CON RONAGO
A135;ALBAREDO PER SAN MARCO
A172;ALBOSAGGIA
A273;ANDALO VALTELLINO
A337;APRICA
A382;ARDENNO
A777;BEMA
A787;BERBENNO DI VALTELLINA
A848;BIANZONE
B049;BORMIO
B255;BUGLIO IN MONTE
B366;CAIOLO
B530;CAMPODOLCINO
B993;CASPOGGIO
C186;CASTELLO DELL'ACQUA
C325;CASTIONE ANDEVENNO
C418;CEDRASCO
C493;CERCINO
C623;CHIAVENNA
C628;CHIESA IN VALMALENCO
C651;CHIURO
C709;CINO
C785;CIVO
C903;COLORINA
D088;COSIO VALTELLINO
D258;DAZIO
D266;DELEBIO
D377;DUBINO
D456;FAEDO VALTELLINO
D694;FORCOLA
D830;FUSINE
D990;GEROLA ALTA
E090;GORDONA
E200;GROSIO
E201;GROSOTTO
E342;MADESIMO
E443;LANZADA
E621;LIVIGNO
E705;LOVERO
E896;MANTELLO
F070;MAZZO DI VALTELLINA
F115;MELLO
F153;MESE
F393;MONTAGNA IN VALTELLINA
F712;MORBEGNO
F956;NOVATE MEZZOLA
G410;PEDESINA
G572;PIANTEDO
G576;PIATEDA
G718;PIURO
G431;POGGIRIDENTI
G829;PONTE IN VALTELLINA
G937;POSTALESIO
G993;PRATA CAMPORTACCIO
H192;RASURA
H493;ROGOLO
H752;SAMOLACO
H868;SAN GIACOMO FILIPPO
I636;SERNIO
I828;SONDALO
I829;SONDRIO
I928;SPRIANA
L035;TALAMONA
L056;TARTANO
L084;TEGLIO
L175;TIRANO
L244;TORRE DI SANTA MARIA
L316;TOVO DI SANT'AGATA
L330;TRAONA
L392;TRESIVIO
L557;VALDIDENTRO
L563;VALDISOTTO
L576;VALFURVA
L638;VAL MASINO
L749;VERCEIA
L799;VERVIO
L907;VILLA DI CHIAVENNA
L908;VILLA DI TIRANO
A010;ABBIATEGRASSO
A127;ALBAIRATE
A375;ARCONATE
A389;ARESE
A413;ARLUNO
A473;ASSAGO
A652;BAREGGIO
A697;BASIANO
A699;BASIGLIO
A751;BELLINZAGO LOMBARDO
A804;BERNATE TICINO
A820;BESATE
A872;BINASCO
A920;BOFFALORA SOPRA TICINO
A940;BOLLATE
B162;BRESSO
B235;BUBBIANO
B240;BUCCINASCO
B286;BUSCATE
B292;BUSSERO
B301;BUSTO GAROLFO
B448;CALVIGNASCO
B461;CAMBIAGO
B593;CANEGRATE
B820;CARPIANO
B850;CARUGATE
B938;CASARILE
B989;CASOREZZO
C003;CASSANO D'ADDA
C014;CASSINA DE' PECCHI
C033;CASSINETTA DI LUGAGNANO
C052;CASTANO PRIMO
C523;CERNUSCO SUL NAVIGLIO
C536;CERRO AL LAMBRO
C537;CERRO MAGGIORE
C565;CESANO BOSCONE
C569;CESATE
C707;CINISELLO BALSAMO
C733;CISLIANO
C895;COLOGNO MONZESE
C908;COLTURANO
C986;CORBETTA
D013;CORMANO
D018;CORNAREDO
D045;CORSICO
D198;CUGGIONO
D229;CUSAGO
D231;CUSANO MILANINO
D244;DAIRAGO
D367;DRESANO
D845;GAGGIANO
D912;GARBAGNATE MILANESE
D995;GESSATE
E094;GORGONZOLA
E170;GREZZAGO
E258;GUDO VISCONTI
E313;INVERUNO
E317;INZAGO
E395;LACCHIARELLA
E415;LAINATE
E514;LEGNANO
E610;LISCATE
E639;LOCATE DI TRIULZI
E801;MAGENTA
E819;MAGNAGO
E921;MARCALLO CON CASONE
F003;MASATE
F084;MEDIGLIA
F100;MELEGNANO
F119;MELZO
F155;MESERO
F205;MILANO
D033;MORIMONDO
F783;MOTTA VISCONTI
F874;NERVIANO
F939;NOSATE
F955;NOVATE MILANESE
F968;NOVIGLIO
G078;OPERA
G181;OSSONA
G206;OZZERO
G220;PADERNO DUGNANO
G316;PANTIGLIATE
G324;PARABIAGO
G385;PAULLO
C013;PERO
G488;PESCHIERA BORROMEO
G502;PESSANO CON BORNAGO
G634;PIEVE EMANUELE
G686;PIOLTELLO
G772;POGLIANO MILANESE
G955;POZZO D'ADDA
G965;POZZUOLO MARTESANA
H026;PREGNANA MILANESE
H240;RESCALDINA
H264;RHO
H371;ROBECCHETTO CON INDUNO
H373;ROBECCO SUL NAVIGLIO
H470;RODANO
H560;ROSATE
H623;ROZZANO
H803;SAN COLOMBANO AL LAMBRO
H827;SAN DONATO MILANESE
H884;SAN GIORGIO SU LEGNANO
H930;SAN GIULIANO MILANESE
I361;SANTO STEFANO TICINO
I409;SAN VITTORE OLONA
I415;SAN ZENONE AL LAMBRO
I566;SEDRIANO
I577;SEGRATE
I602;SENAGO
I690;SESTO SAN GIOVANNI
I696;SETTALA
I700;SETTIMO MILANESE
I786;SOLARO
L408;TREZZANO ROSA
L409;TREZZANO SUL NAVIGLIO
L411;TREZZO SULL'ADDA
L415;TRIBIANO
L454;TRUCCAZZANO
L471;TURBIGO
L665;VANZAGO
L667;VAPRIO D'ADDA
L773;VERNATE
L883;VIGNATE
M053;VIMODRONE
M091;VITTUONE
M102;VIZZOLO PREDABISSI
M176;ZIBIDO SAN GIACOMO
L928;VILLA CORTESE
L664;VANZAGHELLO
A618;BARANZATE
M424;VERMEZZO CON ZELO
A057;ADRARA SAN MARTINO
A058;ADRARA SAN ROCCO
A129;ALBANO SANT'ALESSANDRO
A163;ALBINO
A214;ALMÈ
A216;ALMENNO SAN BARTOLOMEO
A217;ALMENNO SAN SALVATORE
A246;ALZANO LOMBARDO
A259;AMBIVERE
A304;ANTEGNATE
A365;ARCENE
A383;ARDESIO
A440;ARZAGO D'ADDA
A511;AVERARA
A517;AVIATICO
A528;AZZANO SAN PAOLO
A533;AZZONE
A557;BAGNATICA
A631;BARBATA
A664;BARIANO
A684;BARZANA
A732;BEDULITA
A786;BERBENNO
A794;BERGAMO
A815;BERZO SAN FERMO
A846;BIANZANO
A903;BLELLO
A937;BOLGARE
A950;BOLTIERE
A963;BONATE SOPRA
A962;BONATE SOTTO
B010;BORGO DI TERZO
B083;BOSSICO
B088;BOTTANUCO
B112;BRACCA
B123;BRANZI
B137;BREMBATE
B138;BREMBATE DI SOPRA
B178;BRIGNANO GERA D'ADDA
B217;BRUMANO
B223;BRUSAPORTO
B393;CALCINATE
B395;CALCIO
B434;CALUSCO D'ADDA
B442;CALVENZANO
B471;CAMERATA CORNELLO
B618;CANONICA D'ADDA
B661;CAPIZZONE
B703;CAPRIATE SAN GERVASIO
B710;CAPRINO BERGAMASCO
B731;CARAVAGGIO
B801;CAROBBIO DEGLI ANGELI
B803;CARONA
B854;CARVICO
B947;CASAZZA
B971;CASIRATE D'ADDA
B978;CASNIGO
C007;CASSIGLIO
C079;CASTELLI CALEPIO
C255;CASTEL ROZZONE
C324;CASTIONE DELLA PRESOLANA
C337;CASTRO
C396;CAVERNAGO
C410;CAZZANO SANT'ANDREA
C456;CENATE SOPRA
C457;CENATE SOTTO
C459;CENE
C506;CERETE
C635;CHIGNOLO D'ISOLA
C649;CHIUDUNO
C728;CISANO BERGAMASCO
C730;CISERANO
C759;CIVIDATE AL PIANO
C800;CLUSONE
C835;COLERE
C894;COLOGNO AL SERIO
C910;COLZATE
C937;COMUN NUOVO
D015;CORNA IMAGNA
D066;CORTENUOVA
D110;COSTA DI MEZZATE
D103;COSTA VALLE IMAGNA
D117;COSTA VOLPINO
D126;COVO
D139;CREDARO
D221;CURNO
D233;CUSIO
D245;DALMINE
D352;DOSSENA
D406;ENDINE GAIANO
D411;ENTRATICO
D490;FARA GERA D'ADDA
D491;FARA OLIVANA CON SOLA
D588;FILAGO
D604;FINO DEL MONTE
D606;FIORANO AL SERIO
D672;FONTANELLA
D684;FONTENO
D688;FOPPOLO
D697;FORESTO SPARSO
D727;FORNOVO SAN GIOVANNI
D817;FUIPIANO VALLE IMAGNA
D903;GANDELLINO
D905;GANDINO
D906;GANDOSSO
D943;GAVERINA TERME
D952;GAZZANIGA
E006;GHISALBA
E100;GORLAGO
E103;GORLE
E106;GORNO
E148;GRASSOBBIO
E189;GROMO
E192;GRONE
E219;GRUMELLO DEL MONTE
E353;ISOLA DI FONDRA
E370;ISSO
E422;LALLIO
E509;LEFFE
E524;LENNA
E562;LEVATE
E640;LOCATELLO
E704;LOVERE
E751;LURANO
E770;LUZZANA
E794;MADONE
E901;MAPELLO
E987;MARTINENGO
F186;MEZZOLDO
F243;MISANO DI GERA D'ADDA
F276;MOIO DE' CALVI
F328;MONASTEROLO DEL CASTELLO
F547;MONTELLO
F720;MORENGO
F738;MORNICO AL SERIO
F786;MOZZANICA
F791;MOZZO
F864;NEMBRO
G049;OLMO AL BREMBO
G050;OLTRE IL COLLE
G054;OLTRESSENDA ALTA
G068;ONETA
G075;ONORE
G108;ORIO AL SERIO
G118;ORNICA
G159;OSIO SOPRA
G160;OSIO SOTTO
G233;PAGAZZANO
G249;PALADINA
G259;PALAZZAGO
G295;PALOSCO
G346;PARRE
G350;PARZANICA
G412;PEDRENGO
G418;PEIA
G564;PIANICO
G574;PIARIO
G579;PIAZZA BREMBANA
G583;PIAZZATORRE
G588;PIAZZOLO
G774;POGNANO
F941;PONTE NOSSA
G853;PONTERANICA
G856;PONTE SAN PIETRO
G864;PONTIDA
G867;PONTIROLO NUOVO
G968;PRADALUNGA
H020;PREDORE
H036;PREMOLO
H046;PRESEZZO
H091;PUMENENGO
H176;RANICA
H177;RANZANICO
H331;RIVA DI SOLTO
H492;ROGNO
H509;ROMANO DI LOMBARDIA
H535;RONCOBELLO
H544;RONCOLA
H584;ROTA D'IMAGNA
H615;ROVETTA
H910;SAN GIOVANNI BIANCO
B310;SAN PAOLO D'ARGON
I079;SAN PELLEGRINO TERME
I168;SANTA BRIGIDA
I437;SARNICO
I506;SCANZOROSCIATE
I530;SCHILPARIO
I567;SEDRINA
I597;SELVINO
I628;SERIATE
I629;SERINA
I812;SOLTO COLLINA
I830;SONGAVAZZO
I858;SORISOLE
I869;SOTTO IL MONTE GIOVANNI XXIII
I873;SOVERE
I916;SPINONE AL LAGO
I919;SPIRANO
I951;STEZZANO
I986;STROZZA
I997;SUISIO
L037;TALEGGIO
L073;TAVERNOLA BERGAMASCA
L087;TELGATE
L118;TERNO D'ISOLA
L251;TORRE BOLDONE
L257;TORRE DE' BUSI
L265;TORRE DE' ROVERI
L276;TORRE PALLAVICINA
L388;TRESCORE BALNEARIO
L400;TREVIGLIO
L404;TREVIOLO
C789;UBIALE CLANEZZO
L502;URGNANO
L544;VALBONDIONE
L545;VALBREMBO
L579;VALGOGLIO
L623;VALLEVE
L642;VALNEGRA
L655;VALTORTA
L707;VEDESETA
L752;VERDELLINO
L753;VERDELLO
L795;VERTOVA
L827;VIADANICA
L865;VIGANO SAN MARTINO
L894;VIGOLO
L929;VILLA D'ADDA
A215;VILLA D'ALMÈ
L936;VILLA DI SERIO
L938;VILLA D'OGNA
M045;VILLONGO
M050;VILMINORE DI SCALVE
M144;ZANDOBBIO
M147;ZANICA
M184;ZOGNO
D111;COSTA SERINA
A193;ALGUA
D016;CORNALBA
F085;MEDOLAGO
I813;SOLZA
M333;SANT'OMOBONO TERME
M334;VAL BREMBILLA
A034;ACQUAFREDDA
A060;ADRO
A082;AGNOSINE
A188;ALFIANELLO
A288;ANFO
A293;ANGOLO TERME
A451;ARTOGNE
A529;AZZANO MELLA
A569;BAGNOLO MELLA
A578;BAGOLINO
A630;BARBARIGA
A661;BARGHE
A702;BASSANO BRESCIANO
A729;BEDIZZOLE
A799;BERLINGO
A816;BERZO DEMO
A817;BERZO INFERIORE
A861;BIENNO
A878;BIONE
B035;BORGO SAN GIACOMO
B040;BORGOSATOLLO
B054;BORNO
B091;BOTTICINO
B100;BOVEGNO
B102;BOVEZZO
B120;BRANDICO
B124;BRAONE
B149;BRENO
B157;BRESCIA
B184;BRIONE
B365;CAINO
B394;CALCINATO
B436;CALVAGESE DELLA RIVIERA
B450;CALVISANO
B664;CAPO DI PONTE
B676;CAPOVALLE
B698;CAPRIANO DEL COLLE
B711;CAPRIOLO
B817;CARPENEDOLO
C055;CASTEGNATO
C072;CASTELCOVATI
C208;CASTEL MELLA
C293;CASTENEDOLO
C330;CASTO
C332;CASTREZZATO
C408;CAZZAGO SAN MARTINO
C417;CEDEGOLO
C439;CELLATICA
C549;CERVENO
C585;CETO
C591;CEVO
C618;CHIARI
C685;CIGOLE
C691;CIMBERGO
C760;CIVIDATE CAMUNO
C806;COCCAGLIO
C850;COLLEBEATO
C883;COLLIO
C893;COLOGNE
C925;COMEZZANO-CIZZAGO
C948;CONCESIO
D058;CORTE FRANCA
D064;CORTENO GOLGI
D082;CORZANO
D251;DARFO BOARIO TERME
D270;DELLO
D284;DESENZANO DEL GARDA
D391;EDOLO
D421;ERBUSCO
D434;ESINE
D576;FIESSE
D634;FLERO
D891;GAMBARA
D917;GARDONE RIVIERA
D918;GARDONE VAL TROMPIA
D924;GARGNANO
D940;GAVARDO
D999;GHEDI
E010;GIANICO
E116;GOTTOLENGO
E271;GUSSAGO
E280;IDRO
E297;INCUDINE
E325;IRMA
E333;ISEO
E364;ISORELLA
E497;LAVENONE
E526;LENO
E596;LIMONE SUL GARDA
E652;LODRINO
E654;LOGRATO
M312;LONATO DEL GARDA
E673;LONGHENA
E698;LOSINE
E706;LOZIO
E738;LUMEZZANE
E787;MACLODIO
E800;MAGASA
E841;MAIRANO
E851;MALEGNO
E865;MALONNO
E883;MANERBA DEL GARDA
E884;MANERBIO
E928;MARCHENO
E961;MARMENTINO
E967;MARONE
F063;MAZZANO
F216;MILZANO
F373;MONIGA DEL GARDA
F375;MONNO
F532;MONTE ISOLA
F672;MONTICELLI BRUSATI
F471;MONTICHIARI
F680;MONTIRONE
F806;MURA
F820;MUSCOLINE
F851;NAVE
F884;NIARDO
F989;NUVOLENTO
F990;NUVOLERA
G001;ODOLO
G006;OFFLAGA
G061;OME
G074;ONO SAN PIETRO
G149;ORZINUOVI
G150;ORZIVECCHI
G170;OSPITALETTO
G179;OSSIMO
G213;PADENGHE SUL GARDA
G217;PADERNO FRANCIACORTA
G247;PAISCO LOVENO
G248;PAITONE
G264;PALAZZOLO SULL'OGLIO
G327;PARATICO
G354;PASPARDO
G361;PASSIRANO
G391;PAVONE DEL MELLA
G407;SAN PAOLO
G474;PERTICA ALTA
G475;PERTICA BASSA
G529;PEZZAZE
G546;PIAN CAMUNO
G710;PISOGNE
G779;POLAVENO
G801;POLPENAZZE DEL GARDA
G815;POMPIANO
G818;PONCARALE
G844;PONTE DI LEGNO
G859;PONTEVICO
G869;PONTOGLIO
G959;POZZOLENGO
G977;PRALBOINO
H043;PRESEGLIE
H055;PREVALLE
H078;PROVAGLIO D'ISEO
H077;PROVAGLIO VAL SABBIA
H086;PUEGNAGO DEL GARDA
H140;QUINZANO D'OGLIO
H230;REMEDELLO
H256;REZZATO
H410;ROCCAFRANCA
H477;RODENGO SAIANO
H484;ROÈ VOLCIANO
H525;RONCADELLE
H598;ROVATO
H630;RUDIANO
H650;SABBIO CHIESE
H699;SALE MARASINO
H717;SALÒ
H838;SAN FELICE DEL BENACO
H865;SAN GERVASIO BRESCIANO
I412;SAN ZENO NAVIGLIO
I433;SAREZZO
I476;SAVIORE DELL'ADAMELLO
I588;SELLERO
I607;SENIGA
I631;SERLE
I633;SIRMIONE
I782;SOIANO DEL LAGO
I831;SONICO
L002;SULZANO
C698;TAVERNOLE SUL MELLA
L094;TEMÙ
L169;TIGNALE
L210;TORBOLE CASAGLIA
L312;TOSCOLANO-MADERNO
L339;TRAVAGLIATO
L372;TREMOSINE SUL GARDA
L380;TRENZANO
L406;TREVISO BRESCIANO
L494;URAGO D'OGLIO
L626;VALLIO TERME
L468;VALVESTINO
L777;VEROLANUOVA
L778;VEROLAVECCHIA
L812;VESTONE
L816;VEZZA D'OGLIO
L919;VILLA CARCINA
L923;VILLACHIARA
L995;VILLANUOVA SUL CLISI
M065;VIONE
M070;VISANO
M104;VOBARNO
M188;ZONE
G549;PIANCOGNO
A118;ALAGNA
A171;ALBONESE
A175;ALBUZZANO
A387;ARENA PO
A538;BADIA PAVESE
A550;BAGNARIA
A634;BARBIANELLO
A690;BASCAPÈ
A712;BASTIDA PANCARANA
A718;BATTUDA
A741;BELGIOIOSO
A792;BEREGUARDO
A989;BORGARELLO
B028;BORGO PRIOLO
B030;BORGORATTO MORMOROLO
B038;BORGO SAN SIRO
B051;BORNASCO
B082;BOSNASCO
B117;BRALLO DI PREGOLA
B142;BREME
B159;BRESSANA BOTTARONE
B201;BRONI
B447;CALVIGNANO
B567;CAMPOSPINOSO ALBAREDO
B587;CANDIA LOMELLINA
B613;CANNETO PAVESE
B741;CARBONARA AL TICINO
B929;CASANOVA LONATI
B945;CASATISMA
B954;CASEI GEROLA
B988;CASORATE PRIMO
C038;CASSOLNOVO
C050;CASTANA
C053;CASTEGGIO
C157;CASTELLETTO DI BRANDUZZO
C184;CASTELLO D'AGOGNA
C213;CASTELNOVETTO
C360;CAVA MANARA
C414;CECIMA
C484;CERANOVA
C508;CERETTO LOMELLINA
C509;CERGNAGO
C541;CERTOSA DI PAVIA
C551;CERVESINA
C637;CHIGNOLO PO
C684;CIGOGNOLA
C686;CILAVEGNA
C813;CODEVILLA
C958;CONFIENZA
C979;COPIANO
C982;CORANA
D081;CORVINO SAN QUIRICO
D109;COSTA DE' NOBILI
D127;COZZO
B824;CURA CARPIGNANO
D348;DORNO
D552;FERRERA ERBOGNONE
D594;FILIGHERA
D732;FORTUNAGO
D771;FRASCAROLO
D873;GALLIAVOLA
D892;GAMBARANA
D901;GAMBOLÒ
D925;GARLASCO
D980;GERENZAGO
E062;GIUSSAGO
E072;GODIASCO SALICE TERME
E081;GOLFERENZO
E152;GRAVELLONA LOMELLINA
E195;GROPELLO CAIROLI
E310;INVERNO E MONTELEONE
E437;LANDRIANO
E439;LANGOSCO
E454;LARDIRAGO
E600;LINAROLO
E608;LIRIO
E662;LOMELLO
B387;LUNGAVILLA
E804;MAGHERNO
E934;MARCIGNAGO
E999;MARZANO
F080;MEDE
F122;MENCONICO
F170;MEZZANA BIGLI
F171;MEZZANA RABATTONE
F175;MEZZANINO
F238;MIRADOLO TERME
F417;MONTALTO PAVESE
F440;MONTEBELLO DELLA BATTAGLIA
F449;MONTECALVO VERSIGGIA
F638;MONTESCANO
F644;MONTESEGALE
F670;MONTICELLI PAVESE
F701;MONTÙ BECCARIA
F739;MORNICO LOSANA
F754;MORTARA
F891;NICORVO
G021;OLEVANO DI LOMELLINA
G032;OLIVA GESSI
G194;OTTOBIANO
G275;PALESTRO
G304;PANCARANA
G342;PARONA
G388;PAVIA
G612;PIETRA DE' GIORGI
G635;PIEVE ALBIGNOLA
G639;PIEVE DEL CAIRO
G650;PIEVE PORTO MORONE
G671;PINAROLO PO
G720;PIZZALE
G851;PONTE NIZZA
G895;PORTALBERA
H204;REA
H216;REDAVALLE
H246;RETORBIDO
H336;RIVANAZZANO TERME
H369;ROBBIO
H375;ROBECCO PAVESE
H396;ROCCA DE' GIORGI
H450;ROCCA SUSELLA
H491;ROGNANO
H505;ROMAGNESE
H527;RONCARO
H559;ROSASCO
H614;ROVESCALA
H799;SAN CIPRIANO PO
H814;SAN DAMIANO AL COLLE
H859;SAN GENESIO ED UNITI
H885;SAN GIORGIO DI LOMELLINA
I014;SAN MARTINO SICCOMARIO
I048;SANNAZZARO DE' BURGONDI
I175;SANTA CRISTINA E BISSONE
I203;SANTA GIULETTA
I213;SANT'ALESSIO CON VIALONE
I230;SANTA MARGHERITA DI STAFFORA
I237;SANTA MARIA DELLA VERSA
I276;SANT'ANGELO LOMELLINA
I416;SAN ZENONE AL PO
I447;SARTIRANA LOMELLINA
I487;SCALDASOLE
I599;SEMIANA
I739;SILVANO PIETRA
E265;SIZIANO
I825;SOMMO
I894;SPESSA
I968;STRADELLA
B014;SUARDI
L237;TORRAZZA COSTE
L250;TORRE BERETTI E CASTELLARO
L256;TORRE D'ARESE
L262;TORRE DE' NEGRI
L269;TORRE D'ISOLA
L285;TORREVECCHIA PIA
L292;TORRICELLA VERZATE
I236;TRAVACÒ SICCOMARIO
L440;TRIVOLZIO
L449;TROMELLO
L453;TROVO
L562;VAL DI NIZZA
L568;VALEGGIO
L593;VALLE LOMELLINA
L617;VALLE SALIMBENE
L690;VARZI
L716;VELEZZO LOMELLINA
L720;VELLEZZO BELLINI
L784;VERRETTO
L788;VERRUA PO
L854;VIDIGULFO
L872;VIGEVANO
L917;VILLA BISCOSSI
L983;VILLANOVA D'ARDENGHI
L994;VILLANTERIO
M079;VISTARINO
M109;VOGHERA
M119;VOLPARA
M150;ZAVATTARELLO
M152;ZECCONE
M161;ZEME
M162;ZENEVREDO
M166;ZERBO
M167;ZERBOLÒ
M180;ZINASCO
M338;CORNALE E BASTIDA
M372;CORTEOLONA E GENZONE
M419;COLLI VERDI
A039;ACQUANEGRA CREMONESE
A076;AGNADELLO
A299;ANNICCO
A526;AZZANELLO
A570;BAGNOLO CREMASCO
A972;BONEMERSE
A986;BORDOLANO
B439;CALVATONE
B484;CAMISANO
B498;CAMPAGNOLA CREMASCA
B650;CAPERGNANICA
B679;CAPPELLA CANTONE
B680;CAPPELLA DE' PICENARDI
B686;CAPRALBA
B869;CASALBUTTANO ED UNITI
B881;CASALE CREMASCO-VIDOLASCO
B889;CASALETTO CEREDANO
B890;CASALETTO DI SOPRA
B891;CASALETTO VAPRIO
B898;CASALMAGGIORE
B900;CASALMORANO
C089;CASTELDIDONE
C115;CASTEL GABBIANO
C153;CASTELLEONE
B129;CASTELVERDE
C290;CASTELVISCONTI
C435;CELLA DATI
C634;CHIEVE
C678;CICOGNOLO
C703;CINGIA DE' BOTTI
D056;CORTE DE' CORTESI CON CIGNONE
D057;CORTE DE' FRATI
D141;CREDERA RUBBIANO
D142;CREMA
D150;CREMONA
D151;CREMOSANO
D186;CROTTA D'ADDA
D203;CUMIGNANO SUL NAVIGLIO
D278;DEROVERE
D358;DOVERA
D574;FIESCO
D710;FORMIGARA
D834;GABBIONETA-BINANUOVA
D841;GADESCO-PIEVE DELMONA
D966;GENIVOLTA
D993;GERRE DE' CAPRIOLI
E082;GOMBITO
E193;GRONTARDO
E217;GRUMELLO CREMONESE ED UNITI
E272;GUSSOLA
E356;ISOLA DOVARESE
E380;IZANO
E793;MADIGNANO
E843;MALAGNINO
E983;MARTIGNANA DI PO
F434;MONTE CREMASCO
F681;MONTODINE
F761;MOSCAZZANO
F771;MOTTA BALUFFI
G004;OFFANENGO
G047;OLMENETA
G185;OSTIANO
G222;PADERNO PONCHIELLI
G260;PALAZZO PIGNANO
G306;PANDINO
G469;PERSICO DOSIMO
G483;PESCAROLO ED UNITI
G504;PESSINA CREMONESE
G558;PIANENGO
G603;PIERANICA
G647;PIEVE D'OLMI
G651;PIEVE SAN GIACOMO
G721;PIZZIGHETTONE
B914;POZZAGLIO ED UNITI
H130;QUINTANO
H276;RICENGO
H314;RIPALTA ARPINA
H315;RIPALTA CREMASCA
H316;RIPALTA GUERINA
H341;RIVAROLO DEL RE ED UNITI
H357;RIVOLTA D'ADDA
H372;ROBECCO D'OGLIO
H508;ROMANENGO
H731;SALVIROLA
H767;SAN BASSANO
H815;SAN DANIELE PO
H918;SAN GIOVANNI IN CROCE
I007;SAN MARTINO DEL LAGO
I497;SCANDOLARA RAVARA
I498;SCANDOLARA RIPA D'OGLIO
I627;SERGNANO
I683;SESTO ED UNITI
I790;SOLAROLO RAINERIO
I827;SONCINO
I849;SORESINA
I865;SOSPIRO
I906;SPINADESCO
I909;SPINEDA
I914;SPINO D'ADDA
I935;STAGNO LOMBARDO
L164;TICENGO
L221;TORLINO VIMERCATI
L225;TORNATA
L258;TORRE DE' PICENARDI
L296;TORRICELLA DEL PIZZO
L389;TRESCORE CREMASCO
L426;TRIGOLO
L535;VAIANO CREMASCO
L539;VAILATE
L806;VESCOVATO
M116;VOLONGO
M127;VOLTIDO
M418;PIADENA DRIZZONA
A038;ACQUANEGRA SUL CHIESE
A470;ASOLA
A575;BAGNOLO SAN VITO
B110;BOZZOLO
B612;CANNETO SULL'OGLIO
B901;CASALMORO
B907;CASALOLDO
B911;CASALROMANO
C059;CASTELBELFORTE
C076;CASTEL D'ARIO
C118;CASTEL GOFFREDO
C195;CASTELLUCCHIO
C312;CASTIGLIONE DELLE STIVIERE
C406;CAVRIANA
C502;CERESARA
C930;COMMESSAGGIO
D227;CURTATONE
D351;DOSOLO
D949;GAZOLDO DEGLI IPPOLITI
D959;GAZZUOLO
E078;GOITO
E089;GONZAGA
E261;GUIDIZZOLO
E818;MAGNACAVALLO
E897;MANTOVA
E922;MARCARIA
E949;MARIANA MANTOVANA
E962;MARMIROLO
F086;MEDOLE
F267;MOGLIA
F705;MONZAMBANO
B012;MOTTEGGIANA
G186;OSTIGLIA
G417;PEGOGNAGA
G717;PIUBEGA
G753;POGGIO RUSCO
G816;POMPONESCO
G862;PONTI SUL MINCIO
G917;PORTO MANTOVANO
H129;QUINGENTOLE
H143;QUISTELLO
H218;REDONDESCO
H342;RIVAROLO MANTOVANO
H481;RODIGO
H541;RONCOFERRARO
H604;ROVERBELLA
H652;SABBIONETA
H771;SAN BENEDETTO PO
H870;SAN GIACOMO DELLE SEGNATE
H883;SAN GIORGIO BIGARELLO
H912;SAN GIOVANNI DEL DOSSO
I005;SAN MARTINO DALL'ARGINE
I532;SCHIVENOGLIA
I632;SERMIDE E FELONICA
I662;SERRAVALLE A PO
I801;SOLFERINO
L015;SUSTINENTE
L020;SUZZARA
L826;VIADANA
M044;VILLIMPENTA
M125;VOLTA MANTOVANA
M340;BORGO VIRGILIO
M396;BORGO MANTOVANO
M406;BORGOCARBONARA
A179;ALDINO
A286;ANDRIANO
A306;ANTERIVO
A332;APPIANO SULLA STRADA DEL VINO
A507;AVELENGO
A537;BADIA
A635;BARBIANO
A952;BOLZANO
B116;BRAIES
B145;BRENNERO
B160;BRESSANONE
B203;BRONZOLO
B220;BRUNICO
B364;CAINES
B397;CALDARO SULLA STRADA DEL VINO
B529;CAMPO DI TRENS
B570;CAMPO TURES
C062;CASTELBELLO-CIARDES
C254;CASTELROTTO
A022;CERMES
C625;CHIENES
C652;CHIUSA
B799;CORNEDO ALL'ISARCO
D048;CORTACCIA SULLA STRADA DEL VINO
D075;CORTINA SULLA STRADA DEL VINO
D079;CORVARA IN BADIA
D222;CURON VENOSTA
D311;DOBBIACO
D392;EGNA
D484;FALZES
D571;FIÈ ALLO SCILIAR
D731;FORTEZZA
D821;FUNES
D860;GAIS
D923;GARGAZZONE
E069;GLORENZA
E398;LACES
E412;LAGUNDO
E420;LAION
E421;LAIVES
E434;LANA
E457;LASA
E481;LAUREGNO
E764;LUSON
E829;MAGRÈ SULLA STRADA DEL VINO
E862;MALLES VENOSTA
E938;MAREBBE
E959;MARLENGO
E981;MARTELLO
F118;MELTINA
F132;MERANO
F371;MONGUELFO-TESIDO
F392;MONTAGNA SULLA STRADA DEL VINO
F766;MOSO IN PASSIRIA
F836;NALLES
F849;NATURNO
F856;NAZ-SCIAVES
F949;NOVA LEVANTE
F950;NOVA PONENTE
G083;ORA
G140;ORTISEI
G328;PARCINES
G443;PERCA
G299;PLAUS
G830;PONTE GARDENA
G936;POSTAL
H004;PRATO ALLO STELVIO
H019;PREDOI
H081;PROVES
H152;RACINES
H189;RASUN-ANTERSELVA
H236;RENON
H284;RIFIANO
H299;RIO DI PUSTERIA
H475;RODENGO
H719;SALORNO SULLA STRADA DEL VINO
H786;SAN CANDIDO
H858;SAN GENESIO ATESINO
H952;SAN LEONARDO IN PASSIRIA
H956;SAN LORENZO DI SEBATO
H988;SAN MARTINO IN BADIA
H989;SAN MARTINO IN PASSIRIA
I065;SAN PANCRAZIO
I173;SANTA CRISTINA VALGARDENA
I431;SARENTINO
I519;SCENA
I593;SELVA DEI MOLINI
I591;SELVA DI VAL GARDENA
I604;SENALES
I687;SESTO
I729;SILANDRO
I771;SLUDERNO
I948;STELVIO
L106;TERENTO
L108;TERLANO
L111;TERMENO SULLA STRADA DEL VINO
L149;TESIMO
L176;TIRES
L178;TIROLO
L444;TRODENA NEL PARCO NATURALE
L455;TUBRE
L490;ULTIMO
L527;VADENA
L552;VALDAORA
L564;VAL DI VIZZE
L595;VALLE AURINA
L601;VALLE DI CASIES
L660;VANDOIES
L687;VARNA
L745;VERANO
L915;VILLABASSA
L971;VILLANDRO
M067;VIPITENO
L724;VELTURNO
E491;LA VALLE
I603;SENALE-SAN FELICE
A116;ALA
A158;ALBIANO
A178;ALDENO
A274;ANDALO
A372;ARCO
A520;AVIO
A694;BASELGA DI PINÈ
A730;BEDOLLO
A821;BESENELLO
A863;BIENO
A902;BLEGGIO SUPERIORE
A916;BOCENAGO
A968;BONDONE
B006;BORGO VALSUGANA
B153;BRENTONICO
B158;BRESIMO
B335;CADERZONE TERME
B389;CALCERANICA AL LAGO
B400;CALDES
B404;CALDONAZZO
B419;CALLIANO
B514;CAMPITELLO DI FASSA
B525;CAMPODENNO
B577;CANAL SAN BOVO
B579;CANAZEI
B697;CAPRIANA
B783;CARISOLO
B856;CARZANO
C183;CASTEL CONDINO
C189;CASTELLO-MOLINA DI FIEMME
C194;CASTELLO TESINO
C216;CASTELNUOVO
C372;CAVALESE
C380;CAVARENO
C392;CAVEDAGO
C393;CAVEDINE
C400;CAVIZZANA
C700;CIMONE
C712;CINTE TESINO
C727;CIS
C756;CIVEZZANO
C794;CLES
C931;COMMEZZADURA
D188;CROVIANA
D246;DAMBEL
D273;DENNO
D365;DRENA
D371;DRO
D468;FAI DELLA PAGANELLA
D565;FIAVÈ
D573;FIEROZZO
D651;FOLGARIA
D714;FORNACE
D775;FRASSILONGO
D928;GARNIGA TERME
E048;GIOVO
E065;GIUSTINO
E178;GRIGNO
E288;IMER
E334;ISERA
E492;LAVARONE
E500;LAVIS
E565;LEVICO TERME
E624;LIVO
E664;LONA-LASES
E757;LUSERNA
E850;MALÉ
F045;MASSIMENO
F068;MAZZIN
F168;MEZZANA
F176;MEZZANO
F183;MEZZOCORONA
F187;MEZZOLOMBARDO
F263;MOENA
F307;MOLVENO
F728;MORI
F835;NAGO-TORBOLE
F920;NOGAREDO
F929;NOMI
F947;NOVALEDO
G168;OSPEDALETTO
G173;OSSANA
G296;PALÙ DEL FERSINA
G305;PANCHIÀ
M303;RONZO-CHIENIS
G419;PEIO
G428;PELLIZZANO
G429;PELUGO
G452;PERGINE VALSUGANA
G656;PIEVE TESINO
G681;PINZOLO
G808;POMAROLO
H018;PREDAZZO
H146;RABBI
H330;RIVA DEL GARDA
H517;ROMENO
H528;RONCEGNO TERME
H532;RONCHI VALSUGANA
H552;RONZONE
H607;ROVERÈ DELLA LUNA
H612;ROVERETO
H634;RUFFRÈ-MENDOLA
H639;RUMO
H666;SAGRON MIS
H754;SAMONE
I042;SAN MICHELE ALL'ADIGE
I354;SANT'ORSOLA TERME
I411;SANZENO
I439;SARNONICO
I554;SCURELLE
I576;SEGONZANO
I714;SFRUZ
I839;SORAGA DI FASSA
I871;SOVER
I899;SPIAZZO
I924;SPORMAGGIORE
I925;SPORMINORE
I949;STENICO
I964;STORO
I975;STREMBO
L089;TELVE
L090;TELVE DI SOPRA
L096;TENNA
L097;TENNO
L121;TERRAGNOLO
L145;TERZOLAS
L147;TESERO
L174;TIONE DI TRENTO
L200;TON
L211;TORCEGNO
L322;TRAMBILENO
L378;TRENTO
L575;VALFLORIANA
L588;VALLARSA
L769;VERMIGLIO
L886;VIGNOLA-FALESINA
L957;VILLA LAGARINA
M113;VOLANO
M173;ZIANO DI FIEMME
M314;COMANO TERME
M313;LEDRO
M344;PREDAIA
M345;SAN LORENZO DORSINO
M343;VALDAONE
M366;DIMARO FOLGARIDA
M365;PIEVE DI BONO-PREZZO
M349;ALTAVALLE
M350;ALTOPIANO DELLA VIGOLANA
M351;AMBLAR-DON
M352;BORGO CHIESE
M353;BORGO LARES
M354;CASTEL IVANO
M355;CEMBRA LISIGNAGO
M356;CONTÀ
M357;MADRUZZO
M358;PORTE DI RENDENA
M359;PRIMIERO SAN MARTINO DI CASTROZZA
M360;SELLA GIUDICARIE
M361;TRE VILLE
M362;VALLELAGHI
M363;VILLE D'ANAUNIA
M390;SAN GIOVANNI DI FASSA
M407;TERRE D'ADIGE
M429;BORGO D'ANAUNIA
M430;NOVELLA
M431;VILLE DI FIEMME
A061;AFFI
A137;ALBAREDO D'ADIGE
A292;ANGIARI
A374;ARCOLE
A540;BADIA CALAVENA
A650;BARDOLINO
A737;BELFIORE
A837;BEVILACQUA
A964;BONAVIGO
B070;BOSCHI SANT'ANNA
B073;BOSCO CHIESANUOVA
B107;BOVOLONE
B152;BRENTINO BELLUNO
B154;BRENZONE SUL GARDA
B296;BUSSOLENGO
B304;BUTTAPIETRA
B402;CALDIERO
B709;CAPRINO VERONESE
B886;CASALEONE
C041;CASTAGNARO
C078;CASTEL D'AZZANO
C225;CASTELNUOVO DEL GARDA
C370;CAVAION VERONESE
C412;CAZZANO DI TRAMIGNA
C498;CEREA
C538;CERRO VERONESE
C890;COLOGNA VENETA
C897;COLOGNOLA AI COLLI
C943;CONCAMARISE
D118;COSTERMANO SUL GARDA
D317;DOLCÈ
D419;ERBÈ
D420;ERBEZZO
D549;FERRARA DI MONTE BALDO
D818;FUMANE
D915;GARDA
D957;GAZZO VERONESE
E171;GREZZANA
E284;ILLASI
E349;ISOLA DELLA SCALA
E358;ISOLA RIZZA
E489;LAVAGNO
E502;LAZISE
E512;LEGNAGO
E848;MALCESINE
E911;MARANO DI VALPOLICELLA
F172;MEZZANE DI SOTTO
F218;MINERBE
F461;MONTECCHIA DI CROSARA
F508;MONTEFORTE D'ALPONE
F789;MOZZECANE
F861;NEGRAR DI VALPOLICELLA
F918;NOGARA
F921;NOGAROLE ROCCA
G080;OPPEANO
G297;PALÙ
G365;PASTRENGO
G481;PESCANTINA
G489;PESCHIERA DEL GARDA
G945;POVEGLIANO VERONESE
H048;PRESSANA
H356;RIVOLI VERONESE
H522;RONCÀ
H540;RONCO ALL'ADIGE
H606;ROVERCHIARA
H610;ROVEREDO DI GUÀ
H608;ROVERÈ VERONESE
H714;SALIZZOLE
H783;SAN BONIFACIO
H916;SAN GIOVANNI ILARIONE
H924;SAN GIOVANNI LUPATOTO
H944;SANGUINETTO
I003;SAN MARTINO BUON ALBERGO
H712;SAN MAURO DI SALINE
I105;SAN PIETRO DI MORUBIO
I109;SAN PIETRO IN CARIANO
I259;SANT'AMBROGIO DI VALPOLICELLA
I292;SANT'ANNA D'ALFAEDO
I414;SAN ZENO DI MONTAGNA
I594;SELVA DI PROGNO
I775;SOAVE
I821;SOMMACAMPAGNA
I826;SONA
I850;SORGÀ
L136;TERRAZZO
L287;TORRI DEL BENACO
L364;TREGNAGO
L396;TREVENZUOLO
L567;VALEGGIO SUL MINCIO
L722;VELO VERONESE
L781;VERONA
D193;VERONELLA
L810;VESTENANOVA
L869;VIGASIO
L912;VILLA BARTOLOMEA
L949;VILLAFRANCA DI VERONA
M172;ZEVIO
M178;ZIMELLA
A093;AGUGLIARO
A154;ALBETTONE
A220;ALONTE
A231;ALTAVILLA VICENTINA
A236;ALTISSIMO
A377;ARCUGNANO
A444;ARSIERO
A459;ARZIGNANO
A465;ASIAGO
A467;ASIGLIANO VENETO
A703;BASSANO DEL GRAPPA
A954;BOLZANO VICENTINO
B132;BREGANZE
B143;BRENDOLA
B161;BRESSANVIDO
B196;BROGLIANO
B403;CALDOGNO
B433;CALTRANO
B441;CALVENE
B485;CAMISANO VICENTINO
B511;CAMPIGLIA DEI BERICI
B835;CARRÈ
B844;CARTIGLIANO
C037;CASSOLA
C056;CASTEGNERO
C119;CASTELGOMBERTO
C605;CHIAMPO
C650;CHIUPPANO
C824;COGOLLO DEL CENGIO
D020;CORNEDO VICENTINO
D107;COSTABISSARA
D136;CREAZZO
D156;CRESPADORO
D379;DUEVILLE
D407;ENEGO
D496;FARA VICENTINO
D750;FOZA
D882;GALLIO
D897;GAMBELLARA
E184;GRISIGNANO DI ZOCCO
E226;GRUMOLO DELLE ABBADESSE
E354;ISOLA VICENTINA
E403;LAGHI
E465;LASTEBASSE
E671;LONGARE
E682;LONIGO
E731;LUGO DI VICENZA
E864;MALO
E912;MARANO VICENTINO
E970;MAROSTICA
F442;MONTEBELLO VICENTINO
F464;MONTECCHIO MAGGIORE
F465;MONTECCHIO PRECALCINO
F486;MONTE DI MALO
F514;MONTEGALDA
F515;MONTEGALDELLA
F662;MONTEVIALE
F675;MONTICELLO CONTE OTTO
F696;MONTORSO VICENTINO
F829;MUSSOLENTE
F838;NANTO
F922;NOGAROLE VICENTINO
F957;NOVE
F964;NOVENTA VICENTINA
G095;ORGIANO
G406;PEDEMONTE
G560;PIANEZZE
G694;PIOVENE ROCCHETTE
G776;POJANA MAGGIORE
G931;POSINA
G943;POVE DEL GRAPPA
G957;POZZOLEONE
H134;QUINTO VICENTINO
H214;RECOARO TERME
H361;ROANA
H512;ROMANO D'EZZELINO
H556;ROSÀ
H580;ROSSANO VENETO
H594;ROTZO
F810;SALCEDO
H829;SANDRIGO
I117;SAN PIETRO MUSSOLINO
I353;SANTORSO
I401;SAN VITO DI LEGUZZANO
I425;SARCEDO
I430;SAREGO
I527;SCHIAVON
I531;SCHIO
I783;SOLAGNA
I867;SOSSANO
L156;TEZZE SUL BRENTA
L157;THIENE
D717;TONEZZA DEL CIMONE
L248;TORREBELVICINO
L297;TORRI DI QUARTESOLO
L433;TRISSINO
L551;VALDAGNO
L554;VALDASTICO
L624;VALLI DEL PASUBIO
L723;VELO D'ASTICO
L840;VICENZA
L952;VILLAGA
M032;VILLAVERLA
M145;ZANÈ
M170;ZERMEGHEDO
M194;ZOVENCEDO
M199;ZUGLIANO
M384;VAL LIONA
M401;BARBARANO MOSSANO
M423;VALBRENTA
M426;COLCERESA
M427;LUSIANA CONCO
M436;SOVIZZO
A083;AGORDO
A206;ALLEGHE
A443;ARSIÈ
A501;AURONZO DI CADORE
A757;BELLUNO
A982;BORCA DI CADORE
B375;CALALZO DI CADORE
C458;CENCENIGHE AGORDINO
C577;CESIOMAGGIORE
C630;CHIES D'ALPAGO
C672;CIBIANA DI CADORE
C872;COLLE SANTA LUCIA
C920;COMELICO SUPERIORE
A266;CORTINA D'AMPEZZO
D247;DANTA DI CADORE
D330;DOMEGGE DI CADORE
D470;FALCADE
D530;FELTRE
D686;FONZASO
B574;CANALE D'AGORDO
E113;GOSALDO
E429;LAMON
E490;LA VALLE AGORDINA
E588;LIMANA
E622;LIVINALLONGO DEL COL DI LANA
E687;LORENZAGO DI CADORE
E708;LOZZO DI CADORE
G169;OSPITALE DI CADORE
G404;PEDAVENA
G442;PERAROLO DI CADORE
G642;PIEVE DI CADORE
B662;PONTE NELLE ALPI
H327;RIVAMONTE AGORDINO
H379;ROCCA PIETORE
H938;SAN GREGORIO NELLE ALPI
I063;SAN NICOLÒ DI COMELICO
I088;SAN PIETRO DI CADORE
I206;SANTA GIUSTINA
I347;SAN TOMASO AGORDINO
C919;SANTO STEFANO DI CADORE
I392;SAN VITO DI CADORE
I563;SEDICO
I592;SELVA DI CADORE
I626;SEREN DEL GRAPPA
I866;SOSPIROLO
I876;SOVERZENE
I673;SOVRAMONTE
L030;TAIBON AGORDINO
L040;TAMBRE
L584;VALLADA AGORDINA
L590;VALLE DI CADORE
L890;VIGO DI CADORE
M108;VODO CADORE
M124;VOLTAGO AGORDINO
M189;ZOPPÈ DI CADORE
M342;LONGARONE
M375;ALPAGO
M374;VAL DI ZOLDO
M421;BORGO VALBELLUNA
M437;SETTEVILLE
A237;ALTIVOLE
A360;ARCADE
A471;ASOLO
B061;BORSO DEL GRAPPA
B128;BREDA DI PIAVE
B349;CAERANO DI SAN MARCO
B678;CAPPELLA MAGGIORE
B744;CARBONERA
B879;CASALE SUL SILE
B965;CASIER
C073;CASTELCUCCO
C111;CASTELFRANCO VENETO
C190;CASTELLO DI GODEGO
C384;CAVASO DEL TOMBA
C580;CESSALTO
C614;CHIARANO
C689;CIMADOLMO
C735;CISON DI VALMARINO
C815;CODOGNÈ
C848;COLLE UMBERTO
C957;CONEGLIANO
C992;CORDIGNANO
D030;CORNUDA
C670;CROCETTA DEL MONTELLO
D505;FARRA DI SOLIGO
D654;FOLLINA
D674;FONTANELLE
D680;FONTE
D794;FREGONA
D854;GAIARINE
E021;GIAVERA DEL MONTELLO
E071;GODEGA DI SANT'URBANO
E092;GORGO AL MONTICANO
E373;ISTRANA
E692;LORIA
E893;MANSUÈ
E940;MARENO DI PIAVE
F009;MASER
F012;MASERADA SUL PIAVE
F088;MEDUNA DI LIVENZA
F190;MIANE
F269;MOGLIANO VENETO
F332;MONASTIER DI TREVISO
F360;MONFUMO
F443;MONTEBELLUNA
F725;MORGANO
F729;MORIAGO DELLA BATTAGLIA
F770;MOTTA DI LIVENZA
F872;NERVESA DELLA BATTAGLIA
F999;ODERZO
G115;ORMELLE
G123;ORSAGO
G229;PAESE
G408;PEDEROBBA
G645;PIEVE DI SOLIGO
G846;PONTE DI PIAVE
G875;PONZANO VENETO
G909;PORTOBUFFOLÈ
G933;POSSAGNO
G944;POVEGLIANO
H022;PREGANZIOL
H131;QUINTO DI TREVISO
H220;REFRONTOLO
H238;RESANA
H253;REVINE LAGO
H280;RIESE PIO X
H523;RONCADE
H706;SALGAREDA
H781;SAN BIAGIO DI CALLALTA
H843;SAN FIOR
I103;SAN PIETRO DI FELETTO
I124;SAN POLO DI PIAVE
I221;SANTA LUCIA DI PIAVE
I382;SAN VENDEMIANO
I417;SAN ZENONE DEGLI EZZELINI
I435;SARMEDE
I578;SEGUSINO
I635;SERNAGLIA DELLA BATTAGLIA
F116;SILEA
I927;SPRESIANO
L014;SUSEGANA
L058;TARZO
L402;TREVIGNANO
L407;TREVISO
L565;VALDOBBIADENE
L700;VAZZOLA
L706;VEDELAGO
L856;VIDOR
M048;VILLORBA
M089;VITTORIO VENETO
M118;VOLPAGO DEL MONTELLO
M163;ZENSON DI PIAVE
M171;ZERO BRANCO
M422;PIEVE DEL GRAPPA
A302;ANNONE VENETO
B493;CAMPAGNA LUPIA
B546;CAMPOLONGO MAGGIORE
B554;CAMPONOGARA
B642;CAORLE
C383;CAVARZERE
C422;CEGGIA
C638;CHIOGGIA
C714;CINTO CAOMAGGIORE
C938;CONA
C950;CONCORDIA SAGITTARIA
D325;DOLO
D415;ERACLEA
D578;FIESSO D'ARTICO
D740;FOSSALTA DI PIAVE
D741;FOSSALTA DI PORTOGRUARO
D748;FOSSÒ
E215;GRUARO
C388;JESOLO
E936;MARCON
E980;MARTELLAGO
F130;MEOLO
F229;MIRA
F241;MIRANO
F826;MUSILE DI PIAVE
F904;NOALE
F963;NOVENTA DI PIAVE
G565;PIANIGA
G914;PORTOGRUARO
G981;PRAMAGGIORE
H117;QUARTO D'ALTINO
H735;SALZANO
H823;SAN DONÀ DI PIAVE
I040;SAN MICHELE AL TAGLIAMENTO
I242;SANTA MARIA DI SALA
I373;SAN STINO DI LIVENZA
I551;SCORZÈ
I908;SPINEA
I965;STRA
L085;TEGLIO VENETO
L267;TORRE DI MOSTO
L736;VENEZIA
L899;VIGONOVO
M308;CAVALLINO-TREPORTI
A001;ABANO TERME
A075;AGNA
A161;ALBIGNASEGO
A296;ANGUILLARA VENETA
A434;ARQUÀ PETRARCA
A438;ARRE
A458;ARZERGRANDE
A568;BAGNOLI DI SOPRA
A613;BAONE
A637;BARBONA
A714;BATTAGLIA TERME
A906;BOARA PISANI
B031;BORGORICCO
B106;BOVOLENTA
B213;BRUGINE
B345;CADONEGHE
B524;CAMPODARSEGO
B531;CAMPODORO
B563;CAMPOSAMPIERO
B564;CAMPO SAN MARTINO
B589;CANDIANA
B795;CARMIGNANO DI BRENTA
B848;CARTURA
B877;CASALE DI SCODOSIA
B912;CASALSERUGO
C057;CASTELBALDO
C544;CERVARESE SANTA CROCE
C713;CINTO EUGANEO
C743;CITTADELLA
C812;CODEVIGO
C964;CONSELVE
D040;CORREZZOLA
D226;CURTAROLO
D442;ESTE
D679;FONTANIVA
D879;GALLIERA VENETA
D889;GALZIGNANO TERME
D956;GAZZO
E145;GRANTORTO
E146;GRANZE
E515;LEGNARO
E592;LIMENA
E684;LOREGGIA
E709;LOZZO ATESTINO
F011;MASERÀ DI PADOVA
F013;MASI
F033;MASSANZAGO
F092;MEGLIADINO SAN VITALE
F148;MERLARA
F161;MESTRINO
F382;MONSELICE
F394;MONTAGNANA
F529;MONTEGROTTO TERME
F962;NOVENTA PADOVANA
G167;OSPEDALETTO EUGANEO
G224;PADOVA
G461;PERNUMIA
G534;PIACENZA D'ADIGE
G587;PIAZZOLA SUL BRENTA
G688;PIOMBINO DESE
G693;PIOVE DI SACCO
G802;POLVERARA
G823;PONSO
G850;PONTELONGO
G855;PONTE SAN NICOLÒ
G963;POZZONOVO
H622;ROVOLON
H625;RUBANO
H655;SACCOLONGO
H893;SAN GIORGIO DELLE PERTICHE
H897;SAN GIORGIO IN BOSCO
I008;SAN MARTINO DI LUPARI
I107;SAN PIETRO IN GU
I120;SAN PIETRO VIMINARIO
I207;SANTA GIUSTINA IN COLLE
I275;SANT'ANGELO DI PIOVE DI SACCO
I319;SANT'ELENA
I375;SANT'URBANO
I418;SAONARA
I595;SELVAZZANO DENTRO
I799;SOLESINO
I938;STANGHELLA
L100;TEOLO
L132;TERRASSA PADOVANA
L199;TOMBOLO
L270;TORREGLIA
L349;TREBASELEGHE
L414;TRIBANO
L497;URBANA
L710;VEGGIANO
L805;VESCOVANA
L892;VIGODARZERE
L900;VIGONZA
L934;VILLA DEL CONTE
L937;VILLA ESTENSE
L947;VILLAFRANCA PADOVANA
L979;VILLANOVA DI CAMPOSAMPIERO
M103;VO'
M300;DUE CARRARE
M402;BORGO VENETO
M438;SANTA CATERINA D'ESTE
A059;ADRIA
A400;ARIANO NEL POLESINE
A435;ARQUÀ POLESINE
A539;BADIA POLESINE
A574;BAGNOLO DI PO
A795;BERGANTINO
B069;BOSARO
B432;CALTO
B578;CANARO
B582;CANDA
C122;CASTELGUGLIELMO
C207;CASTELMASSA
C215;CASTELNOVO BARIANO
C461;CENESELLI
C500;CEREGNANO
C987;CORBOLA
D105;COSTA DI ROVIGO
D161;CRESPINO
D568;FICAROLO
D577;FIESSO UMBERTIANO
D776;FRASSINELLE POLESINE
D788;FRATTA POLESINE
D855;GAIBA
D942;GAVELLO
E008;GIACCIANO CON BARUCHELLA
E240;GUARDA VENETA
E522;LENDINARA
E689;LOREO
E761;LUSIA
F095;MELARA
F994;OCCHIOBELLO
G323;PAPOZZE
G525;PETTORAZZA GRIMANI
G673;PINCARA
G782;POLESELLA
G836;PONTECCHIO POLESINE
G923;PORTO TOLLE
H573;ROSOLINA
H620;ROVIGO
H689;SALARA
H768;SAN BELLINO
H996;SAN MARTINO DI VENEZZE
I953;STIENTA
L026;TAGLIO DI PO
L359;TRECENTA
L939;VILLADOSE
L967;VILLAMARZANA
L985;VILLANOVA DEL GHEBBO
L988;VILLANOVA MARCHESANA
G926;PORTO VIRO
A103;AIELLO DEL FRIULI
A254;AMARO
A267;AMPEZZO
A346;AQUILEIA
A447;ARTA TERME
A448;ARTEGNA
A491;ATTIMIS
A553;BAGNARIA ARSA
A700;BASILIANO
A810;BERTIOLO
A855;BICINICCO
A983;BORDANO
B259;BUJA
B309;BUTTRIO
B483;CAMINO AL TAGLIAMENTO
B536;CAMPOFORMIDO
B788;CARLINO
B994;CASSACCO
C327;CASTIONS DI STRADA
C389;CAVAZZO CARNICO
C494;CERCIVENTO
C556;CERVIGNANO DEL FRIULI
C641;CHIOPRIS-VISCONE
C656;CHIUSAFORTE
C758;CIVIDALE DEL FRIULI
C817;CODROIPO
C885;COLLOREDO DI MONTE ALBANO
C918;COMEGLIANS
D027;CORNO DI ROSAZZO
D085;COSEANO
D300;DIGNANO
D316;DOGNA
D366;DRENCHIA
D408;ENEMONZO
D455;FAEDIS
D461;FAGAGNA
D630;FLAIBANO
D718;FORNI AVOLTRI
D719;FORNI DI SOPRA
D720;FORNI DI SOTTO
D962;GEMONA DEL FRIULI
E083;GONARS
E179;GRIMACCO
E473;LATISANA
E476;LAUCO
E553;LESTIZZA
E584;LIGNANO SABBIADORO
E760;LUSEVERA
E820;MAGNANO IN RIVIERA
E833;MAJANO
E847;MALBORGHETTO VALBRUNA
E899;MANZANO
E910;MARANO LAGUNARE
E982;MARTIGNACCO
F144;MERETO DI TOMBA
F266;MOGGIO UDINESE
F275;MOIMACCO
F574;MONTENARS
F756;MORTEGLIANO
F760;MORUZZO
F832;MUZZANA DEL TURGNANO
F898;NIMIS
G163;OSOPPO
G198;OVARO
G238;PAGNACCO
G268;PALAZZOLO DELLO STELLA
G284;PALMANOVA
G300;PALUZZA
G352;PASIAN DI PRATO
G381;PAULARO
G389;PAVIA DI UDINE
G743;POCENIA
G831;PONTEBBA
G891;PORPETTO
G949;POVOLETTO
G966;POZZUOLO DEL FRIULI
G969;PRADAMANO
H002;PRATO CARNICO
H014;PRECENICCO
H029;PREMARIACCO
H038;PREONE
H040;PREPOTTO
H089;PULFERO
H161;RAGOGNA
H196;RAVASCLETTO
H200;RAVEO
H206;REANA DEL ROJALE
H229;REMANZACCO
H242;RESIA
H244;RESIUTTA
H289;RIGOLATO
H347;RIVE D'ARCANO
H533;RONCHIS
H629;RUDA
H816;SAN DANIELE DEL FRIULI
H895;SAN GIORGIO DI NOGARO
H906;SAN GIOVANNI AL NATISONE
H951;SAN LEONARDO
I092;SAN PIETRO AL NATISONE
I248;SANTA MARIA LA LONGA
I404;SAN VITO AL TORRE
I405;SAN VITO DI FAGAGNA
I464;SAURIS
I478;SAVOGNA
I562;SEDEGLIANO
I777;SOCCHIEVE
I974;STREGNA
L018;SUTRIO
G736;TAIPANA
L039;TALMASSONS
L050;TARCENTO
L057;TARVISIO
L065;TAVAGNACCO
L144;TERZO D'AQUILEIA
L195;TOLMEZZO
L246;TORREANO
L309;TORVISCOSA
L335;TRASAGHIS
L382;TREPPO GRANDE
L421;TRICESIMO
L438;TRIVIGNANO UDINESE
L483;UDINE
L686;VARMO
L743;VENZONE
L801;VERZEGNIS
L909;VILLA SANTINA
M073;VISCO
M200;ZUGLIO
D700;FORGARIA NEL FRIULI
M311;CAMPOLONGO TAPOGLIANO
M317;RIVIGNANO TEOR
I421;SAPPADA
M400;FIUMICELLO VILLA VICENTINA
M399;TREPPO LIGOSULLO
B712;CAPRIVA DEL FRIULI
D014;CORMONS
D312;DOBERDÒ DEL LAGO
D321;DOLEGNA DEL COLLIO
D504;FARRA D'ISONZO
D645;FOGLIANO REDIPUGLIA
E098;GORIZIA
E124;GRADISCA D'ISONZO
E125;GRADO
E952;MARIANO DEL FRIULI
F081;MEDEA
F356;MONFALCONE
F710;MORARO
F767;MOSSA
H514;ROMANS D'ISONZO
H531;RONCHI DEI LEGIONARI
H665;SAGRADO
H787;SAN CANZIAN D'ISONZO
H845;SAN FLORIANO DEL COLLIO
H964;SAN LORENZO ISONTINO
I082;SAN PIER D'ISONZO
I479;SAVOGNA D'ISONZO
I939;STARANZANO
L474;TURRIACO
M043;VILLESSE
D383;DUINO AURISINA
F378;MONRUPINO
F795;MUGGIA
D324;SAN DORLIGO DELLA VALLE
I715;SGONICO
L424;TRIESTE
A067;AGAZZANO
A223;ALSENO
A823;BESENZONE
A831;BETTOLA
A909;BOBBIO
B025;BORGONOVO VAL TIDONE
B332;CADEO
B405;CALENDASCO
B643;CAORSO
B812;CARPANETO PIACENTINO
C145;CASTELL'ARQUATO
C261;CASTEL SAN GIOVANNI
C288;CASTELVETRO PIACENTINO
C513;CERIGNALE
C838;COLI
D054;CORTE BRUGNATELLA
D061;CORTEMAGGIORE
D502;FARINI
D555;FERRIERE
D611;FIORENZUOLA D'ARDA
D958;GAZZOLA
E114;GOSSOLENGO
E132;GRAGNANO TREBBIENSE
E196;GROPPARELLO
E726;LUGAGNANO VAL D'ARDA
F671;MONTICELLI D'ONGINA
F724;MORFASSO
G195;OTTONE
G535;PIACENZA
G557;PIANELLO VAL TIDONE
G696;PIOZZANO
G747;PODENZANO
G842;PONTE DELL'OLIO
G852;PONTENURE
H350;RIVERGARO
H593;ROTTOFRENO
H887;SAN GIORGIO PIACENTINO
G788;SAN PIETRO IN CERRO
I434;SARMATO
L348;TRAVO
L772;VERNASCA
L897;VIGOLZONE
L980;VILLANOVA SULL'ARDA
M165;ZERBA
L848;ZIANO PIACENTINO
M386;ALTA VAL TIDONE
A138;ALBARETO
A646;BARDI
A731;BEDONIA
A788;BERCETO
A987;BORE
B042;BORGO VAL DI TARO
B293;BUSSETO
B408;CALESTANO
C852;COLLECCHIO
C904;COLORNO
C934;COMPIANO
D026;CORNIGLIO
D526;FELINO
B034;FIDENZA
D673;FONTANELLATO
D685;FONTEVIVO
D728;FORNOVO DI TARO
E438;LANGHIRANO
E547;LESIGNANO DE' BAGNI
F082;MEDESANO
F340;MONCHIO DELLE CORTI
F473;MONTECHIARUGOLO
F882;NEVIANO DEGLI ARDUINI
F914;NOCETO
G255;PALANZANO
G337;PARMA
G424;PELLEGRINO PARMENSE
H384;ROCCABIANCA
H682;SALA BAGANZA
H720;SALSOMAGGIORE TERME
I153;SAN SECONDO PARMENSE
I803;SOLIGNANO
I840;SORAGNA
E548;TERENZO
L183;TIZZANO VAL PARMA
L229;TORNOLO
L299;TORRILE
L346;TRAVERSETOLO
L641;VALMOZZOLA
L672;VARANO DE' MELEGARI
L689;VARSI
M325;SISSA TRECASALI
M367;POLESINE ZIBELLO
M411;SORBOLO MEZZANI
A162;ALBINEA
A573;BAGNOLO IN PIANO
A586;BAISO
A850;BIBBIANO
A988;BORETTO
B156;BRESCELLO
B328;CADELBOSCO DI SOPRA
B499;CAMPAGNOLA EMILIA
B502;CAMPEGINE
B825;CARPINETI
B893;CASALGRANDE
B967;CASINA
C141;CASTELLARANO
C218;CASTELNOVO DI SOTTO
C219;CASTELNOVO NE' MONTI
C405;CAVRIAGO
C669;CANOSSA
D037;CORREGGIO
D450;FABBRICO
D934;GATTATICO
E232;GUALTIERI
E253;GUASTALLA
E772;LUZZARA
F463;MONTECCHIO EMILIA
F960;NOVELLARA
G947;POVIGLIO
H122;QUATTRO CASTELLA
H225;REGGIOLO
H223;REGGIO NELL'EMILIA
H298;RIO SALICETO
H500;ROLO
H628;RUBIERA
I011;SAN MARTINO IN RIO
I123;SAN POLO D'ENZA
I342;SANT'ILARIO D'ENZA
I496;SCANDIANO
L184;TOANO
L815;VETTO
L820;VEZZANO SUL CROSTOLO
L831;VIANO
L969;VILLA MINOZZO
M364;VENTASSO
A713;BASTIGLIA
A959;BOMPORTO
B539;CAMPOGALLIANO
B566;CAMPOSANTO
B819;CARPI
C107;CASTELFRANCO EMILIA
C242;CASTELNUOVO RANGONE
C287;CASTELVETRO DI MODENA
C398;CAVEZZO
C951;CONCORDIA SULLA SECCHIA
D486;FANANO
D599;FINALE EMILIA
D607;FIORANO MODENESE
D617;FIUMALBO
D711;FORMIGINE
D783;FRASSINORO
E264;GUIGLIA
E426;LAMA MOCOGNO
E904;MARANELLO
E905;MARANO SUL PANARO
F087;MEDOLLA
F240;MIRANDOLA
F257;MODENA
F484;MONTECRETO
F503;MONTEFIORINO
F642;MONTESE
F930;NONANTOLA
F966;NOVI DI MODENA
G250;PALAGANO
G393;PAVULLO NEL FRIGNANO
G649;PIEVEPELAGO
G789;POLINAGO
H061;PRIGNANO SULLA SECCHIA
H195;RAVARINO
H303;RIOLUNATO
H794;SAN CESARIO SUL PANARO
H835;SAN FELICE SUL PANARO
I128;SAN POSSIDONIO
I133;SAN PROSPERO
I462;SASSUOLO
I473;SAVIGNANO SUL PANARO
F357;SERRAMAZZONI
I689;SESTOLA
I802;SOLIERA
I903;SPILAMBERTO
L885;VIGNOLA
M183;ZOCCA
A324;ANZOLA DELL'EMILIA
A392;ARGELATO
A665;BARICELLA
A785;BENTIVOGLIO
A944;BOLOGNA
B044;BORGO TOSSIGNANO
B249;BUDRIO
B399;CALDERARA DI RENO
B572;CAMUGNANO
B880;CASALECCHIO DI RENO
B892;CASALFIUMANESE
C075;CASTEL D'AIANO
C086;CASTEL DEL RIO
B969;CASTEL DI CASIO
C121;CASTEL GUELFO DI BOLOGNA
C185;CASTELLO D'ARGILE
C204;CASTEL MAGGIORE
C265;CASTEL SAN PIETRO TERME
C292;CASTENASO
C296;CASTIGLIONE DEI PEPOLI
D166;CREVALCORE
D360;DOZZA
D668;FONTANELICE
D847;GAGGIO MONTANO
D878;GALLIERA
E136;GRANAROLO DELL'EMILIA
E187;GRIZZANA MORANDI
E289;IMOLA
A771;LIZZANO IN BELVEDERE
E655;LOIANO
E844;MALALBERGO
B689;MARZABOTTO
F083;MEDICINA
F219;MINERBIO
F288;MOLINELLA
F363;MONGHIDORO
F597;MONTERENZIO
F627;MONTE SAN PIETRO
F706;MONZUNO
F718;MORDANO
G205;OZZANO DELL'EMILIA
G570;PIANORO
G643;PIEVE DI CENTO
H678;SALA BOLOGNESE
G566;SAN BENEDETTO VAL DI SAMBRO
H896;SAN GIORGIO DI PIANO
G467;SAN GIOVANNI IN PERSICETO
H945;SAN LAZZARO DI SAVENA
I110;SAN PIETRO IN CASALE
I191;SANT'AGATA BOLOGNESE
G972;SASSO MARCONI
L762;VERGATO
M185;ZOLA PREDOSA
M320;VALSAMOGGIA
M369;ALTO RENO TERME
A393;ARGENTA
A965;BONDENO
C469;CENTO
C814;CODIGORO
C912;COMACCHIO
C980;COPPARO
D548;FERRARA
E320;JOLANDA DI SAVOIA
E410;LAGOSANTO
F016;MASI TORELLO
F156;MESOLA
G184;OSTELLATO
G768;POGGIO RENATICO
G916;PORTOMAGGIORE
L868;VIGARANO MAINARDA
M110;VOGHIERA
E107;GORO
M323;FISCAGLIA
M381;TERRE DEL RENO
M410;RIVA DEL PO
M409;TRESIGNANA
A191;ALFONSINE
A547;BAGNACAVALLO
A551;BAGNARA DI ROMAGNA
B188;BRISIGHELLA
B982;CASOLA VALSENIO
C065;CASTEL BOLOGNESE
C553;CERVIA
C963;CONSELICE
D121;COTIGNOLA
D458;FAENZA
D829;FUSIGNANO
E730;LUGO
F029;MASSA LOMBARDA
H199;RAVENNA
H302;RIOLO TERME
H642;RUSSI
I196;SANT'AGATA SUL SANTERNO
I787;SOLAROLO
A565;BAGNO DI ROMAGNA
A809;BERTINORO
B001;BORGHI
C339;CASTROCARO TERME E TERRA DEL SOLE
C573;CESENA
C574;CESENATICO
C777;CIVITELLA DI ROMAGNA
D357;DOVADOLA
D704;FORLÌ
D705;FORLIMPOPOLI
D867;GALEATA
D899;GAMBETTOLA
D935;GATTEO
E675;LONGIANO
F097;MELDOLA
F139;MERCATO SARACENO
F259;MODIGLIANA
F668;MONTIANO
G904;PORTICO E SAN BENEDETTO
H017;PREDAPPIO
H034;PREMILCUORE
H437;ROCCA SAN CASCIANO
H542;RONCOFREDDO
I027;SAN MAURO PASCOLI
I310;SANTA SOFIA
I444;SARSINA
I472;SAVIGNANO SUL RUBICONE
I779;SOGLIANO AL RUBICONE
L361;TREDOZIO
L764;VERGHERETO
A035;ACQUALAGNA
A327;APECCHIO
A740;BELFORTE ALL'ISAURO
B026;BORGO PACE
B352;CAGLI
B636;CANTIANO
B816;CARPEGNA
B846;CARTOCETO
D488;FANO
D541;FERMIGNANO
D749;FOSSOMBRONE
D791;FRATTE ROSA
D807;FRONTINO
D808;FRONTONE
D836;GABICCE MARE
E122;GRADARA
E351;ISOLA DEL PIANO
E743;LUNANO
E785;MACERATA FELTRIA
F135;MERCATELLO SUL METAURO
F136;MERCATINO CONCA
F310;MOMBAROCCIO
F347;MONDAVIO
F348;MONDOLFO
F450;MONTECALVO IN FOGLIA
F467;MONTE CERIGNONE
F497;MONTEFELCINO
F524;MONTE GRIMANO TERME
F533;MONTELABBATE
F589;MONTE PORZIO
G416;PEGLIO
G453;PERGOLA
G479;PESARO
G514;PETRIANO
G551;PIANDIMELETO
G627;PIETRARUBBIA
G682;PIOBBICO
H809;SAN COSTANZO
H958;SAN LORENZO IN CAMPO
I287;SANT'ANGELO IN VADO
I344;SANT'IPPOLITO
I654;SERRA SANT'ABBONDIO
L078;TAVOLETO
L081;TAVULLIA
L498;URBANIA
L500;URBINO
M331;VALLEFOGLIA
M380;COLLI AL METAURO
M379;TERRE ROVERESCHE
M413;SASSOCORVARO AUDITORE
A092;AGUGLIANO
A271;ANCONA
A366;ARCEVIA
A626;BARBARA
A769;BELVEDERE OSTRENSE
B468;CAMERANO
B470;CAMERATA PICENA
C060;CASTELBELLINO
C100;CASTELFIDARDO
C152;CASTELLEONE DI SUASA
C248;CASTELPLANIO
C524;CERRETO D'ESI
C615;CHIARAVALLE
D007;CORINALDO
D211;CUPRAMONTANA
D451;FABRIANO
D472;FALCONARA MARITTIMA
D597;FILOTTRANO
D965;GENGA
E388;JESI
E690;LORETO
E837;MAIOLATI SPONTINI
F145;MERGO
F381;MONSANO
F453;MONTECAROTTO
F560;MONTEMARCIANO
F600;MONTE ROBERTO
F634;MONTE SAN VITO
F745;MORRO D'ALBA
F978;NUMANA
G003;OFFAGNA
G157;OSIMO
F401;OSTRA
F581;OSTRA VETERE
G771;POGGIO SAN MARCELLO
G803;POLVERIGI
H575;ROSORA
H979;SAN MARCELLO
I071;SAN PAOLO DI JESI
I251;SANTA MARIA NUOVA
I461;SASSOFERRATO
I608;SENIGALLIA
I643;SERRA DE' CONTI
I653;SERRA SAN QUIRICO
I758;SIROLO
I932;STAFFOLO
M318;TRECASTELLI
A329;APIRO
A334;APPIGNANO
A739;BELFORTE DEL CHIENTI
A947;BOLOGNOLA
B398;CALDAROLA
B474;CAMERINO
B562;CAMPOROTONDO DI FIASTRONE
C251;CASTELRAIMONDO
C267;CASTELSANTANGELO SUL NERA
C582;CESSAPALOMBO
C704;CINGOLI
C770;CIVITANOVA MARCHE
C886;COLMURANO
D042;CORRIDONIA
D429;ESANATOGLIA
D564;FIASTRA
D628;FIUMINATA
D853;GAGLIOLE
E228;GUALDO
E694;LORO PICENO
E783;MACERATA
F051;MATELICA
F268;MOGLIANO
F454;MONTECASSIANO
F460;MONTE CAVALLO
F482;MONTECOSARO
F496;MONTEFANO
F552;MONTELUPONE
F621;MONTE SAN GIUSTO
F622;MONTE SAN MARTINO
F749;MORROVALLE
F793;MUCCIA
G436;PENNA SAN GIOVANNI
G515;PETRIOLO
G657;PIEVE TORINA
G690;PIORACO
D566;POGGIO SAN VICINO
F567;POLLENZA
G919;PORTO RECANATI
F632;POTENZA PICENA
H211;RECANATI
H323;RIPE SAN GINESIO
H876;SAN GINESIO
I156;SAN SEVERINO MARCHE
I286;SANT'ANGELO IN PONTANO
I436;SARNANO
I569;SEFRO
I651;SERRAPETRONA
I661;SERRAVALLE DI CHIENTI
L191;TOLENTINO
L366;TREIA
L501;URBISAGLIA
L517;USSITA
M078;VISSO
M382;VALFORNACE
A044;ACQUASANTA TERME
A047;ACQUAVIVA PICENA
A335;APPIGNANO DEL TRONTO
A437;ARQUATA DEL TRONTO
A462;ASCOLI PICENO
B727;CARASSAI
C093;CASTEL DI LAMA
C321;CASTIGNANO
C331;CASTORANO
C877;COLLI DEL TRONTO
C935;COMUNANZA
D096;COSSIGNANO
D210;CUPRA MARITTIMA
D652;FOLIGNANO
D691;FORCE
E207;GROTTAMMARE
E868;MALTIGNANO
F044;MASSIGNANO
F380;MONSAMPOLO DEL TRONTO
F415;MONTALTO DELLE MARCHE
F487;MONTEDINOVE
F501;MONTEFIORE DELL'ASO
F516;MONTEGALLO
F570;MONTEMONACO
F591;MONTEPRANDONE
G005;OFFIDA
G289;PALMIANO
H321;RIPATRANSONE
H390;ROCCAFLUVIONE
H588;ROTELLA
H769;SAN BENEDETTO DEL TRONTO
I912;SPINETOLI
L728;VENAROTTA
A496;AULLA
A576;BAGNONE
B832;CARRARA
B979;CASOLA IN LUNIGIANA
C914;COMANO
D590;FILATTIERA
D629;FIVIZZANO
D735;FOSDINOVO
E574;LICCIANA NARDI
F023;MASSA
F679;MONTIGNOSO
F802;MULAZZO
G746;PODENZANA
G870;PONTREMOLI
L386;TRESANA
L946;VILLAFRANCA IN LUNIGIANA
M169;ZERI
A241;ALTOPASCIO
A560;BAGNI DI LUCCA
A657;BARGA
B007;BORGO A MOZZANO
B455;CAMAIORE
B557;CAMPORGIANO
B648;CAPANNORI
B760;CAREGGINE
C236;CASTELNUOVO DI GARFAGNANA
C303;CASTIGLIONE DI GARFAGNANA
C996;COREGLIA ANTELMINELLI
D730;FORTE DEI MARMI
D734;FOSCIANDORA
D874;GALLICANO
E715;LUCCA
F035;MASSAROSA
F225;MINUCCIANO
F283;MOLAZZANA
F452;MONTECARLO
G480;PESCAGLIA
G582;PIAZZA AL SERCHIO
G628;PIETRASANTA
G648;PIEVE FOSCIANA
G882;PORCARI
I142;SAN ROMANO IN GARFAGNANA
I622;SERAVEZZA
I942;STAZZEMA
L533;VAGLI SOTTO
L833;VIAREGGIO
L913;VILLA BASILICA
L926;VILLA COLLEMANDINA
M319;FABBRICHE DI VERGEMOLI
M347;SILLANO GIUNCUGNANO
A071;AGLIANA
B251;BUGGIANO
E432;LAMPORECCHIO
E451;LARCIANO
E960;MARLIANA
F025;MASSA E COZZILE
F384;MONSUMMANO TERME
F410;MONTALE
A561;MONTECATINI-TERME
G491;PESCIA
G636;PIEVE A NIEVOLE
G713;PISTOIA
G833;PONTE BUGGIANESE
H109;QUARRATA
H744;SAMBUCA PISTOIESE
I660;SERRAVALLE PISTOIESE
L522;UZZANO
C631;CHIESINA UZZANESE
M376;ABETONE CUTIGLIANO
M377;SAN MARCELLO PITEGLIO
A564;BAGNO A RIPOLI
A632;BARBERINO DI MUGELLO
B036;BORGO SAN LORENZO
B406;CALENZANO
B507;CAMPI BISENZIO
B684;CAPRAIA E LIMITE
C101;CASTELFIORENTINO
C529;CERRETO GUIDI
C540;CERTALDO
D299;DICOMANO
D403;EMPOLI
D575;FIESOLE
D612;FIRENZE
D613;FIRENZUOLA
D815;FUCECCHIO
D895;GAMBASSI TERME
E169;GREVE IN CHIANTI
E291;IMPRUNETA
E466;LASTRA A SIGNA
E668;LONDA
E971;MARRADI
F398;MONTAIONE
F551;MONTELUPO FIORENTINO
F648;MONTESPERTOLI
G270;PALAZZUOLO SUL SENIO
G420;PELAGO
G825;PONTASSIEVE
H222;REGGELLO
H286;RIGNANO SULL'ARNO
H635;RUFINA
H791;SAN CASCIANO IN VAL DI PESA
H937;SAN GODENZO
B962;SCANDICCI
I684;SESTO FIORENTINO
I728;SIGNA
L529;VAGLIA
L838;VICCHIO
M059;VINCI
M321;FIGLINE E INCISA VALDARNO
M326;SCARPERIA E SAN PIERO
M408;BARBERINO TAVARNELLE
A852;BIBBONA
B509;CAMPIGLIA MARITTIMA
B553;CAMPO NELL'ELBA
B669;CAPOLIVERI
B685;CAPRAIA ISOLA
C044;CASTAGNETO CARDUCCI
C415;CECINA
C869;COLLESALVETTI
E625;LIVORNO
E930;MARCIANA
E931;MARCIANA MARINA
G687;PIOMBINO
E680;PORTO AZZURRO
G912;PORTOFERRAIO
H570;ROSIGNANO MARITTIMO
I390;SAN VINCENZO
I454;SASSETTA
L019;SUVERETO
M391;RIO
A864;BIENTINA
B303;BUTI
B390;CALCI
B392;CALCINAIA
B647;CAPANNOLI
B878;CASALE MARITTIMO
B950;CASCINA
C113;CASTELFRANCO DI SOTTO
C174;CASTELLINA MARITTIMA
C244;CASTELNUOVO DI VAL DI CECINA
C609;CHIANNI
D510;FAUGLIA
E250;GUARDISTALLO
E413;LAJATICO
F458;MONTECATINI VAL DI CECINA
F640;MONTESCUDAIO
F661;MONTEVERDI MARITTIMO
F686;MONTOPOLI IN VAL D'ARNO
G090;ORCIANO PISANO
G254;PALAIA
G395;PECCIOLI
G702;PISA
G804;POMARANCE
G822;PONSACCO
G843;PONTEDERA
H319;RIPARBELLA
A562;SAN GIULIANO TERME
I046;SAN MINIATO
I177;SANTA CROCE SULL'ARNO
I217;SANTA LUCE
I232;SANTA MARIA A MONTE
L138;TERRICCIOLA
L702;VECCHIANO
L850;VICOPISANO
M126;VOLTERRA
M327;CASCIANA TERME LARI
M328;CRESPINA LORENZANA
A291;ANGHIARI
A390;AREZZO
A541;BADIA TEDALDA
A851;BIBBIENA
B243;BUCINE
B670;CAPOLONA
B693;CAPRESE MICHELANGELO
C102;CASTEL FOCOGNANO
C263;CASTEL SAN NICCOLÒ
C318;CASTIGLION FIBOCCHI
C319;CASTIGLION FIORENTINO
C407;CAVRIGLIA
C648;CHITIGNANO
C663;CHIUSI DELLA VERNA
C774;CIVITELLA IN VAL DI CHIANA
D077;CORTONA
D649;FOIANO DELLA CHIANA
E693;LORO CIUFFENNA
E718;LUCIGNANO
E933;MARCIANO DELLA CHIANA
F565;MONTEMIGNAIO
F594;MONTERCHI
F628;MONTE SAN SAVINO
F656;MONTEVARCHI
G139;ORTIGNANO RAGGIOLO
G653;PIEVE SANTO STEFANO
G879;POPPI
H901;SAN GIOVANNI VALDARNO
I155;SANSEPOLCRO
I681;SESTINO
I991;SUBBIANO
L038;TALLA
L123;TERRANUOVA BRACCIOLINI
M322;CASTELFRANCO PIANDISCÒ
M329;PRATOVECCHIO STIA
M392;LATERINA PERGINE VALDARNO
A006;ABBADIA SAN SALVATORE
A461;ASCIANO
B269;BUONCONVENTO
B984;CASOLE D'ELSA
C172;CASTELLINA IN CHIANTI
C227;CASTELNUOVO BERARDENGA
C313;CASTIGLIONE D'ORCIA
C587;CETONA
C608;CHIANCIANO TERME
C661;CHIUSDINO
C662;CHIUSI
C847;COLLE DI VAL D'ELSA
D858;GAIOLE IN CHIANTI
F592;MONTEPULCIANO
F598;MONTERIGGIONI
F605;MONTERONI D'ARBIA
F676;MONTICIANO
F815;MURLO
G547;PIANCASTAGNAIO
G602;PIENZA
G752;POGGIBONSI
H153;RADDA IN CHIANTI
H156;RADICOFANI
H157;RADICONDOLI
H185;RAPOLANO TERME
H790;SAN CASCIANO DEI BAGNI
H875;SAN GIMIGNANO
I135;SAN QUIRICO D'ORCIA
I445;SARTEANO
I726;SIENA
A468;SINALUNGA
I877;SOVICILLE
L303;TORRITA DI SIENA
L384;TREQUANDA
M378;MONTALCINO
A369;ARCIDOSSO
B497;CAMPAGNATICO
B646;CAPALBIO
C085;CASTEL DEL PIANO
C147;CASTELL'AZZARA
C310;CASTIGLIONE DELLA PESCAIA
C705;CINIGIANO
C782;CIVITELLA PAGANICO
D656;FOLLONICA
D948;GAVORRANO
E202;GROSSETO
E348;ISOLA DEL GIGLIO
E810;MAGLIANO IN TOSCANA
E875;MANCIANO
F032;MASSA MARITTIMA
F437;MONTE ARGENTARIO
F677;MONTIERI
G088;ORBETELLO
G716;PITIGLIANO
H417;ROCCALBEGNA
H449;ROCCASTRADA
I187;SANTA FIORA
I504;SCANSANO
I510;SCARLINO
I571;SEGGIANO
I841;SORANO
F612;MONTEROTONDO MARITTIMO
I601;SEMPRONIANO
A475;ASSISI
A710;BASTIA UMBRA
A832;BETTONA
A835;BEVAGNA
B504;CAMPELLO SUL CLITUNNO
B609;CANNARA
B948;CASCIA
C252;CASTEL RITALDI
C309;CASTIGLIONE DEL LAGO
C527;CERRETO DI SPOLETO
C742;CITERNA
C744;CITTÀ DELLA PIEVE
C745;CITTÀ DI CASTELLO
C845;COLLAZZONE
C990;CORCIANO
D108;COSTACCIARO
D279;DERUTA
D653;FOLIGNO
D745;FOSSATO DI VICO
D787;FRATTA TODINA
E012;GIANO DELL'UMBRIA
E229;GUALDO CATTANEO
E230;GUALDO TADINO
E256;GUBBIO
E613;LISCIANO NICCONE
E805;MAGIONE
E975;MARSCIANO
F024;MASSA MARTANA
F456;MONTE CASTELLO DI VIBIO
F492;MONTEFALCO
F540;MONTELEONE DI SPOLETO
F629;MONTE SANTA MARIA TIBERINA
F685;MONTONE
F911;NOCERA UMBRA
F935;NORCIA
G212;PACIANO
G308;PANICALE
G359;PASSIGNANO SUL TRASIMENO
G478;PERUGIA
G601;PIEGARO
G618;PIETRALUNGA
G758;POGGIODOMO
H015;PRECI
H935;SAN GIUSTINO
I263;SANT'ANATOLIA DI NARCO
I522;SCHEGGIA E PASCELUPO
I523;SCHEGGINO
I585;SELLANO
I727;SIGILLO
I888;SPELLO
I921;SPOLETO
L188;TODI
L216;TORGIANO
L397;TREVI
L466;TUORO SUL TRASIMENO
D786;UMBERTIDE
L573;VALFABBRICA
L627;VALLO DI NERA
L653;VALTOPINA
A045;ACQUASPARTA
A207;ALLERONA
A242;ALVIANO
A262;AMELIA
A439;ARRONE
A490;ATTIGLIANO
A691;BASCHI
B446;CALVI DELL'UMBRIA
C117;CASTEL GIORGIO
C289;CASTEL VISCARDO
D454;FABRO
D538;FERENTILLO
D570;FICULLE
E045;GIOVE
E241;GUARDEA
E729;LUGNANO IN TEVERINA
F457;MONTECASTRILLI
F462;MONTECCHIO
F510;MONTEFRANCO
F513;MONTEGABBIONE
F543;MONTELEONE D'ORVIETO
F844;NARNI
G148;ORVIETO
G189;OTRICOLI
G344;PARRANO
G432;PENNA IN TEVERINA
G790;POLINO
G881;PORANO
H857;SAN GEMINI
I381;SAN VENANZO
I981;STRONCONE
L117;TERNI
M258;AVIGLIANO UMBRO
A040;ACQUAPENDENTE
A412;ARLENA DI CASTRO
A577;BAGNOREGIO
A628;BARBARANO ROMANO
A704;BASSANO ROMANO
A706;BASSANO IN TEVERINA
A857;BLERA
A949;BOLSENA
A955;BOMARZO
B388;CALCATA
B597;CANEPINA
B604;CANINO
B663;CAPODIMONTE
B688;CAPRANICA
B691;CAPRAROLA
B735;CARBOGNANO
C269;CASTEL SANT'ELIA
C315;CASTIGLIONE IN TEVERINA
C446;CELLENO
C447;CELLERE
C765;CIVITA CASTELLANA
C780;CIVITELLA D'AGLIANO
C988;CORCHIANO
D452;FABRICA DI ROMA
D475;FALERIA
D503;FARNESE
D870;GALLESE
E126;GRADOLI
E128;GRAFFIGNANO
E210;GROTTE DI CASTRO
E330;ISCHIA DI CASTRO
E467;LATERA
E713;LUBRIANO
E978;MARTA
F419;MONTALTO DI CASTRO
F499;MONTEFIASCONE
F603;MONTE ROMANO
F606;MONTEROSI
F868;NEPI
G065;ONANO
G111;ORIOLO ROMANO
G135;ORTE
G571;PIANSANO
H071;PROCENO
H534;RONCIGLIONE
H913;VILLA SAN GIOVANNI IN TUSCIA
H969;SAN LORENZO NUOVO
I855;SORIANO NEL CIMINO
L017;SUTRI
D024;TARQUINIA
L150;TESSENNANO
L310;TUSCANIA
L569;VALENTANO
L612;VALLERANO
A701;VASANELLO
L713;VEJANO
L814;VETRALLA
L882;VIGNANELLO
M082;VITERBO
M086;VITORCHIANO
A019;ACCUMOLI
A258;AMATRICE
A315;ANTRODOCO
A464;ASCREA
A765;BELMONTE IN SABINA
A981;BORBONA
B008;BORGOROSE
A996;BORGO VELINO
B627;CANTALICE
B631;CANTALUPO IN SABINA
B934;CASAPROTA
A472;CASPERIA
C098;CASTEL DI TORA
C224;CASTELNUOVO DI FARFA
C268;CASTEL SANT'ANGELO
C746;CITTADUCALE
C749;CITTAREALE
C841;COLLALTO SABINO
C857;COLLE DI TORA
C859;COLLEGIOVE
C876;COLLEVECCHIO
C880;COLLI SUL VELINO
C946;CONCERVIANO
C959;CONFIGNI
C969;CONTIGLIANO
D124;COTTANELLO
D493;FARA IN SABINA
D560;FIAMIGNANO
D689;FORANO
D785;FRASSO SABINO
E160;GRECCIO
E393;LABRO
E535;LEONESSA
E681;LONGONE SABINO
E812;MAGLIANO SABINA
E927;MARCETELLI
F193;MICIGLIANO
F319;MOMPEO
F430;MONTASOLA
F446;MONTEBUONO
F541;MONTELEONE SABINO
F579;MONTENERO SABINO
F619;MONTE SAN GIOVANNI IN SABINA
F687;MONTOPOLI DI SABINA
F746;MORRO REATINO
F876;NESPOLO
B595;ORVINIO
G232;PAGANICO SABINO
G498;PESCOROCCHIANO
G513;PETRELLA SALTO
G756;POGGIO BUSTONE
G757;POGGIO CATINO
G763;POGGIO MIRTETO
G764;POGGIO MOIANO
G765;POGGIO NATIVO
G770;POGGIO SAN LORENZO
G934;POSTA
G951;POZZAGLIA SABINA
H282;RIETI
H354;RIVODUTRI
H427;ROCCANTICA
H446;ROCCA SINIBALDA
H713;SALISANO
I499;SCANDRIGLIA
I581;SELCI
I959;STIMIGLIANO
L046;TARANO
L189;TOFFIA
L293;TORRICELLA IN SABINA
L286;TORRI IN SABINA
G507;TURANIA
L525;VACONE
L676;VARCO SABINO
A062;AFFILE
A084;AGOSTA
A132;ALBANO LAZIALE
A210;ALLUMIERE
A297;ANGUILLARA SABAZIA
A309;ANTICOLI CORRADO
A323;ANZIO
A370;ARCINAZZO ROMANO
A401;ARICCIA
A446;ARSOLI
A449;ARTENA
A749;BELLEGRA
B114;BRACCIANO
B472;CAMERATA NUOVA
B496;CAMPAGNANO DI ROMA
B576;CANALE MONTERANO
B635;CANTERANO
B649;CAPENA
B687;CAPRANICA PRENESTINA
B828;CARPINETO ROMANO
B932;CASAPE
C116;CASTEL GANDOLFO
C203;CASTEL MADAMA
C237;CASTELNUOVO DI PORTO
C266;CASTEL SAN PIETRO ROMANO
C390;CAVE
C518;CERRETO LAZIALE
C543;CERVARA DI ROMA
C552;CERVETERI
C677;CICILIANO
C702;CINETO ROMANO
C773;CIVITAVECCHIA
C784;CIVITELLA SAN PAOLO
C858;COLLEFERRO
C900;COLONNA
D561;FIANO ROMANO
D586;FILACCIANO
D707;FORMELLO
D773;FRASCATI
D875;GALLICANO NEL LAZIO
D945;GAVIGNANO
D964;GENAZZANO
D972;GENZANO DI ROMA
D978;GERANO
E091;GORGA
E204;GROTTAFERRATA
E263;GUIDONIA MONTECELIO
E382;JENNE
E392;LABICO
C767;LANUVIO
E576;LICENZA
E813;MAGLIANO ROMANO
B632;MANDELA
E900;MANZIANA
E908;MARANO EQUO
E924;MARCELLINA
E958;MARINO
F064;MAZZANO ROMANO
F127;MENTANA
F477;MONTE COMPATRI
F504;MONTEFLAVIO
F534;MONTELANICO
F545;MONTELIBRETTI
F590;MONTE PORZIO CATONE
F611;MONTEROTONDO
F692;MONTORIO ROMANO
F730;MORICONE
F734;MORLUPO
F857;NAZZANO
F865;NEMI
F871;NEROLA
F880;NETTUNO
G022;OLEVANO ROMANO
G274;PALESTRINA
G293;PALOMBARA SABINA
G444;PERCILE
G704;PISONIANO
G784;POLI
G811;POMEZIA
G874;PONZANO ROMANO
H267;RIANO
H288;RIGNANO FLAMINIO
H300;RIOFREDDO
H387;ROCCA CANTERANO
H401;ROCCA DI CAVE
H404;ROCCA DI PAPA
H411;ROCCAGIOVINE
H432;ROCCA PRIORA
H441;ROCCA SANTO STEFANO
H494;ROIATE
H501;ROMA
H618;ROVIANO
H658;SACROFANO
H745;SAMBUCI
H942;SAN GREGORIO DA SASSOLA
I125;SAN POLO DEI CAVALIERI
I255;SANTA MARINELLA
I284;SANT'ANGELO ROMANO
I352;SANT'ORESTE
I400;SAN VITO ROMANO
I424;SARACINESCO
I573;SEGNI
I992;SUBIACO
L182;TIVOLI
L192;TOLFA
L302;TORRITA TIBERINA
L401;TREVIGNANO ROMANO
L611;VALLEPIETRA
L625;VALLINFREDA
L639;VALMONTONE
L719;VELLETRI
L851;VICOVARO
M095;VIVARO ROMANO
M141;ZAGAROLO
M207;LARIANO
M212;LADISPOLI
M213;ARDEA
M272;CIAMPINO
M295;SAN CESAREO
M297;FIUMICINO
M309;FONTE NUOVA
A341;APRILIA
A707;BASSIANO
B527;CAMPODIMELE
C104;CASTELFORTE
C740;CISTERNA DI LATINA
D003;CORI
D662;FONDI
D708;FORMIA
D843;GAETA
E375;ITRI
E472;LATINA
E527;LENOLA
E798;MAENZA
F224;MINTURNO
F616;MONTE SAN BIAGIO
F937;NORMA
G865;PONTINIA
G871;PONZA
G698;PRIVERNO
H076;PROSSEDI
H413;ROCCAGORGA
H421;ROCCA MASSIMA
H444;ROCCASECCA DEI VOLSCI
H647;SABAUDIA
H836;SAN FELICE CIRCEO
I339;SANTI COSMA E DAMIANO
I634;SERMONETA
I712;SEZZE
I832;SONNINO
I892;SPERLONGA
I902;SPIGNO SATURNIA
L120;TERRACINA
L742;VENTOTENE
A032;ACQUAFONDATA
A054;ACUTO
A123;ALATRI
A244;ALVITO
A256;AMASENO
A269;ANAGNI
A348;AQUINO
A363;ARCE
A421;ARNARA
A433;ARPINO
A486;ATINA
A502;AUSONIA
A763;BELMONTE CASTELLO
A720;BOVILLE ERNICA
B195;BROCCOSTELLA
B543;CAMPOLI APPENNINO
B862;CASALATTICO
B919;CASALVIERI
C034;CASSINO
C177;CASTELLIRI
C223;CASTELNUOVO PARANO
C340;CASTROCIELO
C338;CASTRO DEI VOLSCI
C413;CECCANO
C479;CEPRANO
C545;CERVARO
C836;COLFELICE
C864;COLLEPARDO
C870;COLLE SAN MAGNO
C998;CORENO AUSONIO
D440;ESPERIA
D483;FALVATERRA
D539;FERENTINO
D591;FILETTINO
A310;FIUGGI
D667;FONTANA LIRI
D682;FONTECHIARI
D810;FROSINONE
D819;FUMONE
D881;GALLINARO
E057;GIULIANO DI ROMA
E236;GUARCINO
E340;ISOLA DEL LIRI
F620;MONTE SAN GIOVANNI CAMPANO
F740;MOROLO
G276;PALIANO
G362;PASTENA
G374;PATRICA
G500;PESCOSOLIDO
G591;PICINISCO
G592;PICO
G598;PIEDIMONTE SAN GERMANO
G659;PIGLIO
G662;PIGNATARO INTERAMNA
G749;POFI
G838;PONTECORVO
G935;POSTA FIBRENO
H324;RIPI
H393;ROCCA D'ARCE
H443;ROCCASECCA
H779;SAN BIAGIO SARACINISCO
H824;SAN DONATO VAL DI COMINO
H880;SAN GIORGIO A LIRI
H917;SAN GIOVANNI INCARICO
I256;SANT'AMBROGIO SUL GARIGLIANO
I265;SANT'ANDREA DEL GARIGLIANO
I302;SANT'APOLLINARE
I321;SANT'ELIA FIUMERAPIDO
I351;SANTOPADRE
I408;SAN VITTORE DEL LAZIO
I669;SERRONE
I697;SETTEFRATI
I716;SGURGOLA
I838;SORA
I973;STRANGOLAGALLI
L009;SUPINO
L105;TERELLE
L243;TORRE CAJETANI
L290;TORRICE
L398;TREVI NEL LAZIO
L437;TRIVIGLIANO
L598;VALLECORSA
L605;VALLEMAIO
L614;VALLEROTONDA
L780;VEROLI
L836;VICALVI
L843;VICO NEL LAZIO
A081;VILLA LATINA
L905;VILLA SANTA LUCIA
I364;VILLA SANTO STEFANO
M083;VITICUSO
A106;AILANO
A200;ALIFE
A243;ALVIGNANO
A403;ARIENZO
A512;AVERSA
A579;BAIA E LATINA
A755;BELLONA
B361;CAIANELLO
B362;CAIAZZO
B445;CALVI RISORTA
B477;CAMIGLIANO
B581;CANCELLO ED ARNONE
B667;CAPODRISE
B704;CAPRIATI A VOLTURNO
B715;CAPUA
B779;CARINARO
B781;CARINOLA
B860;CASAGIOVE
B872;CASAL DI PRINCIPE
B916;CASALUCE
B935;CASAPULLA
B963;CASERTA
B494;CASTEL CAMPAGNANO
C097;CASTEL DI SASSO
C178;CASTELLO DEL MATESE
C211;CASTEL MORRONE
C291;CASTEL VOLTURNO
C558;CERVINO
C561;CESA
C716;CIORLANO
C939;CONCA DELLA CAMPANIA
D228;CURTI
D361;DRAGONI
D683;FONTEGRECA
D709;FORMICOLA
D769;FRANCOLISE
D799;FRIGNANO
D884;GALLO MATESE
D886;GALLUCCIO
E011;GIANO VETUSTO
E039;GIOIA SANNITICA
E158;GRAZZANISE
E173;GRICIGNANO DI AVERSA
E554;LETINO
E570;LIBERI
E754;LUSCIANO
E784;MACERATA CAMPANIA
E791;MADDALONI
E932;MARCIANISE
E998;MARZANO APPIO
F203;MIGNANO MONTE LUNGO
F352;MONDRAGONE
G130;ORTA DI ATELLA
G333;PARETE
G364;PASTORANO
G541;PIANA DI MONTE VERNA
G596;PIEDIMONTE MATESE
G620;PIETRAMELARA
G630;PIETRAVAIRANO
G661;PIGNATARO MAGGIORE
G849;PONTELATONE
G903;PORTICO DI CASERTA
G991;PRATA SANNITA
G995;PRATELLA
H045;PRESENZANO
H202;RAVISCANINA
H210;RECALE
H268;RIARDO
H398;ROCCA D'EVANDRO
H423;ROCCAMONFINA
H436;ROCCAROMANA
H459;ROCCHETTA E CROCE
H165;RUVIANO
H798;SAN CIPRIANO D'AVERSA
H834;SAN FELICE A CANCELLO
H939;SAN GREGORIO MATESE
H978;SAN MARCELLINO
I056;SAN NICOLA LA STRADA
I113;SAN PIETRO INFINE
I130;SAN POTITO SANNITICO
I131;SAN PRISCO
I233;SANTA MARIA A VICO
I234;SANTA MARIA CAPUA VETERE
I247;SANTA MARIA LA FOSSA
I261;SAN TAMMARO
I273;SANT'ANGELO D'ALIFE
I306;SANT'ARPINO
I676;SESSA AURUNCA
I885;SPARANISE
I993;SUCCIVO
L083;TEANO
L155;TEVEROLA
L205;TORA E PICCILLI
L379;TRENTOLA DUCENTA
L540;VAIRANO PATENORA
L594;VALLE AGRICOLA
L591;VALLE DI MADDALONI
D801;VILLA DI BRIANO
L844;VILLA LITERNO
M092;VITULAZIO
D471;FALCIANO DEL MASSICO
M262;CELLOLE
M260;CASAPESENNA
F043;SAN MARCO EVANGELISTA
A110;AIROLA
A265;AMOROSI
A328;APICE
A330;APOLLOSA
A431;ARPAIA
A432;ARPAISE
A696;BASELICE
A783;BENEVENTO
A970;BONEA
B239;BUCCIANO
B267;BUONALBERGO
B444;CALVI
B541;CAMPOLATTARO
B542;CAMPOLI DEL MONTE TABURNO
B873;CASALDUNI
C106;CASTELFRANCO IN MISCANO
C245;CASTELPAGANO
C250;CASTELPOTO
C280;CASTELVENERE
C284;CASTELVETERE IN VAL FORTORE
C359;CAUTANO
C476;CEPPALONI
C525;CERRETO SANNITA
C719;CIRCELLO
C846;COLLE SANNITA
D230;CUSANO MUTRI
D380;DUGENTA
D386;DURAZZANO
D469;FAICCHIO
D644;FOGLIANISE
D650;FOIANO DI VAL FORTORE
D693;FORCHIA
D755;FRAGNETO L'ABATE
D756;FRAGNETO MONFORTE
D784;FRASSO TELESINO
E034;GINESTRA DEGLI SCHIAVONI
E249;GUARDIA SANFRAMONDI
E589;LIMATOLA
F113;MELIZZANO
F274;MOIANO
F287;MOLINARA
F494;MONTEFALCONE DI VAL FORTORE
F636;MONTESARCHIO
F717;MORCONE
G227;PADULI
G243;PAGO VEIANO
G311;PANNARANO
G318;PAOLISI
G386;PAUPISI
G494;PESCO SANNITA
G626;PIETRAROJA
G631;PIETRELCINA
G827;PONTE
G848;PONTELANDOLFO
H087;PUGLIANELLO
H227;REINO
H764;SAN BARTOLOMEO IN GALDO
H894;SAN GIORGIO DEL SANNIO
H898;SAN GIORGIO LA MOLARA
H953;SAN LEUCIO DEL SANNIO
H955;SAN LORENZELLO
H967;SAN LORENZO MAGGIORE
H973;SAN LUPO
H984;SAN MARCO DEI CAVOTI
I002;SAN MARTINO SANNITA
I049;SAN NAZZARO
I062;SAN NICOLA MANFREDI
I145;SAN SALVATORE TELESINO
I179;SANTA CROCE DEL SANNIO
I197;SANT'AGATA DE' GOTI
I277;SANT'ANGELO A CUPOLO
I455;SASSINORO
I809;SOLOPACA
L086;TELESE TERME
L185;TOCCO CAUDIO
L254;TORRECUSO
M093;VITULANO
F557;SANT'ARCANGELO TRIMONTE
A024;ACERRA
A064;AFRAGOLA
A068;AGEROLA
A268;ANACAPRI
A455;ARZANO
A535;BACOLI
A617;BARANO D'ISCHIA
B076;BOSCOREALE
B077;BOSCOTRECASE
B227;BRUSCIANO
B371;CAIVANO
B452;CALVIZZANO
B565;CAMPOSANO
B696;CAPRI
B740;CARBONARA DI NOLA
B759;CARDITO
B905;CASALNUOVO DI NAPOLI
B922;CASAMARCIANO
B924;CASAMICCIOLA TERME
B925;CASANDRINO
B946;CASAVATORE
B980;CASOLA DI NAPOLI
B990;CASORIA
C129;CASTELLAMMARE DI STABIA
C188;CASTELLO DI CISTERNA
C495;CERCOLA
C675;CICCIANO
C697;CIMITILE
C929;COMIZIANO
D170;CRISPANO
D702;FORIO
D789;FRATTAMAGGIORE
D790;FRATTAMINORE
E054;GIUGLIANO IN CAMPANIA
E131;GRAGNANO
E224;GRUMO NEVANO
E329;ISCHIA
E396;LACCO AMENO
E557;LETTERE
E620;LIVERI
E906;MARANO DI NAPOLI
E954;MARIGLIANELLA
E955;MARIGLIANO
F030;MASSA LUBRENSE
F111;MELITO DI NAPOLI
F162;META
F488;MONTE DI PROCIDA
F799;MUGNANO DI NAPOLI
F839;NAPOLI
F924;NOLA
G190;OTTAVIANO
G283;PALMA CAMPANIA
G568;PIANO DI SORRENTO
G670;PIMONTE
G762;POGGIOMARINO
G795;POLLENA TROCCHIA
G812;POMIGLIANO D'ARCO
G813;POMPEI
G902;PORTICI
G964;POZZUOLI
H072;PROCIDA
H101;QUALIANO
H114;QUARTO
H243;ERCOLANO
H433;ROCCARAINOLA
H860;SAN GENNARO VESUVIANO
H892;SAN GIORGIO A CREMANO
H931;SAN GIUSEPPE VESUVIANO
I073;SAN PAOLO BEL SITO
I151;SAN SEBASTIANO AL VESUVIO
I208;SANT'AGNELLO
I262;SANT'ANASTASIA
I293;SANT'ANTIMO
I300;SANT'ANTONIO ABATE
I391;SAN VITALIANO
I469;SAVIANO
I540;SCISCIANO
I652;SERRARA FONTANA
I820;SOMMA VESUVIANA
I862;SORRENTO
I978;STRIANO
L142;TERZIGNO
L245;TORRE ANNUNZIATA
L259;TORRE DEL GRECO
L460;TUFINO
L845;VICO EQUENSE
G309;VILLARICCA
M072;VISCIANO
M115;VOLLA
M273;SANTA MARIA LA CARITÀ
M280;TRECASE
M289;MASSA DI SOMMA
A101;AIELLO DEL SABATO
A228;ALTAVILLA IRPINA
A284;ANDRETTA
A347;AQUILONIA
A399;ARIANO IRPINO
A489;ATRIPALDA
A508;AVELLA
A509;AVELLINO
A566;BAGNOLI IRPINO
A580;BAIANO
A881;BISACCIA
A975;BONITO
B367;CAIRANO
B374;CALABRITTO
B415;CALITRI
B590;CANDIDA
B674;CAPOSELE
B706;CAPRIGLIA IRPINA
B776;CARIFE
B866;CASALBORE
B997;CASSANO IRPINO
C058;CASTEL BARONIA
C105;CASTELFRANCI
C283;CASTELVETERE SUL CALORE
C557;CERVINARA
C576;CESINALI
C606;CHIANCHE
C659;CHIUSANO DI SAN DOMENICO
C971;CONTRADA
C976;CONZA DELLA CAMPANIA
D331;DOMICELLA
D638;FLUMERI
D671;FONTANAROSA
D701;FORINO
D798;FRIGENTO
D998;GESUALDO
E161;GRECI
E206;GROTTAMINARDA
E214;GROTTOLELLA
E245;GUARDIA LOMBARDI
E397;LACEDONIA
E448;LAPIO
E487;LAURO
E605;LIONI
E746;LUOGOSANO
E891;MANOCALZATI
E997;MARZANO DI NOLA
F110;MELITO IRPINO
F141;MERCOGLIANO
F230;MIRABELLA ECLANO
F397;MONTAGUTO
F448;MONTECALVO IRPINO
F491;MONTEFALCIONE
F506;MONTEFORTE IRPINO
F511;MONTEFREDANE
F512;MONTEFUSCO
F546;MONTELLA
F559;MONTEMARANO
F566;MONTEMILETTO
F660;MONTEVERDE
F744;MORRA DE SANCTIS
F762;MOSCHIANO
F798;MUGNANO DEL CARDINALE
F988;NUSCO
G165;OSPEDALETTO D'ALPINOLO
G242;PAGO DEL VALLO DI LAURO
G340;PAROLISE
G370;PATERNOPOLI
G519;PETRURO IRPINO
G611;PIETRADEFUSI
G629;PIETRASTORNINA
G990;PRATA DI PRINCIPATO ULTRA
H006;PRATOLA SERRA
H097;QUADRELLE
H128;QUINDICI
H382;ROCCABASCERANA
H438;ROCCA SAN FELICE
H592;ROTONDI
H733;SALZA IRPINA
H975;SAN MANGO SUL CALORE
I016;SAN MARTINO VALLE CAUDINA
I034;SAN MICHELE DI SERINO
I061;SAN NICOLA BARONIA
I129;SAN POTITO ULTRA
I163;SAN SOSSIO BARONIA
I219;SANTA LUCIA DI SERINO
I264;SANT'ANDREA DI CONZA
I279;SANT'ANGELO ALL'ESCA
I280;SANT'ANGELO A SCALA
I281;SANT'ANGELO DEI LOMBARDI
I301;SANTA PAOLINA
I357;SANTO STEFANO DEL SOLE
I471;SAVIGNANO IRPINO
I493;SCAMPITELLA
I606;SENERCHIA
I630;SERINO
I756;SIRIGNANO
I805;SOLOFRA
I843;SORBO SERPICO
I893;SPERONE
I990;STURNO
L004;SUMMONTE
L061;TAURANO
L062;TAURASI
L102;TEORA
L214;TORELLA DEI LOMBARDI
L272;TORRE LE NOCELLE
L301;TORRIONI
L399;TREVICO
L461;TUFO
L589;VALLATA
L616;VALLESACCARDA
L739;VENTICANO
L965;VILLAMAINA
L973;VILLANOVA DEL BATTISTA
M130;VOLTURARA IRPINA
M203;ZUNGOLI
M330;MONTORO
A023;ACERNO
A091;AGROPOLI
A128;ALBANELLA
A186;ALFANO
A230;ALTAVILLA SILENTINA
A251;AMALFI
A294;ANGRI
A343;AQUARA
A460;ASCEA
A484;ATENA LUCANA
A487;ATRANI
A495;AULETTA
A674;BARONISSI
A717;BATTIPAGLIA
A756;BELLOSGUARDO
B115;BRACIGLIANO
B242;BUCCINO
B266;BUONABITACOLO
B351;CAGGIANO
B437;CALVANICO
B476;CAMEROTA
B492;CAMPAGNA
B555;CAMPORA
B608;CANNALONGA
B644;CAPACCIO PAESTUM
B868;CASALBUONO
B888;CASALETTO SPARTANO
B895;CASAL VELINO
B959;CASELLE IN PITTARI
C069;CASTELCIVITA
C125;CASTELLABATE
C231;CASTELNUOVO CILENTO
C235;CASTELNUOVO DI CONZA
C259;CASTEL SAN GIORGIO
C262;CASTEL SAN LORENZO
C306;CASTIGLIONE DEL GENOVESI
C361;CAVA DE' TIRRENI
C444;CELLE DI BULGHERIA
C470;CENTOLA
C485;CERASO
C584;CETARA
C676;CICERALE
C879;COLLIANO
C940;CONCA DEI MARINI
C973;CONTRONE
C974;CONTURSI TERME
C984;CORBARA
D011;CORLETO MONFORTE
D195;CUCCARO VETERE
D390;EBOLI
D527;FELITTO
D615;FISCIANO
D826;FURORE
D832;FUTANI
E026;GIFFONI SEI CASALI
E027;GIFFONI VALLE PIANA
E037;GIOI
E060;GIUNGANO
E365;ISPANI
E480;LAUREANA CILENTO
E485;LAURINO
E486;LAURITO
E498;LAVIANO
E767;LUSTRA
E814;MAGLIANO VETERE
E839;MAIORI
F138;MERCATO SAN SEVERINO
F223;MINORI
F278;MOIO DELLA CIVITELLA
F426;MONTANO ANTILIA
F479;MONTECORICE
F480;MONTECORVINO PUGLIANO
F481;MONTECORVINO ROVELLA
F507;MONTEFORTE CILENTO
F618;MONTE SAN GIACOMO
F625;MONTESANO SULLA MARCELLANA
F731;MORIGERATI
F912;NOCERA INFERIORE
F913;NOCERA SUPERIORE
F967;NOVI VELIA
G011;OGLIASTRO CILENTO
G023;OLEVANO SUL TUSCIANO
G039;OLIVETO CITRA
G063;OMIGNANO
G121;ORRIA
G192;OTTATI
G226;PADULA
G230;PAGANI
G292;PALOMONTE
G426;PELLEZZANO
G447;PERDIFUMO
G455;PERITO
G476;PERTOSA
G509;PETINA
G538;PIAGGINE
G707;PISCIOTTA
G793;POLLA
G796;POLLICA
G834;PONTECAGNANO FAIANO
G932;POSITANO
G939;POSTIGLIONE
G976;PRAIANO
H062;PRIGNANO CILENTO
H198;RAVELLO
H277;RICIGLIANO
H394;ROCCADASPIDE
H412;ROCCAGLORIOSA
H431;ROCCAPIEMONTE
H485;ROFRANO
H503;ROMAGNANO AL MONTE
H564;ROSCIGNO
H644;RUTINO
H654;SACCO
H683;SALA CONSILINA
H686;SALENTO
H703;SALERNO
H732;SALVITELLE
H800;SAN CIPRIANO PICENTINO
H907;SAN GIOVANNI A PIRO
H943;SAN GREGORIO MAGNO
H977;SAN MANGO PIEMONTE
I019;SAN MARZANO SUL SARNO
I031;SAN MAURO CILENTO
I032;SAN MAURO LA BRUCA
I089;SAN PIETRO AL TANAGRO
I143;SAN RUFO
I253;SANTA MARINA
I278;SANT'ANGELO A FASANELLA
I307;SANT'ARSENIO
I317;SANT'EGIDIO DEL MONTE ALBINO
I260;SANTOMENNA
I377;SAN VALENTINO TORIO
I410;SANZA
I422;SAPRI
I438;SARNO
I451;SASSANO
I483;SCAFATI
I486;SCALA
I648;SERRAMEZZANA
I666;SERRE
I677;SESSA CILENTO
I720;SIANO
M253;SICIGNANO DEGLI ALBURNI
G887;STELLA CILENTO
I960;STIO
D292;TEGGIANO
L212;TORCHIARA
L233;TORRACA
L274;TORRE ORSAIA
L306;TORTORELLA
L323;TRAMONTI
L377;TRENTINARA
G540;VALLE DELL'ANGELO
L628;VALLO DELLA LUCANIA
L656;VALVA
L835;VIBONATI
L860;VIETRI SUL MARE
M294;BELLIZZI
A018;ACCIANO
A100;AIELLI
A187;ALFEDENA
A318;ANVERSA DEGLI ABRUZZI
A481;ATELETA
A515;AVEZZANO
A603;BALSORANO
A656;BARETE
A667;BARISCIANO
A678;BARREA
A884;BISEGNA
B256;BUGNARA
B358;CAGNANO AMITERNO
B382;CALASCIO
B526;CAMPO DI GIOVE
B569;CAMPOTOSTO
B606;CANISTRO
B624;CANSANO
B651;CAPESTRANO
B656;CAPISTRELLO
B658;CAPITIGNANO
B672;CAPORCIANO
B677;CAPPADOCIA
B725;CARAPELLE CALVISIO
B842;CARSOLI
C083;CASTEL DEL MONTE
C090;CASTEL DI IERI
C096;CASTEL DI SANGRO
C126;CASTELLAFIUME
C278;CASTELVECCHIO CALVISIO
C279;CASTELVECCHIO SUBEQUO
C426;CELANO
C492;CERCHIO
C766;CIVITA D'ANTINO
C778;CIVITELLA ALFEDENA
C783;CIVITELLA ROVETO
C811;COCULLO
C844;COLLARMELE
C862;COLLELONGO
C866;COLLEPIETRO
C999;CORFINIO
D465;FAGNANO ALTO
D681;FONTECCHIO
D736;FOSSA
D850;GAGLIANO ATERNO
E040;GIOIA DEI MARSI
E096;GORIANO SICOLI
E307;INTRODACQUA
A345;L'AQUILA
E505;LECCE NEI MARSI
E723;LUCO DEI MARSI
E724;LUCOLI
E811;MAGLIANO DE' MARSI
F022;MASSA D'ALBE
M255;MOLINA ATERNO
F595;MONTEREALE
F732;MORINO
F852;NAVELLI
F996;OCRE
G002;OFENA
G079;OPI
G102;ORICOLA
G142;ORTONA DEI MARSI
G145;ORTUCCHIO
G200;OVINDOLI
G210;PACENTRO
G449;PERETO
G484;PESCASSEROLI
G492;PESCINA
G493;PESCOCOSTANZO
G524;PETTORANO SUL GIZIO
G726;PIZZOLI
G766;POGGIO PICENZE
G992;PRATA D'ANSIDONIA
H007;PRATOLA PELIGNA
H056;PREZZA
H166;RAIANO
H353;RIVISONDOLI
H389;ROCCACASALE
H399;ROCCA DI BOTTE
H400;ROCCA DI CAMBIO
H402;ROCCA DI MEZZO
H429;ROCCA PIA
H434;ROCCARASO
H772;SAN BENEDETTO DEI MARSI
H773;SAN BENEDETTO IN PERILLIS
H819;SAN DEMETRIO NE' VESTINI
I121;SAN PIO DELLE CAMERE
I326;SANTE MARIE
I336;SANT'EUSANIO FORCONESE
I360;SANTO STEFANO DI SESSANIO
I389;SAN VINCENZO VALLE ROVETO
I501;SCANNO
I543;SCONTRONE
I546;SCOPPITO
I553;SCURCOLA MARSICANA
I558;SECINARO
I804;SULMONA
L025;TAGLIACOZZO
L173;TIONE DEGLI ABRUZZI
L227;TORNIMPARTE
L334;TRASACCO
L958;VILLALAGO
M021;VILLA SANTA LUCIA DEGLI ABRUZZI
M023;VILLA SANT'ANGELO
M031;VILLAVALLELONGA
M041;VILLETTA BARREA
M090;VITTORITO
A125;ALBA ADRIATICA
A270;ANCARANO
A445;ARSITA
A488;ATRI
A692;BASCIANO
A746;BELLANTE
A885;BISENTI
B515;CAMPLI
B640;CANZANO
C040;CASTEL CASTAGNA
C128;CASTELLALTO
C169;CASTELLI
C316;CASTIGLIONE MESSER RAIMONDO
C322;CASTILENTI
C449;CELLINO ATTANASIO
C517;CERMIGNANO
C781;CIVITELLA DEL TRONTO
C311;COLLEDARA
C901;COLONNELLA
C972;CONTROGUERRA
D043;CORROPOLI
D076;CORTINO
D179;CROGNALETO
D489;FANO ADRIANO
E058;GIULIANOVA
E343;ISOLA DEL GRAN SASSO D'ITALIA
F500;MONTEFINO
F690;MONTORIO AL VOMANO
F747;MORRO D'ORO
F764;MOSCIANO SANT'ANGELO
F870;NERETO
F942;NOTARESCO
G437;PENNA SANT'ANDREA
G608;PIETRACAMELA
F831;PINETO
H440;ROCCA SANTA MARIA
F585;ROSETO DEGLI ABRUZZI
I318;SANT'EGIDIO ALLA VIBRATA
I348;SANT'OMERO
I741;SILVI
L103;TERAMO
L207;TORANO NUOVO
L295;TORRICELLA SICURA
L307;TORTORETO
L314;TOSSICIA
L597;VALLE CASTELLANA
E989;MARTINSICURO
A008;ABBATEGGIO
A120;ALANNO
A945;BOLOGNANO
B193;BRITTOLI
B294;BUSSI SUL TIRINO
B681;CAPPELLE SUL TAVO
B722;CARAMANICO TERME
B827;CARPINETO DELLA NORA
C308;CASTIGLIONE A CASAURIA
C354;CATIGNANO
C474;CEPAGATTI
C750;CITTÀ SANT'ANGELO
C771;CIVITAQUANA
C779;CIVITELLA CASANOVA
C853;COLLECORVINO
D078;CORVARA
D201;CUGNOLI
D394;ELICE
D501;FARINDOLA
E558;LETTOMANOPPELLO
E691;LORETO APRUTINO
E892;MANOPPELLO
F441;MONTEBELLO DI BERTONA
F646;MONTESILVANO
F765;MOSCUFO
F908;NOCCIANO
G438;PENNE
G482;PESCARA
G499;PESCOSANSONESCO
G555;PIANELLA
G589;PICCIANO
G621;PIETRANICO
G878;POPOLI TERME
H425;ROCCAMORICE
H562;ROSCIANO
H715;SALLE
I332;SANT'EUFEMIA A MAIELLA
I376;SAN VALENTINO IN ABRUZZO CITERIORE
I482;SCAFA
I649;SERRAMONACESCA
I922;SPOLTORE
L186;TOCCO DA CASAURIA
L263;TORRE DE' PASSERI
L475;TURRIVALIGNANI
L846;VICOLI
L922;VILLA CELIERA
A235;ALTINO
A367;ARCHI
A398;ARI
A402;ARIELLI
A485;ATESSA
A956;BOMBA
B057;BORRELLO
B238;BUCCHIANICO
B268;MONTEBELLO SUL SANGRO
B620;CANOSA SANNITA
B826;CARPINETO SINELLO
B853;CARUNCHIO
B859;CASACANDITELLA
B861;CASALANGUIDA
B865;CASALBORDINO
B896;CASALINCONTRADA
B985;CASOLI
C114;CASTEL FRENTANO
C123;CASTELGUIDONE
C298;CASTIGLIONE MESSER MARINO
C428;CELENZA SUL TRIGNO
C632;CHIETI
C768;CIVITALUPARELLA
C776;CIVITELLA MESSER RAIMONDO
C855;COLLEDIMACINE
C856;COLLEDIMEZZO
D137;CRECCHIO
D209;CUPELLO
D315;DOGLIOLA
D494;FARA FILIORUM PETRI
D495;FARA SAN MARTINO
D592;FILETTO
D738;FOSSACESIA
D757;FRAINE
D763;FRANCAVILLA AL MARE
D796;FRESAGRANDINARIA
D803;FRISA
D823;FURCI
D898;GAMBERALE
D996;GESSOPALENA
E052;GISSI
E056;GIULIANO TEATINO
E243;GUARDIAGRELE
E266;GUILMI
E424;LAMA DEI PELIGNI
E435;LANCIANO
E531;LENTELLA
E559;LETTOPALENA
E611;LISCIA
F196;MIGLIANICO
F433;MONTAZZOLI
F498;MONTEFERRANTE
F535;MONTELAPIANO
F578;MONTENERODOMO
F582;MONTEODORISIO
F785;MOZZAGROGNA
G128;ORSOGNA
G141;ORTONA
G237;PAGLIETA
G271;PALENA
G290;PALMOLI
G294;PALOMBARO
G434;PENNADOMO
G435;PENNAPIEDIMONTE
G441;PERANO
G724;PIZZOFERRATO
G760;POGGIOFIORITO
G799;POLLUTRI
H052;PRETORO
H098;QUADRI
H184;RAPINO
H320;RIPA TEATINA
H424;ROCCAMONTEPIANO
H439;ROCCA SAN GIOVANNI
H442;ROCCASCALEGNA
H448;ROCCASPINALVETI
H495;ROIO DEL SANGRO
H566;ROSELLO
H784;SAN BUONO
H923;SAN GIOVANNI LIPIONI
D690;SAN GIOVANNI TEATINO
H991;SAN MARTINO SULLA MARRUCINA
I148;SAN SALVO
I244;SANTA MARIA IMBARO
I335;SANT'EUSANIO DEL SANGRO
I394;SAN VITO CHIETINO
I520;SCERNI
I526;SCHIAVI DI ABRUZZO
L047;TARANTA PELIGNA
L194;TOLLO
L218;TORINO DI SANGRO
L224;TORNARECCIO
L253;TORREBRUNA
L284;TORREVECCHIA TEATINA
L291;TORRICELLA PELIGNA
L363;TREGLIO
L459;TUFILLO
L526;VACRI
E372;VASTO
L961;VILLALFONSINA
L964;VILLAMAGNA
M022;VILLA SANTA MARIA
G613;PIETRAFERRAZZANA
D480;FALLO
A050;ACQUAVIVA COLLECROCE
A616;BARANELLO
A930;BOJANO
A971;BONEFRO
B295;BUSSO
B519;CAMPOBASSO
B522;CAMPOCHIARO
B528;CAMPODIPIETRA
B544;CAMPOLIETO
B550;CAMPOMARINO
B858;CASACALENDA
B871;CASALCIPRANO
C066;CASTELBOTTACCIO
C175;CASTELLINO DEL BIFERNO
C197;CASTELMAURO
C346;CASTROPIGNANO
C486;CERCEMAGGIORE
C488;CERCEPICCOLA
C764;CIVITACAMPOMARANO
C854;COLLE D'ANCHISE
C875;COLLETORTO
C772;DURONIA
D550;FERRAZZANO
D737;FOSSALTO
D896;GAMBATESA
E030;GILDONE
E244;GUARDIALFIERA
E248;GUARDIAREGIA
E259;GUGLIONESI
E381;JELSI
E456;LARINO
E599;LIMOSANO
E722;LUCITO
E748;LUPARA
E780;MACCHIA VALFORTORE
E799;MAFALDA
F055;MATRICE
F233;MIRABELLO SANNITICO
F294;MOLISE
F322;MONACILIONI
F391;MONTAGANO
F475;MONTECILFONE
F495;MONTEFALCONE NEL SANNIO
F548;MONTELONGO
F569;MONTEMITRO
F576;MONTENERO DI BISACCIA
F689;MONTORIO NEI FRENTANI
F748;MORRONE DEL SANNIO
G086;ORATINO
G257;PALATA
G506;PETACCIATO
G512;PETRELLA TIFERNINA
G609;PIETRACATELLA
G610;PIETRACUPA
G910;PORTOCANNONE
H083;PROVVIDENTI
H273;RICCIA
H311;RIPABOTTONI
H313;RIPALIMOSANI
H454;ROCCAVIVARA
H589;ROTELLO
H693;SALCITO
H782;SAN BIASE
H833;SAN FELICE DEL MOLISE
H867;SAN GIACOMO DEGLI SCHIAVONI
H920;SAN GIOVANNI IN GALDO
H928;SAN GIULIANO DEL SANNIO
H929;SAN GIULIANO DI PUGLIA
H990;SAN MARTINO IN PENSILIS
I023;SAN MASSIMO
I122;SAN POLO MATESE
I181;SANTA CROCE DI MAGLIANO
I289;SANT'ANGELO LIMOSANO
I320;SANT'ELIA A PIANISI
I618;SEPINO
I910;SPINETE
L069;TAVENNA
L113;TERMOLI
L215;TORELLA DEL SANNIO
L230;TORO
L435;TRIVENTO
L458;TUFARA
L505;URURI
M057;VINCHIATURO
A015;ACCADIA
A150;ALBERONA
A320;ANZANO DI PUGLIA
A339;APRICENA
A463;ASCOLI SATRIANO
A854;BICCARI
B104;BOVINO
B357;CAGNANO VARANO
B584;CANDELA
B724;CARAPELLE
B784;CARLANTINO
B829;CARPINO
B904;CASALNUOVO MONTEROTARO
B917;CASALVECCHIO DI PUGLIA
C198;CASTELLUCCIO DEI SAURI
C202;CASTELLUCCIO VALMAGGIORE
C222;CASTELNUOVO DELLA DAUNIA
C429;CELENZA VALFORTORE
C442;CELLE DI SAN VITO
C514;CERIGNOLA
C633;CHIEUTI
D269;DELICETO
D459;FAETO
D643;FOGGIA
E332;ISCHITELLA
E363;ISOLE TREMITI
E549;LESINA
E716;LUCERA
E885;MANFREDONIA
F059;MATTINATA
F538;MONTELEONE DI PUGLIA
F631;MONTE SANT'ANGELO
F777;MOTTA MONTECORVINO
G125;ORSARA DI PUGLIA
G131;ORTA NOVA
G312;PANNI
G487;PESCHICI
G604;PIETRAMONTECORVINO
G761;POGGIO IMPERIALE
H287;RIGNANO GARGANICO
H467;ROCCHETTA SANT'ANTONIO
H480;RODI GARGANICO
H568;ROSETO VALFORTORE
H926;SAN GIOVANNI ROTONDO
H985;SAN MARCO IN LAMIS
H986;SAN MARCO LA CATOLA
I054;SAN NICANDRO GARGANICO
I072;SAN PAOLO DI CIVITATE
I158;SAN SEVERO
I193;SANT'AGATA DI PUGLIA
I641;SERRACAPRIOLA
I962;STORNARA
I963;STORNARELLA
L273;TORREMAGGIORE
L447;TROIA
L842;VICO DEL GARGANO
L858;VIESTE
M131;VOLTURARA APPULA
M132;VOLTURINO
M266;ORDONA
M267;ZAPPONETA
A048;ACQUAVIVA DELLE FONTI
A055;ADELFIA
A149;ALBEROBELLO
A225;ALTAMURA
A662;BARI
A874;BINETTO
A892;BITETTO
A893;BITONTO
A894;BITRITTO
B716;CAPURSO
B923;CASAMASSIMA
B998;CASSANO DELLE MURGE
C134;CASTELLANA GROTTE
C436;CELLAMARE
C975;CONVERSANO
C983;CORATO
E038;GIOIA DEL COLLE
E047;GIOVINAZZO
E155;GRAVINA IN PUGLIA
E223;GRUMO APPULA
E645;LOCOROTONDO
F262;MODUGNO
F280;MOLA DI BARI
F284;MOLFETTA
F376;MONOPOLI
F915;NOCI
F923;NOICATTARO
G291;PALO DEL COLLE
G769;POGGIORSINI
G787;POLIGNANO A MARE
H096;PUTIGNANO
H643;RUTIGLIANO
H645;RUVO DI PUGLIA
H749;SAMMICHELE DI BARI
I053;SANNICANDRO DI BARI
I330;SANTERAMO IN COLLE
L109;TERLIZZI
L220;TORITTO
L425;TRIGGIANO
L472;TURI
L571;VALENZANO
A514;AVETRANA
B808;CAROSINO
C136;CASTELLANETA
D171;CRISPIANO
D463;FAGGIANO
D754;FRAGAGNANO
E036;GINOSA
E205;GROTTAGLIE
E469;LATERZA
E537;LEPORANO
E630;LIZZANO
E882;MANDURIA
E986;MARTINA FRANCA
E995;MARUGGIO
F027;MASSAFRA
F531;MONTEIASI
F563;MONTEMESOLA
F587;MONTEPARANO
F784;MOTTOLA
G251;PALAGIANELLO
G252;PALAGIANO
H090;PULSANO
H409;ROCCAFORZATA
H882;SAN GIORGIO IONICO
I018;SAN MARZANO DI SAN GIUSEPPE
I467;SAVA
L049;TARANTO
L294;TORRICELLA
M298;STATTE
B180;BRINDISI
B809;CAROVIGNO
C424;CEGLIE MESSAPICA
C448;CELLINO SAN MARCO
C741;CISTERNINO
D422;ERCHIE
D508;FASANO
D761;FRANCAVILLA FONTANA
E471;LATIANO
F152;MESAGNE
G098;ORIA
G187;OSTUNI
H822;SAN DONACI
I045;SAN MICHELE SALENTINO
I066;SAN PANCRAZIO SALENTINO
I119;SAN PIETRO VERNOTICO
I396;SAN VITO DEI NORMANNI
L213;TORCHIAROLO
L280;TORRE SANTA SUSANNA
L920;VILLA CASTELLI
A184;ALESSANO
A185;ALEZIO
A208;ALLISTE
A281;ANDRANO
A350;ARADEO
A425;ARNESANO
A572;BAGNOLO DEL SALENTO
B086;BOTRUGNO
B413;CALIMERA
B506;CAMPI SALENTINA
B616;CANNOLE
B690;CAPRARICA DI LECCE
B792;CARMIANO
B822;CARPIGNANO SALENTINO
B936;CASARANO
C334;CASTRI DI LECCE
C335;CASTRIGNANO DE' GRECI
C336;CASTRIGNANO DEL CAPO
C377;CAVALLINO
C865;COLLEPASSO
C978;COPERTINO
D006;CORIGLIANO D'OTRANTO
D044;CORSANO
D223;CURSI
D237;CUTROFIANO
D305;DISO
D851;GAGLIANO DEL CAPO
D862;GALATINA
D863;GALATONE
D883;GALLIPOLI
E053;GIUGGIANELLO
E061;GIURDIGNANO
E227;GUAGNANO
E506;LECCE
E538;LEQUILE
E563;LEVERANO
E629;LIZZANELLO
E815;MAGLIE
E979;MARTANO
E984;MARTIGNANO
F054;MATINO
F101;MELENDUGNO
F109;MELISSANO
F117;MELPIGNANO
F194;MIGGIANO
F221;MINERVINO DI LECCE
F604;MONTERONI DI LECCE
F623;MONTESANO SALENTINO
F716;MORCIANO DI LEUCA
F816;MURO LECCESE
F842;NARDÒ
F881;NEVIANO
F916;NOCIGLIA
F970;NOVOLI
G136;ORTELLE
G188;OTRANTO
G285;PALMARIGGI
G325;PARABITA
G378;PATÙ
G751;POGGIARDO
H147;RACALE
H632;RUFFANO
H708;SALICE SALENTINO
H729;SALVE
H757;SANARICA
H793;SAN CESARIO DI LECCE
H826;SAN DONATO DI LECCE
I059;SANNICOLA
I115;SAN PIETRO IN LAMA
I172;SANTA CESAREA TERME
I549;SCORRANO
I559;SECLÌ
I780;SOGLIANO CAVOUR
I800;SOLETO
I887;SPECCHIA
I923;SPONGANO
I930;SQUINZANO
I950;STERNATIA
L008;SUPERSANO
L010;SURANO
L011;SURBO
L064;TAURISANO
L074;TAVIANO
L166;TIGGIANO
L383;TREPUZZI
L419;TRICASE
L462;TUGLIE
L484;UGENTO
L485;UGGIANO LA CHIESA
L711;VEGLIE
L776;VERNOLE
M187;ZOLLINO
M264;SAN CASSIANO
M261;CASTRO
M263;PORTO CESAREO
M428;PRESICCE-ACQUARICA
A013;ABRIOLA
A020;ACERENZA
A131;ALBANO DI LUCANIA
A321;ANZI
A415;ARMENTO
A482;ATELLA
A519;AVIGLIANO
A604;BALVANO
A612;BANZI
A615;BARAGIANO
A666;BARILE
A743;BELLA
B173;BRIENZA
B181;BRINDISI MONTAGNA
B440;CALVELLO
B443;CALVERA
B549;CAMPOMAGGIORE
B580;CANCELLARA
B743;CARBONE
B906;SAN PAOLO ALBANESE
C120;CASTELGRANDE
C199;CASTELLUCCIO INFERIORE
C201;CASTELLUCCIO SUPERIORE
C209;CASTELMEZZANO
C271;CASTELSARACENO
C345;CASTRONUOVO DI SANT'ANDREA
C539;CERSOSIMO
C619;CHIAROMONTE
D010;CORLETO PERTICARA
D414;EPISCOPIA
D497;FARDELLA
D593;FILIANO
D696;FORENZA
D766;FRANCAVILLA IN SINNI
D876;GALLICCHIO
D971;GENZANO DI LUCANIA
E221;GRUMENTO NOVA
E246;GUARDIA PERTICARA
E409;LAGONEGRO
E474;LATRONICO
E482;LAURENZANA
E483;LAURIA
E493;LAVELLO
E919;MARATEA
E976;MARSICO NUOVO
E977;MARSICOVETERE
F006;MASCHITO
F104;MELFI
F249;MISSANELLO
F295;MOLITERNO
F568;MONTEMILONE
F573;MONTEMURRO
F817;MURO LUCANO
F866;NEMOLI
F917;NOEPOLI
G081;OPPIDO LUCANO
G261;PALAZZO SAN GERVASIO
G496;PESCOPAGANO
G590;PICERNO
G616;PIETRAGALLA
G623;PIETRAPERTOSA
G663;PIGNOLA
G942;POTENZA
H186;RAPOLLA
H187;RAPONE
H307;RIONERO IN VULTURE
H312;RIPACANDIDA
H348;RIVELLO
H426;ROCCANOVA
H590;ROTONDA
H641;RUOTI
H646;RUVO DEL MONTE
H795;SAN CHIRICO NUOVO
H796;SAN CHIRICO RAPARO
H808;SAN COSTANTINO ALBANESE
H831;SAN FELE
H994;SAN MARTINO D'AGRI
I157;SAN SEVERINO LUCANO
I288;SANT'ANGELO LE FRATTE
I305;SANT'ARCANGELO
I426;SARCONI
I457;SASSO DI CASTALDA
G614;SATRIANO DI LUCANIA
H730;SAVOIA DI LUCANIA
I610;SENISE
I917;SPINOSO
L082;TEANA
L126;TERRANOVA DI POLLINO
L181;TITO
L197;TOLVE
L326;TRAMUTOLA
L357;TRECCHINA
L439;TRIVIGNO
L532;VAGLIO BASILICATA
L738;VENOSA
L859;VIETRI DI POTENZA
L873;VIGGIANELLO
L874;VIGGIANO
E033;GINESTRA
M269;PATERNO
A017;ACCETTURA
A196;ALIANO
A801;BERNALDA
B391;CALCIANO
C723;CIRIGLIANO
C888;COLOBRARO
D128;CRACO
D547;FERRANDINA
D909;GARAGUSO
E093;GORGOGLIONE
E147;GRASSANO
E213;GROTTOLE
E326;IRSINA
F052;MATERA
F201;MIGLIONICO
F399;MONTALBANO JONICO
F637;MONTESCAGLIOSO
A942;NOVA SIRI
G037;OLIVETO LUCANO
G712;PISTICCI
G786;POLICORO
G806;POMARICO
H591;ROTONDELLA
H687;SALANDRA
H888;SAN GIORGIO LUCANO
I029;SAN MAURO FORTE
I954;STIGLIANO
L418;TRICARICO
L477;TURSI
D513;VALSINNI
M256;SCANZANO JONICO
A033;ACQUAFORMOSA
A041;ACQUAPPESA
A053;ACRI
A102;AIELLO CALABRO
A105;AIETA
A160;ALBIDONA
A183;ALESSANDRIA DEL CARRETTO
A234;ALTILIA
A240;ALTOMONTE
A253;AMANTEA
A263;AMENDOLARA
A340;APRIGLIANO
A762;BELMONTE CALABRO
A768;BELSITO
A773;BELVEDERE MARITTIMO
A842;BIANCHI
A887;BISIGNANO
A912;BOCCHIGLIERO
A973;BONIFATI
B270;BUONVICINO
B424;CALOPEZZATI
B426;CALOVETO
B500;CAMPANA
B607;CANNA
B774;CARIATI
B802;CAROLEI
B813;CARPANZANO
C002;CASSANO ALL'IONIO
C301;CASTIGLIONE COSENTINO
C108;CASTROLIBERO
C348;CASTROREGIO
C349;CASTROVILLARI
C430;CELICO
C437;CELLARA
C489;CERCHIARA DI CALABRIA
C515;CERISANO
C554;CERVICATI
C560;CERZETO
C588;CETRARO
C763;CIVITA
C795;CLETO
C905;COLOSIMI
D086;COSENZA
D180;CROPALATI
D184;CROSIA
D289;DIAMANTE
D304;DIPIGNANO
D328;DOMANICO
D464;FAGNANO CASTELLO
D473;FALCONARA ALBANESE
D582;FIGLINE VEGLIATURO
D614;FIRMO
D624;FIUMEFREDDO BRUZIO
D764;FRANCAVILLA MARITTIMA
D774;FRASCINETO
D828;FUSCALDO
E180;GRIMALDI
E185;GRISOLIA
E242;GUARDIA PIEMONTESE
E407;LAGO
E417;LAINO BORGO
E419;LAINO CASTELLO
E450;LAPPANO
E475;LATTARICO
E677;LONGOBARDI
E678;LONGOBUCCO
E745;LUNGRO
E773;LUZZI
E835;MAIERÀ
E859;MALITO
E872;MALVITO
E878;MANDATORICCIO
E888;MANGONE
E914;MARANO MARCHESATO
E915;MARANO PRINCIPATO
F001;MARZI
F125;MENDICINO
F370;MONGRASSANO
F416;MONTALTO UFFUGO
F519;MONTEGIORDANO
F708;MORANO CALABRO
F735;MORMANNO
F775;MOTTAFOLLONE
F907;NOCARA
G110;ORIOLO
G129;ORSOMARSO
G298;PALUDI
G307;PANETTIERI
G317;PAOLA
G320;PAPASIDERO
G331;PARENTI
G372;PATERNO CALABRO
G411;PEDIVIGLIANO
G553;PIANE CRATI
G615;PIETRAFITTA
G622;PIETRAPAOLA
G733;PLATACI
G975;PRAIA A MARE
H235;RENDE
H416;ROCCA IMPERIALE
H488;ROGGIANO GRAVINA
H490;ROGLIANO
H565;ROSE
H572;ROSETO CAPO SPULICO
H585;ROTA GRECA
H621;ROVITO
H765;SAN BASILE
H774;SAN BENEDETTO ULLANO
H806;SAN COSMO ALBANESE
H818;SAN DEMETRIO CORONE
H825;SAN DONATO DI NINEA
H841;SAN FILI
H877;SANGINETO
H881;SAN GIORGIO ALBANESE
H919;SAN GIOVANNI IN FIORE
H961;SAN LORENZO BELLIZZI
H962;SAN LORENZO DEL VALLO
H971;SAN LUCIDO
H981;SAN MARCO ARGENTANO
H992;SAN MARTINO DI FINITA
I060;SAN NICOLA ARCELLA
I108;SAN PIETRO IN AMANTEA
I114;SAN PIETRO IN GUARANO
I165;SAN SOSTI
I171;SANTA CATERINA ALBANESE
I183;SANTA DOMENICA TALAO
I192;SANT'AGATA DI ESARO
C717;SANTA MARIA DEL CEDRO
I309;SANTA SOFIA D'EPIRO
I359;SANTO STEFANO DI ROGLIANO
I388;SAN VINCENZO LA COSTA
I423;SARACENA
I485;SCALA COELI
I489;SCALEA
D290;SCIGLIANO
I642;SERRA D'AIELLO
I895;SPEZZANO ALBANESE
I896;SPEZZANO DELLA SILA
L055;TARSIA
L124;TERRANOVA DA SIBARI
L134;TERRAVECCHIA
L206;TORANO CASTELLO
L305;TORTORA
L353;TREBISACCE
L524;VACCARIZZO ALBANESE
L747;VERBICARO
B903;VILLAPIANA
M202;ZUMPANO
M385;CASALI DEL MANCO
M403;CORIGLIANO-ROSSANO
A155;ALBI
A255;AMARONI
A257;AMATO
A272;ANDALI
A397;ARGUSTO
A542;BADOLATO
A736;BELCASTRO
B002;BORGIA
B085;BOTRICELLO
B717;CARAFFA DI CATANZARO
B758;CARDINALE
B790;CARLOPOLI
C352;CATANZARO
C453;CENADI
C472;CENTRACHE
C542;CERVA
C616;CHIARAVALLE CENTRALE
C674;CICALA
C960;CONFLENTI
D049;CORTALE
D181;CROPANI
D218;CURINGA
D257;DAVOLI
D261;DECOLLATURA
D476;FALERNA
D544;FEROLETO ANTICO
D744;FOSSATO SERRALTA
D852;GAGLIATO
D932;GASPERINA
E031;GIMIGLIANO
E050;GIRIFALCO
E068;GIZZERIA
E239;GUARDAVALLE
E328;ISCA SULLO IONIO
E274;JACURSO
E806;MAGISANO
E834;MAIDA
E923;MARCEDUSA
E925;MARCELLINARA
E990;MARTIRANO
E991;MARTIRANO LOMBARDO
F200;MIGLIERINA
F432;MONTAURO
F586;MONTEPAONE
F780;MOTTA SANTA LUCIA
F910;NOCERA TERINESE
G034;OLIVADI
G272;PALERMITI
G439;PENTONE
G517;PETRIZZI
G518;PETRONÀ
D546;PIANOPOLI
G734;PLATANIA
H846;SAN FLORO
H976;SAN MANGO D'AQUINO
I093;SAN PIETRO A MAIDA
I095;SAN PIETRO APOSTOLO
I164;SAN SOSTENE
I170;SANTA CATERINA DELLO IONIO
I266;SANT'ANDREA APOSTOLO DELLO IONIO
I393;SAN VITO SULLO IONIO
I463;SATRIANO
I589;SELLIA
I590;SELLIA MARINA
I655;SERRASTRETTA
I671;SERSALE
I704;SETTINGIANO
I745;SIMERI CRICHI
I844;SORBO SAN BASILE
I872;SOVERATO
I874;SOVERIA MANNELLI
I875;SOVERIA SIMERI
I929;SQUILLACE
I937;STALETTÌ
L070;TAVERNA
L177;TIRIOLO
L240;TORRE DI RUGGIERO
I322;VALLEFIORITA
M140;ZAGARISE
M208;LAMEZIA TERME
A065;AFRICO
A077;AGNANA CALABRA
A303;ANOIA
A314;ANTONIMINA
A385;ARDORE
A544;BAGALADI
A552;BAGNARA CALABRA
A780;BENESTARE
A843;BIANCO
A897;BIVONGI
B097;BOVA
B098;BOVALINO
B099;BOVA MARINA
B118;BRANCALEONE
B234;BRUZZANO ZEFFIRIO
B379;CALANNA
B481;CAMINI
B516;CAMPO CALABRO
B591;CANDIDONI
B617;CANOLO
B718;CARAFFA DEL BIANCO
B756;CARDETO
B766;CARERI
B966;CASIGNANA
C285;CAULONIA
C695;CIMINÀ
C710;CINQUEFRONDI
C747;CITTANOVA
C954;CONDOFURI
D089;COSOLETO
D268;DELIANUOVA
D545;FEROLETO DELLA CHIESA
D557;FERRUZZANO
D619;FIUMARA
D864;GALATRO
D975;GERACE
E025;GIFFONE
E041;GIOIA TAURO
E044;GIOIOSA IONICA
E212;GROTTERIA
E402;LAGANADI
E479;LAUREANA DI BORRELLO
D976;LOCRI
E873;MAMMOLA
E956;MARINA DI GIOIOSA IONICA
E968;MAROPATI
E993;MARTONE
F105;MELICUCCÀ
F106;MELICUCCO
F112;MELITO DI PORTO SALVO
F301;MOLOCHIO
F324;MONASTERACE
D746;MONTEBELLO JONICO
F779;MOTTA SAN GIOVANNI
G082;OPPIDO MAMERTINA
G277;PALIZZI
G288;PALMI
G394;PAZZANO
G729;PLACANICA
G735;PLATÌ
G791;POLISTENA
G905;PORTIGLIOLA
H224;REGGIO DI CALABRIA
H265;RIACE
H359;RIZZICONI
H408;ROCCAFORTE DEL GRECO
H456;ROCCELLA IONICA
H489;ROGHUDI
H558;ROSARNO
H013;SAMO
H889;SAN GIORGIO MORGETO
H903;SAN GIOVANNI DI GERACE
H959;SAN LORENZO
H970;SAN LUCA
I102;SAN PIETRO DI CARIDÀ
I132;SAN PROCOPIO
I139;SAN ROBERTO
I176;SANTA CRISTINA D'ASPROMONTE
I198;SANT'AGATA DEL BIANCO
I214;SANT'ALESSIO IN ASPROMONTE
I333;SANT'EUFEMIA D'ASPROMONTE
I341;SANT'ILARIO DELLO IONIO
I371;SANTO STEFANO IN ASPROMONTE
I536;SCIDO
I537;SCILLA
I600;SEMINARA
I656;SERRATA
I725;SIDERNO
I753;SINOPOLI
I936;STAITI
I955;STIGNANO
I956;STILO
L063;TAURIANOVA
L127;TERRANOVA SAPPO MINULIO
L673;VARAPODIO
M018;VILLA SAN GIOVANNI
M277;SAN FERDINANDO
A176;ALCAMO
B288;BUSETO PALIZZOLO
B385;CALATAFIMI-SEGESTA
B521;CAMPOBELLO DI MAZARA
C130;CASTELLAMMARE DEL GOLFO
C286;CASTELVETRANO
D234;CUSTONACI
D423;ERICE
D518;FAVIGNANA
E023;GIBELLINA
E974;MARSALA
F061;MAZARA DEL VALLO
G208;PACECO
G315;PANTELLERIA
G347;PARTANNA
G767;POGGIOREALE
H688;SALAPARUTA
H700;SALEMI
I291;SANTA NINFA
I407;SAN VITO LO CAPO
L331;TRAPANI
G319;VALDERICE
M081;VITA
M281;PETROSINO
M432;MISILISCEMI
A195;ALIA
A202;ALIMENA
A203;ALIMINUSA
A229;ALTAVILLA MILICIA
A239;ALTOFONTE
A546;BAGHERIA
A592;BALESTRATE
A719;BAUCINA
A764;BELMONTE MEZZAGNO
A882;BISACQUINO
A946;BOLOGNETTA
A958;BOMPIETRO
A991;BORGETTO
B315;CACCAMO
B430;CALTAVUTURO
B533;CAMPOFELICE DI FITALIA
B532;CAMPOFELICE DI ROCCELLA
B535;CAMPOFIORITO
B556;CAMPOREALE
B645;CAPACI
B780;CARINI
C067;CASTELBUONO
C074;CASTELDACCIA
C135;CASTELLANA SICULA
C344;CASTRONOVO DI SICILIA
C420;CEFALÀ DIANA
C421;CEFALÙ
C496;CERDA
C654;CHIUSA SCLAFANI
C696;CIMINNA
C708;CINISI
C871;COLLESANO
C968;CONTESSA ENTELLINA
D009;CORLEONE
D567;FICARAZZI
D907;GANGI
D977;GERACI SICULO
E013;GIARDINELLO
E055;GIULIANA
E074;GODRANO
E149;GRATTERI
E337;ISNELLO
E350;ISOLA DELLE FEMMINE
E459;LASCARI
E541;LERCARA FRIDDI
E957;MARINEO
F184;MEZZOJUSO
F246;MISILMERI
F377;MONREALE
F544;MONTELEPRE
F553;MONTEMAGGIORE BELSITO
G263;PALAZZO ADRIANO
G273;PALERMO
G348;PARTINICO
G510;PETRALIA SOPRANA
G511;PETRALIA SOTTANA
G543;PIANA DEGLI ALBANESI
G792;POLIZZI GENEROSA
G797;POLLINA
H070;PRIZZI
H422;ROCCAMENA
H428;ROCCAPALUMBA
H797;SAN CIPIRELLO
H933;SAN GIUSEPPE JATO
I028;SAN MAURO CASTELVERDE
I174;SANTA CRISTINA GELA
I188;SANTA FLAVIA
I534;SCIARA
I541;SCLAFANI BAGNI
L112;TERMINI IMERESE
L131;TERRASINI
L282;TORRETTA
L317;TRABIA
L332;TRAPPETO
L519;USTICA
L603;VALLEDOLMO
L740;VENTIMIGLIA DI SICILIA
L837;VICARI
L916;VILLABATE
L951;VILLAFRATI
I538;SCILLATO
M268;BLUFI
A177;ALCARA LI FUSI
A194;ALÌ
A201;ALÌ TERME
A313;ANTILLO
A638;BARCELLONA POZZO DI GOTTO
A698;BASICÒ
B198;BROLO
B660;CAPIZZI
B666;CAPO D'ORLANDO
B695;CAPRI LEONE
B804;CARONIA
B918;CASALVECCHIO SICULO
C094;CASTEL DI LUCIO
C051;CASTELL'UMBERTO
C210;CASTELMOLA
C347;CASTROREALE
C568;CESARÒ
C956;CONDRÒ
D474;FALCONE
D569;FICARRA
D622;FIUMEDINISI
D635;FLORESTA
D661;FONDACHELLI-FANTINA
D733;FORZA D'AGRÒ
D765;FRANCAVILLA DI SICILIA
D793;FRAZZANÒ
D824;FURCI SICULO
D825;FURNARI
D844;GAGGI
D861;GALATI MAMERTINO
D885;GALLODORO
E014;GIARDINI-NAXOS
E043;GIOIOSA MAREA
E142;GRANITI
E233;GUALTIERI SICAMINÒ
E374;ITALA
E523;LENI
E555;LETOJANNI
E571;LIBRIZZI
E594;LIMINA
E606;LIPARI
E674;LONGI
E855;MALFA
E869;MALVAGNA
E876;MANDANICI
F066;MAZZARRÀ SANT'ANDREA
F147;MERÌ
F158;MESSINA
F206;MILAZZO
F210;MILITELLO ROSMARINO
F242;MIRTO
F251;MISTRETTA
F277;MOIO ALCANTARA
F359;MONFORTE SAN GIORGIO
F368;MONGIUFFI MELIA
F395;MONTAGNAREALE
F400;MONTALBANO ELICONA
F772;MOTTA CAMASTRA
F773;MOTTA D'AFFERMO
F848;NASO
F901;NIZZA DI SICILIA
F951;NOVARA DI SICILIA
G036;OLIVERI
G209;PACE DEL MELA
G234;PAGLIARA
G377;PATTI
G522;PETTINEO
G699;PIRAINO
H151;RACCUJA
H228;REITANO
H405;ROCCAFIORITA
H418;ROCCALUMERA
H380;ROCCAVALDINA
H455;ROCCELLA VALDEMONE
H479;RODÌ MILICI
H519;ROMETTA
H842;SAN FILIPPO DEL MELA
H850;SAN FRATELLO
H982;SAN MARCO D'ALUNZIO
I084;SAN PIER NICETO
I086;SAN PIERO PATTI
I147;SAN SALVATORE DI FITALIA
I184;SANTA DOMENICA VITTORIA
I199;SANT'AGATA DI MILITELLO
I215;SANT'ALESSIO SICULO
I220;SANTA LUCIA DEL MELA
I254;SANTA MARINA SALINA
I283;SANT'ANGELO DI BROLO
I311;SANTA TERESA DI RIVA
I328;SAN TEODORO
I370;SANTO STEFANO DI CAMASTRA
I420;SAPONARA
I477;SAVOCA
I492;SCALETTA ZANCLEA
I747;SINAGRA
I881;SPADAFORA
L042;TAORMINA
L271;TORREGROTTA
L308;TORTORICI
L431;TRIPI
L478;TUSA
L482;UCRIA
L561;VALDINA
L735;VENETICO
L950;VILLAFRANCA TIRRENA
M210;TERME VIGLIATORE
M211;ACQUEDOLCI
M286;TORRENOVA
A089;AGRIGENTO
A181;ALESSANDRIA DELLA ROCCA
A351;ARAGONA
A896;BIVONA
B275;BURGIO
B377;CALAMONACI
B427;CALTABELLOTTA
B460;CAMASTRA
B486;CAMMARATA
B520;CAMPOBELLO DI LICATA
B602;CANICATTÌ
C275;CASTELTERMINI
C341;CASTROFILIPPO
C356;CATTOLICA ERACLEA
C668;CIANCIANA
C928;COMITINI
D514;FAVARA
E209;GROTTE
E390;JOPPOLO GIANCAXIO
E431;LAMPEDUSA E LINOSA
E573;LICATA
E714;LUCCA SICULA
F126;MENFI
F414;MONTALLEGRO
F655;MONTEVAGO
F845;NARO
G282;PALMA DI MONTECHIARO
F299;PORTO EMPEDOCLE
H148;RACALMUTO
H159;RAFFADALI
H194;RAVANUSA
H205;REALMONTE
H269;RIBERA
H743;SAMBUCA DI SICILIA
H778;SAN BIAGIO PLATANI
H914;SAN GIOVANNI GEMINI
I185;SANTA ELISABETTA
I224;SANTA MARGHERITA DI BELICE
I290;SANT'ANGELO MUXARO
I356;SANTO STEFANO QUISQUINA
I533;SCIACCA
I723;SICULIANA
L944;VILLAFRANCA SICULA
A049;ACQUAVIVA PLATANI
A957;BOMPENSIERE
B302;BUTERA
B429;CALTANISSETTA
B537;CAMPOFRANCO
D267;DELIA
D960;GELA
E953;MARIANOPOLI
F065;MAZZARINO
E618;MILENA
F489;MONTEDORO
F830;MUSSOMELI
F899;NISCEMI
H245;RESUTTANO
H281;RIESI
H792;SAN CATALDO
I169;SANTA CATERINA VILLARMOSA
I644;SERRADIFALCO
I824;SOMMATINO
L016;SUTERA
L609;VALLELUNGA PRATAMENO
L959;VILLALBA
A070;AGIRA
A098;AIDONE
A478;ASSORO
A676;BARRAFRANCA
B381;CALASCIBETTA
C353;CATENANUOVA
C471;CENTURIPE
C480;CERAMI
C342;ENNA
D849;GAGLIANO CASTELFERRATO
E536;LEONFORTE
F892;NICOSIA
F900;NISSORIA
G580;PIAZZA ARMERINA
G624;PIETRAPERZIA
H221;REGALBUTO
I891;SPERLINGA
L448;TROINA
L583;VALGUARNERA CAROPEPE
M011;VILLAROSA
A025;ACI BONACCORSI
A026;ACI CASTELLO
A027;ACI CATENA
A028;ACIREALE
A029;ACI SANT'ANTONIO
A056;ADRANO
A766;BELPASSO
A841;BIANCAVILLA
B202;BRONTE
B384;CALATABIANO
B428;CALTAGIRONE
B561;CAMPOROTONDO ETNEO
C091;CASTEL DI IUDICA
C297;CASTIGLIONE DI SICILIA
C351;CATANIA
D623;FIUMEFREDDO DI SICILIA
E017;GIARRE
E133;GRAMMICHELE
E156;GRAVINA DI CATANIA
E578;LICODIA EUBEA
E602;LINGUAGLOSSA
E854;MALETTO
F004;MASCALI
F005;MASCALUCIA
F209;MILITELLO IN VAL DI CATANIA
F214;MILO
F217;MINEO
F231;MIRABELLA IMBACCARI
F250;MISTERBIANCO
F781;MOTTA SANT'ANASTASIA
F890;NICOLOSI
G253;PALAGONIA
G371;PATERNÒ
G402;PEDARA
G597;PIEDIMONTE ETNEO
H154;RADDUSA
H168;RAMACCA
H175;RANDAZZO
H325;RIPOSTO
H805;SAN CONO
H922;SAN GIOVANNI LA PUNTA
H940;SAN GREGORIO DI CATANIA
I035;SAN MICHELE DI GANZARIA
I098;SAN PIETRO CLARENZA
I202;SANT'AGATA LI BATTIATI
I216;SANT'ALFIO
I240;SANTA MARIA DI LICODIA
I314;SANTA VENERINA
I548;SCORDIA
L355;TRECASTAGNI
L369;TREMESTIERI ETNEO
L658;VALVERDE
L828;VIAGRANDE
M100;VIZZINI
M139;ZAFFERANA ETNEA
M271;MAZZARRONE
M283;MANIACE
M287;RAGALNA
A014;ACATE
C612;CHIARAMONTE GULFI
C927;COMISO
E016;GIARRATANA
E366;ISPICA
F258;MODICA
F610;MONTEROSSO ALMO
G953;POZZALLO
H163;RAGUSA
I178;SANTA CROCE CAMERINA
I535;SCICLI
M088;VITTORIA
A494;AUGUSTA
A522;AVOLA
B237;BUCCHERI
B287;BUSCEMI
B603;CANICATTINI BAGNI
B787;CARLENTINI
C006;CASSARO
D540;FERLA
D636;FLORIDIA
D768;FRANCOFONTE
E532;LENTINI
F107;MELILLI
F943;NOTO
G211;PACHINO
G267;PALAZZOLO ACREIDE
H574;ROSOLINI
I754;SIRACUSA
I785;SOLARINO
I864;SORTINO
M257;PORTOPALO DI CAPO PASSERO
M279;PRIOLO GARGALLO
A069;AGGIUS
A115;ALÀ DEI SARDI
A192;ALGHERO
A287;ANELA
A379;ARDARA
A453;ARZACHENA
A606;BANARI
A781;BENETUTTI
A789;BERCHIDDA
A827;BESSUDE
A976;BONNANARO
A977;BONO
A978;BONORVA
B063;BORTIGIADAS
B064;BORUTTA
B094;BOTTIDDA
B246;BUDDUSÒ
B264;BULTEI
B265;BULZI
B276;BURGOS
B378;CALANGIANUS
B772;CARGEGHE
C272;CASTELSARDO
C600;CHEREMULE
C613;CHIARAMONTI
C818;CODRONGIANOS
D100;COSSOINE
D441;ESPORLATU
D637;FLORINAS
E019;GIAVE
E285;ILLORAI
E376;ITTIREDDU
E377;ITTIRI
E401;LAERRU
E425;LA MADDALENA
E747;LUOGOSANTO
E752;LURAS
E902;MARA
E992;MARTIS
F542;MONTELEONE ROCCA DORIA
F667;MONTI
F721;MORES
F818;MUROS
F975;NUGHEDU SAN NICOLÒ
F976;NULE
F977;NULVI
G015;OLBIA
G046;OLMEDO
G153;OSCHIRI
G156;OSILO
G178;OSSI
G203;OZIERI
G225;PADRIA
G258;PALAU
G376;PATTADA
G450;PERFUGAS
G740;PLOAGHE
G924;PORTO TORRES
G962;POZZOMAGGIORE
H095;PUTIFIGARI
H507;ROMANA
H848;AGLIENTU
I312;SANTA TERESA GALLURA
I452;SASSARI
I565;SEDINI
I598;SEMESTENE
I614;SENNORI
I732;SILIGO
I863;SORSO
L093;TEMPIO PAUSANIA
L158;THIESI
L180;TISSI
L235;TORRALBA
L428;TRINITÀ D'AGULTU E VIGNOLA
L464;TULA
L503;URI
L509;USINI
L989;VILLANOVA MONTELEONE
L604;VALLEDORIA
L088;TELTI
M214;BADESI
M259;VIDDALBA
M274;GOLFO ARANCI
M275;LOIRI PORTO SAN PAOLO
M276;SANT'ANTONIO DI GALLURA
M282;TERGU
M284;SANTA MARIA COGHINAS
M292;ERULA
M290;STINTINO
M301;PADRU
B248;BUDONI
I329;SAN TEODORO
A407;ARITZO
A454;ARZANA
A492;ATZARA
A503;AUSTIS
A663;BARI SARDO
A722;BAUNEI
A776;BELVÌ
A880;BIRORI
A895;BITTI
A948;BOLOTANA
B056;BORORE
B062;BORTIGALI
D287;DESULO
D345;DORGALI
D376;DUALCHI
D395;ELINI
D665;FONNI
D842;GADONI
D859;GAIRO
D888;GALTELLÌ
D947;GAVOI
E049;GIRASOLE
E283;ILBONO
E323;IRGOLI
E387;JERZU
E441;LANUSEI
E517;LEI
E644;LOCERI
E646;LOCULI
E647;LODÈ
E700;LOTZORAI
E736;LULA
E788;MACOMER
E874;MAMOIADA
F073;MEANA SARDO
F933;NORAGUGUME
F979;NUORO
G031;OLIENA
G044;OLLOLAI
G058;OLZAI
G064;ONANÌ
G070;ONIFAI
G071;ONIFERI
G084;ORANI
G097;ORGOSOLO
G119;OROSEI
G120;OROTELLI
G146;ORTUERI
G147;ORUNE
G154;OSIDDA
G158;OSINI
G191;OTTANA
G201;OVODDA
G445;PERDASDEFOGU
G929;POSADA
I448;SARULE
I730;SILANUS
I748;SINDIA
I751;SINISCOLA
I851;SORGONO
L036;TALANA
L140;TERTENIA
L153;TETI
L160;TIANA
L202;TONARA
L231;TORPÈ
A355;TORTOLÌ
L423;TRIEI
L489;ULASSAI
L506;URZULEI
L514;USSASSAI
L953;VILLAGRANDE STRISAILI
M285;CARDEDU
E649;LODINE
A474;ASSEMINI
B354;CAGLIARI
B675;CAPOTERRA
D259;DECIMOMANNU
E903;MARACALAGONIS
H088;PULA
H118;QUARTU SANT'ELENA
I443;SARROCH
I580;SELARGIUS
I695;SESTU
I699;SETTIMO SAN PIETRO
I752;SINNAI
L521;UTA
I118;VILLA SAN PIETRO
H119;QUARTUCCIU
D399;ELMAS
F383;MONSERRATO
A283;ANDREIS
A354;ARBA
A516;AVIANO
A530;AZZANO DECIMO
A640;BARCIS
B215;BRUGNERA
B247;BUDOIA
B598;CANEVA
B940;CASARSA DELLA DELIZIA
C217;CASTELNOVO DEL FRIULI
C385;CAVASSO NUOVO
C640;CHIONS
C699;CIMOLAIS
C790;CLAUT
C791;CLAUZETTO
C991;CORDENONS
C993;CORDOVADO
D426;ERTO E CASSO
D487;FANNA
D621;FIUME VENETO
D670;FONTANAFREDDA
D804;FRISANCO
E889;MANIAGO
F089;MEDUNO
F596;MONTEREALE VALCELLINA
F750;MORSANO AL TAGLIAMENTO
G353;PASIANO DI PORDENONE
G680;PINZANO AL TAGLIAMENTO
G780;POLCENIGO
G886;PORCIA
G888;PORDENONE
G994;PRATA DI PORDENONE
H010;PRAVISDOMINI
H609;ROVEREDO IN PIANO
H657;SACILE
H891;SAN GIORGIO DELLA RICHINVELDA
H999;SAN MARTINO AL TAGLIAMENTO
I136;SAN QUIRINO
I403;SAN VITO AL TAGLIAMENTO
I621;SEQUALS
I686;SESTO AL REGHENA
I904;SPILIMBERGO
L324;TRAMONTI DI SOPRA
L325;TRAMONTI DI SOTTO
L347;TRAVESIO
M085;VITO D'ASIO
M096;VIVARO
M190;ZOPPOLA
M265;VAJONT
M346;VALVASONE ARZENE
A051;ACQUAVIVA D'ISERNIA
A080;AGNONE
A567;BAGNOLI DEL TRIGNO
A761;BELMONTE DEL SANNIO
B630;CANTALUPO NEL SANNIO
B682;CAPRACOTTA
B810;CAROVILLI
B830;CARPINONE
C082;CASTEL DEL GIUDICE
C246;CASTELPETROSO
C247;CASTELPIZZUTO
C270;CASTEL SAN VINCENZO
C200;CASTELVERRINO
C534;CERRO AL VOLTURNO
C620;CHIAUCI
C769;CIVITANOVA DEL SANNIO
C878;COLLI A VOLTURNO
C941;CONCA CASALE
D595;FILIGNANO
D703;FORLÌ DEL SANNIO
D715;FORNELLI
D811;FROSOLONE
E335;ISERNIA
E669;LONGANO
E778;MACCHIA D'ISERNIA
E779;MACCHIAGODENA
F239;MIRANDA
F429;MONTAQUILA
F580;MONTENERO VAL COCCHIARA
F601;MONTERODUNI
G486;PESCHE
G495;PESCOLANCIANO
G497;PESCOPENNATARO
G523;PETTORANELLO DEL MOLISE
G606;PIETRABBONDANTE
G727;PIZZONE
B317;POGGIO SANNITA
G954;POZZILLI
H308;RIONERO SANNITICO
H420;ROCCAMANDOLFI
H445;ROCCASICURA
H458;ROCCHETTA A VOLTURNO
I096;SAN PIETRO AVELLANA
I189;SANT'AGAPITO
I238;SANTA MARIA DEL MOLISE
I282;SANT'ANGELO DEL PESCO
B466;SANT'ELENA SANNITA
I507;SCAPOLI
I679;SESSANO DEL MOLISE
I682;SESTO CAMPANO
L696;VASTOGIRARDI
L725;VENAFRO
A007;ABBASANTA
A097;AIDOMAGGIORE
A126;ALBAGIARA
A180;ALES
A204;ALLAI
A357;ARBOREA
A380;ARDAULI
A477;ASSOLO
A480;ASUNI
A614;BARADILI
A621;BARATILI SAN PIETRO
A655;BARESSA
A721;BAULADU
A856;BIDONÌ
A960;BONARCADO
B055;BORONEDDU
B281;BUSACHI
B314;CABRAS
D200;CUGLIERI
D695;FORDONGIANUS
E004;GHILARZA
E087;GONNOSCODINA
D585;GONNOSNÒ
E088;GONNOSTRAMATZA
E972;MARRUBIU
F050;MASULLAS
F208;MILIS
F270;MOGORELLA
F272;MOGORO
F727;MORGONGIORI
F840;NARBOLIA
F867;NEONELI
F934;NORBELLO
F974;NUGHEDU SANTA VITTORIA
F980;NURACHI
F985;NURECI
G043;OLLASTRA
G113;ORISTANO
G286;PALMAS ARBOREA
G379;PAU
G384;PAULILATINO
G817;POMPU
H301;RIOLA SARDO
F271;RUINAS
H756;SAMUGHEO
A368;SAN NICOLÒ D'ARCIDANO
I205;SANTA GIUSTA
I298;VILLA SANT'ANTONIO
I374;SANTU LUSSURGIU
I384;SAN VERO MILIS
I503;SCANO DI MONTIFERRO
I564;SEDILO
I605;SENEGHE
I609;SENIS
I613;SENNARIOLO
I717;SIAMAGGIORE
I718;SIAMANNA
I742;SIMALA
I743;SIMAXIS
I749;SINI
I757;SIRIS
I791;SOLARUSSA
I861;SORRADILE
L023;TADASUNI
L122;TERRALBA
L321;TRAMATZA
L393;TRESNURAGHES
L488;ULÀ TIRSO
L496;URAS
L508;USELLUS
L991;VILLANOVA TRUSCHEDU
M030;VILLAURBANA
A609;VILLA VERDE
M153;ZEDDIANI
M168;ZERFALIU
I721;SIAPICCIA
D214;CURCURIS
I778;SODDÌ
B068;BOSA
D640;FLUSSIO
E400;LACONI
E825;MAGOMADAS
F261;MODOLO
F698;MONTRESTA
H661;SAGAMA
L006;SUNI
L172;TINNURA
A107;AILOCHE
A280;ANDORNO MICCA
A784;BENNA
A859;BIELLA
A876;BIOGLIO
B058;BORRIANA
B229;BRUSNENGO
B417;CALLABIANA
B457;CAMANDONA
B465;CAMBURZANO
B586;CANDELO
B708;CAPRILE
B933;CASAPINTA
C155;CASTELLETTO CERVO
C363;CAVAGLIÀ
C532;CERRIONE
C819;COGGIOLA
D094;COSSATO
D165;CREVACUORE
D219;CURINO
D339;DONATO
D350;DORZANO
D848;GAGLIANICO
E024;GIFFLENGA
E130;GRAGLIA
E821;MAGNANO
F037;MASSAZZA
F042;MASSERANO
F167;MEZZANA MORTIGLIENGO
F189;MIAGLIANO
F369;MONGRANDO
F776;MOTTALCIATA
F833;MUZZANO
F878;NETRO
F992;OCCHIEPPO INFERIORE
F993;OCCHIEPPO SUPERIORE
G521;PETTINENGO
G577;PIATTO
G594;PIEDICAVALLO
G798;POLLONE
G820;PONDERANO
G927;PORTULA
G980;PRALUNGO
G974;PRAY
H538;RONCO BIELLESE
H553;ROPPOLO
H561;ROSAZZA
H662;SAGLIANO MICCA
H681;SALA BIELLESE
H726;SALUSSOLA
H821;SANDIGLIANO
I847;SORDEVOLO
I868;SOSTEGNO
I980;STRONA
L075;TAVIGLIANO
L116;TERNENGO
L193;TOLLEGNO
L239;TORRAZZO
L556;VALDENGO
L586;VALLANZENGO
L620;VALLE SAN NICOLAO
L712;VEGLIO
L785;VERRONE
L880;VIGLIANO BIELLESE
L933;VILLA DEL BOSCO
L978;VILLANOVA BIELLESE
M098;VIVERONE
M179;ZIMONE
M196;ZUBIENA
M201;ZUMAGLIA
M371;LESSONA
M373;CAMPIGLIA CERVO
M414;QUAREGNA CERRETO
M417;VALDILANA
A005;ABBADIA LARIANA
A112;AIRUNO
A301;ANNONE DI BRIANZA
A594;BALLABIO
A683;BARZAGO
A686;BARZANÒ
A687;BARZIO
A745;BELLANO
B081;BOSISIO PARINI
B194;BRIVIO
B261;BULCIAGO
B396;CALCO
B423;CALOLZIOCORTE
B763;CARENNO
B937;CASARGO
B943;CASATENOVO
B996;CASSAGO BRIANZA
C024;CASSINA VALSASSINA
C187;CASTELLO DI BRIANZA
C521;CERNUSCO LOMBARDONE
C563;CESANA BRIANZA
C752;CIVATE
C839;COLICO
C851;COLLE BRIANZA
D065;CORTENOVA
D112;COSTA MASNAGA
D131;CRANDOLA VALSASSINA
D143;CREMELLA
D145;CREMENO
D280;DERVIO
D327;DOLZAGO
D346;DORIO
D398;ELLO
D428;ERVE
D436;ESINO LARIO
D865;GALBIATE
D913;GARBAGNATE MONASTERO
D926;GARLATE
E287;IMBERSAGO
E305;INTROBIO
E507;LECCO
E581;LIERNA
E656;LOMAGNA
E858;MALGRATE
E879;MANDELLO DEL LARIO
E947;MARGNO
F133;MERATE
F248;MISSAGLIA
F265;MOGGIO
F304;MOLTENO
F561;MONTE MARENZO
F657;MONTEVECCHIA
F674;MONTICELLO BRIANZA
F758;MORTERONE
F887;NIBIONNO
G009;OGGIONO
G026;OLGIATE MOLGORA
G030;OLGINATE
G040;OLIVETO LARIO
G161;OSNAGO
G218;PADERNO D'ADDA
G241;PAGNONA
G336;PARLASCO
G368;PASTURO
G456;PERLEDO
G485;PESCATE
H028;PREMANA
H063;PRIMALUNA
G223;ROBBIATE
H486;ROGENO
I243;SANTA MARIA HOÈ
I759;SIRONE
I761;SIRTORI
I994;SUEGLIO
I996;SUELLO
L022;TACENO
L581;VALGREGHENTINO
L634;VALMADRERA
L680;VARENNA
L751;VERCURAGO
L866;VIGANÒ
M337;VERDERIO
M348;LA VALLETTA BRIANZA
M395;VALVARRONE
A004;ABBADIA CERRETO
A811;BERTONICO
A919;BOFFALORA D'ADDA
A995;BORGHETTO LODIGIANO
B017;BORGO SAN GIOVANNI
B141;BREMBIO
B887;CASALETTO LODIGIANO
B899;CASALMAIOCCO
B910;CASALPUSTERLENGO
B961;CASELLE LANDI
B958;CASELLE LURANI
C228;CASTELNUOVO BOCCA D'ADDA
C304;CASTIGLIONE D'ADDA
C329;CASTIRAGA VIDARDO
C394;CAVENAGO D'ADDA
C555;CERVIGNANO D'ADDA
C816;CODOGNO
C917;COMAZZO
D021;CORNEGLIANO LAUDENSE
D028;CORNO GIOVINE
D029;CORNOVECCHIO
D068;CORTE PALASIO
D159;CRESPIATICA
D660;FOMBIO
D868;GALGAGNANO
E127;GRAFFIGNANA
E238;GUARDAMIGLIO
E627;LIVRAGA
E648;LODI
E651;LODI VECCHIO
E777;MACCASTORNA
E840;MAIRAGO
E852;MALEO
E994;MARUDO
F028;MASSALENGO
F102;MELETI
F149;MERLINO
F423;MONTANASO LOMBARDO
F801;MULAZZANO
G107;ORIO LITTA
G166;OSPEDALETTO LODIGIANO
G171;OSSAGO LODIGIANO
G096;PIEVE FISSIRAGA
H701;SALERANO SUL LAMBRO
H844;SAN FIORANO
I012;SAN MARTINO IN STRADA
I140;SAN ROCCO AL PORTO
I274;SANT'ANGELO LODIGIANO
I362;SANTO STEFANO LODIGIANO
I561;SECUGNAGO
I612;SENNA LODIGIANA
I815;SOMAGLIA
I848;SORDIO
F260;TAVAZZANO CON VILLAVESCO
L125;TERRANOVA DEI PASSERINI
L469;TURANO LODIGIANO
L572;VALERA FRATTA
L977;VILLANOVA DEL SILLARO
M158;ZELO BUON PERSICO
M393;CASTELGERUNDO
A747;BELLARIA-IGEA MARINA
C357;CATTOLICA
D004;CORIANO
D961;GEMMANO
F244;MISANO ADRIATICO
F346;MONDAINO
F502;MONTEFIORE CONCA
F523;MONTEGRIDOLFO
F715;MORCIANO DI ROMAGNA
H274;RICCIONE
H294;RIMINI
H724;SALUDECIO
H801;SAN CLEMENTE
H921;SAN GIOVANNI IN MARIGNANO
I304;SANTARCANGELO DI ROMAGNA
L797;VERUCCHIO
C080;CASTELDELCI
E838;MAIOLO
F137;NOVAFELTRIA
G433;PENNABILLI
H949;SAN LEO
I201;SANT'AGATA FELTRIA
L034;TALAMELLO
M324;POGGIO TORRIANA
M368;MONTESCUDO-MONTE COLOMBO
F478;MONTECOPIOLO
I460;SASSOFELTRIO
B626;CANTAGALLO
B794;CARMIGNANO
F572;MONTEMURLO
G754;POGGIO A CAIANO
G999;PRATO
L537;VAIANO
L775;VERNIO
A772;BELVEDERE DI SPINELLO
B319;CACCURI
B771;CARFIZZI
B857;CASABONA
B968;CASTELSILANO
C501;CERENZIA
C725;CIRÒ
C726;CIRÒ MARINA
D123;COTRONEI
D122;CROTONE
D189;CRUCOLI
D236;CUTRO
E339;ISOLA DI CAPO RIZZUTO
F108;MELISSA
F157;MESORACA
G278;PALLAGORIO
G508;PETILIA POLICASTRO
H383;ROCCABERNARDA
H403;ROCCA DI NETO
I026;SAN MAURO MARCHESATO
I057;SAN NICOLA DELL'ALTO
I308;SANTA SEVERINA
I468;SAVELLI
I494;SCANDALE
I982;STRONGOLI
L492;UMBRIATICO
L802;VERZINO
A043;ACQUARO
A386;ARENA
B169;BRIATICO
B197;BROGNATURO
B655;CAPISTRANO
C581;CESSANITI
D253;DASÀ
D303;DINAMI
D364;DRAPIA
D453;FABRIZIA
D587;FILADELFIA
D589;FILANDARI
D596;FILOGASO
D762;FRANCAVILLA ANGITOLA
D767;FRANCICA
D988;GEROCARNE
E321;JONADI
E389;JOPPOLO
E590;LIMBADI
E836;MAIERATO
F207;MILETO
F364;MONGIANA
F607;MONTEROSSO CALABRO
F843;NARDODIPACE
F893;NICOTERA
G335;PARGHELIA
G722;PIZZO
G728;PIZZONI
G785;POLIA
H271;RICADI
H516;ROMBIOLO
H785;SAN CALOGERO
H807;SAN COSTANTINO CALABRO
H941;SAN GREGORIO D'IPPONA
I058;SAN NICOLA DA CRISSA
I350;SANT'ONOFRIO
I639;SERRA SAN BRUNO
I744;SIMBARIO
I853;SORIANELLO
I854;SORIANO CALABRO
I884;SPADOLA
I905;SPILINGA
I945;STEFANACONI
L452;TROPEA
L607;VALLELONGA
L699;VAZZANO
F537;VIBO VALENTIA
M138;ZACCANOPOLI
M143;ZAMBRONE
M204;ZUNGRI
A317;ANTRONA SCHIERANCO
A325;ANZOLA D'OSSOLA
A409;ARIZZANO
A427;AROLA
A497;AURANO
A534;BACENO
A610;BANNIO ANZINO
A725;BAVENO
A733;BEE
A742;BELGIRATE
A834;BEURA-CARDEZZA
A925;BOGNANCO
B207;BROVELLO-CARPUGNINO
B380;CALASCA-CASTIGLIONE
B463;CAMBIASCA
B610;CANNERO RIVIERA
B615;CANNOBIO
B694;CAPREZZO
B876;CASALE CORTE CERRO
C478;CEPPO MORELLI
C567;CESARA
D099;COSSOGNO
D134;CRAVEGGIA
D168;CREVOLADOSSOLA
D177;CRODO
D332;DOMODOSSOLA
D374;DRUOGNO
D706;FORMAZZA
D984;GERMAGNO
E003;GHIFFA
E028;GIGNESE
E153;GRAVELLONA TOCE
E269;GURRO
E304;INTRAGNA
E685;LOREGLIA
E790;MACUGNAGA
E795;MADONNA DEL SASSO
E853;MALESCO
F010;MASERA
F048;MASSIOLA
F146;MERGOZZO
F192;MIAZZINA
F483;MONTECRESTESE
F639;MONTESCHENO
F932;NONIO
G007;OGGEBBIO
G062;OMEGNA
G117;ORNAVASSO
G280;PALLANZENO
G600;PIEDIMULERA
G658;PIEVE VERGONTE
H030;PREMENO
H033;PREMIA
H037;PREMOSELLO-CHIOVENDA
H106;QUARNA SOPRA
H107;QUARNA SOTTO
H203;RE
H777;SAN BERNARDINO VERBANO
I249;SANTA MARIA MAGGIORE
I976;STRESA
L187;TOCENO
L333;TRAREGO VIGGIONA
L336;TRASQUERA
L450;TRONTANO
L651;VALSTRONA
L666;VANZONE CON SAN CARLO
L691;VARZO
L746;VERBANIA
L889;VIGNONE
L906;VILLADOSSOLA
M042;VILLETTE
M111;VOGOGNA
M370;BORGOMEZZAVALLE
M404;VALLE CANNOBINA
A087;AGRATE BRIANZA
A096;AICURZIO
A159;ALBIATE
A376;ARCORE
A668;BARLASSINA
A759;BELLUSCO
A802;BERNAREGGIO
A818;BESANA IN BRIANZA
A849;BIASSONO
B105;BOVISIO-MASCIAGO
B187;BRIOSCO
B212;BRUGHERIO
B272;BURAGO DI MOLGORA
B501;CAMPARADA
B729;CARATE BRIANZA
B798;CARNATE
C395;CAVENAGO DI BRIANZA
C512;CERIANO LAGHETTO
C566;CESANO MADERNO
C820;COGLIATE
C952;CONCOREZZO
D038;CORREZZANA
D286;DESIO
E063;GIUSSANO
E504;LAZZATE
E550;LESMO
E591;LIMBIATE
E617;LISSONE
E786;MACHERIO
F078;MEDA
F165;MEZZAGO
F247;MISINTO
F704;MONZA
F797;MUGGIÒ
F944;NOVA MILANESE
G116;ORNAGO
H233;RENATE
H537;RONCO BRIANTINO
I625;SEREGNO
I709;SEVESO
I878;SOVICO
I998;SULBIATE
L434;TRIUGGIO
L511;USMATE VELATE
L677;VAREDO
L704;VEDANO AL LAMBRO
L709;VEDUGGIO CON COLZANO
L744;VERANO BRIANZA
M017;VILLASANTA
M052;VIMERCATE
B289;BUSNAGO
B671;CAPONAGO
D019;CORNATE D'ADDA
E530;LENTATE SUL SEVESO
H529;RONCELLO
A233;ALTIDONA
A252;AMANDOLA
A760;BELMONTE PICENO
B534;CAMPOFILONE
D477;FALERONE
D542;FERMO
D760;FRANCAVILLA D'ETE
E208;GROTTAZZOLINA
E447;LAPEDONA
E807;MAGLIANO DI TENNA
F021;MASSA FERMANA
F379;MONSAMPIETRO MORICO
F428;MONTAPPONE
F493;MONTEFALCONE APPENNINO
F509;MONTEFORTINO
F517;MONTE GIBERTO
F520;MONTEGIORGIO
F522;MONTEGRANARO
F536;MONTELEONE DI FERMO
F549;MONTELPARO
F599;MONTE RINALDO
F614;MONTERUBBIANO
F626;MONTE SAN PIETRANGELI
F653;MONTE URANO
F664;MONTE VIDON COMBATTE
F665;MONTE VIDON CORRADO
F697;MONTOTTONE
F722;MORESCO
G137;ORTEZZANO
G403;PEDASO
G516;PETRITOLI
G873;PONZANO DI FERMO
G920;PORTO SAN GIORGIO
G921;PORTO SANT'ELPIDIO
H182;RAPAGNANO
I315;SANTA VITTORIA IN MATENANO
I324;SANT'ELPIDIO A MARE
C070;SERVIGLIANO
I774;SMERILLO
L279;TORRE SAN PATRIZIO
A285;ANDRIA
A669;BARLETTA
A883;BISCEGLIE
B619;CANOSA DI PUGLIA
E946;MARGHERITA DI SAVOIA
F220;MINERVINO MURGE
H839;SAN FERDINANDO DI PUGLIA
I907;SPINAZZOLA
L328;TRANI
B915;TRINITAPOLI
A359;ARBUS
A419;ARMUNGIA
A597;BALLAO
A677;BARRALI
A681;BARUMINI
B250;BUGGERRU
B274;BURCEI
B383;CALASETTA
B745;CARBONIA
B789;CARLOFORTE
M288;CASTIADAS
C882;COLLINAS
D260;DECIMOPUTZU
D323;DOLIANOVA
D333;DOMUS DE MARIA
D334;DOMUSNOVAS
D344;DONORI
D430;ESCALAPLANO
D431;ESCOLCA
D443;ESTERZILI
D639;FLUMINIMAGGIORE
D827;FURTEI
D968;GENONI
D970;GENURI
D982;GERGEI
D994;GESICO
D997;GESTURI
E022;GIBA
E084;GONI
E086;GONNESA
E085;GONNOSFANADIGA
E234;GUAMAGGIORE
E252;GUASILA
E270;GUSPINI
E281;IGLESIAS
E336;ISILI
E464;LAS PLASSAS
E742;LUNAMATRONA
E877;MANDAS
M270;MASAINAS
F333;MONASTIR
F808;MURAVERA
F822;MUSEI
F841;NARCAO
F981;NURAGUS
F982;NURALLAO
F983;NURAMINIS
F986;NURRI
F991;NUXIS
G122;ORROLI
G133;ORTACESUS
G207;PABILLONIS
G382;PAULI ARBAREI
G446;PERDAXIUS
G669;PIMENTEL
M291;PISCINAS
G922;PORTOSCUSO
H659;SADALI
H738;SAMASSI
H739;SAMATZAI
H766;SAN BASILIO
H856;SAN GAVINO MONREALE
G287;SAN GIOVANNI SUERGIU
G383;SAN NICOLÒ GERREI
I166;SAN SPERATE
I402;SAN VITO
H974;SANLURI
I182;SANTADI
I271;SANT'ANDREA FRIUS
M209;SANT'ANNA ARRESI
I294;SANT'ANTIOCO
I428;SARDARA
I570;SEGARIU
I582;SELEGAS
I615;SENORBÌ
I624;SERDIANA
I647;SERRAMANNA
I667;SERRENTI
I668;SERRI
I705;SETZU
I706;SEUI
I707;SEULO
I724;SIDDI
I734;SILIQUA
I735;SILIUS
I765;SIURGUS DONIGALA
I797;SOLEMINIS
I995;SUELLI
L154;TEULADA
L337;TRATALIAS
L463;TUILI
L473;TURRI
L512;USSANA
L513;USSARAMANNA
L613;VALLERMOSA
L924;VILLACIDRO
L966;VILLAMAR
L968;VILLAMASSARGIA
L992;VILLANOVA TULO
L986;VILLANOVAFORRU
L987;VILLANOVAFRANCA
M278;VILLAPERUCCIO
L998;VILLAPUTZU
M016;VILLASALTO
B738;VILLASIMIUS
M025;VILLASOR
M026;VILLASPECIOSA
B397;CALDARO
L137;TERRES
B252;BUGGIOLO
D312;DOBERDO' DEL LAGO
M149;ZARA
I850;SORGA'
E828;MAGRE'
G545;PIANBOSETO
L198;TOMAI
F823;MUSELLARO
F400;MONTALBANO DI ELICONA
I340;SANT'ILARIO LIGURE
I619;SEPPIANA
A266;AMPEZZO
F888;NICASTRO
C299;CASTIGLIONE D'INTELVI
E277;IDRESCA D'ISONZO
H407;ROCCAFORTE MONDOVI'
F071;MAZZOLENI E FALGHERA
A709;BASTIA MONDOVI'
L876;VIGGIU' ED UNITI
G029;OLGINASIO
I450;SASSA
C873;COLLESCIPOLI
E468;LATERINA
G301;PALVARETO
E643;LOCCA
E470;PORTA LITTORIA
H201;RAVINA
D294;DIANO BORELLO
G396;PECCO
F169;MEZZANA SUPERIORE
D074;CORTILE SAN MARTINO
I524;SCHERBINA
F702;MONTU' BERCHIELLI
H484;VOLCIANO
A305;ANTEI SANT'ANDREA
B353;CAGLIANO
A966;BONDIONE
B728;CARATE LARIO
B133;BREGLIA
L196;TOLMINO
F396;MONTAGNE
L379;TRENTOLA
H674;SAINT PIERRE
F742;MOROSOLO
L098;TEODONE
L338;TRAUSELLA
D449;TRASSILICO
G451;PERGINE
A608;BANCO
D537;FENIS
C401;CAVOLANO
H721;SALTARA
D664;FONDRA
F405;MONTALDO DI MONDOVI'
L329;TRANSACQUA
L457;TUENNO
E598;LIMONTA
A675;BARRA
H554;RORA'
A399;ARIANO DI PUGLIA
F436;MONTE DI MEZZODI'
E220;GRUMELLO DEL PIANO
H231;REMEDELLO SOPRA
H263;RHEMES-SAINT-GEORGES
I617;SEO
F593;MONTERADO
F470;MONTECHIARO
A201;ALI' MARINA
F076;MEANO
B773;CARGIAGO
F383;PAULI MONSERRATO
C921;COMEN
B290;BUSO SARZANO
A215;VILLA D'ALME'
B004;BORGIO
C681;CIGLIE'
D591;FILETTINO GRAZIANI
E744;LUNDO
L582;VALGRISENZA
I345;ZOLDO ALTO
C568;CESARO'
G714;PISTOLESA
G908;PORTO
E721;LUCINO
A847;BIANZE'
G414;PEGLI
C617;CHIARAVALLE MILANESE
D975;GERACE SUPERIORE
L759;VEREZZI
F378;RUPIN GRANDE
C163;CASTELLETTO MONFORTE
C967;CONTARINA
M273;SANTA MARIA LA CARITA'
C391;BRITOVA
I694;SESTRI PONENTE
L054;TARRES
C252;CASTEL RITALDI E SAN GIOVANNI
I122;SAN POLOMATESE
F650;MONTESTRUTTO
C602;CHIABRANO
F296;MOLLARO
L559;VALGIOVO
A214;ALME'
L830;VIALFRE'
H351;RIVIERA D'ADDA
I987;STRUPPA
I937;STALETTI'
A022;ACERNES
E099;GORLA PRIMO
D801;FRIGNANO PICCOLO
M038;VILLE MONTEVECCHIO
L587;VALLARGA
I022;SAN MASSIMO ALL'ADIGE
L647;VALSAVARA
D025;CORNIGLIANO LIGURE
D502;FARINI D'OLMO
E099;GORLAPRECOTTO
B454;CAMAGNA DI TORINO
B487;CAMNAGO VOLTA
I976;STRESA BORROMEO
E225;GRUMO
F136;PIANDICASTELLO
C833;COLDRANO
H152;RACIGNES
D722;FORNO
H948;SAN LAZZARO PARMENSE
D717;FORNI
D919;GAREGNANO
C374;CAVALLASCA
C005;CASSANO SPINOLA
D413;EORES
D800;FRIGNANO MAGGIORE
H332;RIVA DI TURES
G970;PRADLEVE
I337;SANTHIA'
A513;AVESA
D976;GERACE MARINA
E567;LEVRANGE
L428;TRINITA' D'AGULTU E VIGNOLA
A915;BOCCOLO DE' TASSI
F116;MELMA
E408;SAN GIORGIO DI LAGO
F110;MELITO VALLE BONITO
D140;CREDERA
E712;LU
D880;GALLINA
I670;SERRUNGARINA
B610;CANNERO
E628;LIZZANA
L652;VALTESSE
D321;DOLEGNA
L486;UGGIATE
L491;UMAGO
H543;RONCOGNO
L476;TURRO MILANESE
C294;CHATILLON
D446;FABIASCO
G427;PELLIO INTELVI
A249;ALZATE CON VERZAGO
H871;SAN GIACOMO IN COLLE
I768;SALTO DI VIPACCO
G692;PIOVA'
A021;ACERETO
C722;CIRIE'
H342;RIVAROLO FUORI
A498;AUREMO DI SOPRA
F585;MONTEPAGANO
B483;CAMINO DI CODROIPO
I354;SANT'ORSOLA
B835;CARRE'
A193;ALGUA DI COSTA SERINA
A148;AUBER
H626;RUBBIANO
H649;SABBIO BERGAMASCO
G270;PALAZZUOLO DI ROMAGNA
E275;IATRINOLI
I516;SCAVES
F147;MERI'
C837;COLFOSCO
D231;CUSANO SUL SEVESO
M049;VILMINORE
G778;POLA
B855;CARZAGO
A322;ANZINO
C071;CASTEL COLONNA
A356;ARBIZZO
G014;OLBA
D971;GENZANO
C923;COMERO
D191;CRUSINALLO
E574;LICCIANA
A753;BELLIZZI IRPINO
D559;FIACCONE
E774;LUZZOGNO
H988;SAN MARTINO
C672;CIBIANA
D916;GARDOLO AL PIANO
B257;BUGNATE
H329;RIVA VALDOBBIA
A501;AURONZO
A987;METTI E POZZOLO
G533;PEZZORO
C608;CHIANCIANO
I650;SERRA PEDACE
I070;SAN PAOLO DELLA VALLE
H718;SALONA D'ISONZO
A003;ABBADIA ALPINA
H572;ROSITO CAPO SPULICO
G440;PENZANO
E680;PORTO LONGONE
A428;AROLO
L560;VALDIGNA D'AOSTA
L128;TERNOVO
H555;RORETO CHISONE
C189;CASTELLO DI FIEMME
E637;LOCATE BERGAMASCO
H024;PREGHENA
C932;COMNAGO
D478;FALESINA
L903;VIGO RENDENA
C731;CISERIIS
L914;BASSANO
I009;SAN MARTINO IN BELISETO
H254;REVO'
C607;CHIANCHETELLE
H531;RONCHI DI MONFALCONE
C420;CEFALA' DIANA
I958;STILVES
B811;CARPANETA CON DOSIMO
D150;CREMONA ED UNITI
H830;SAN FEDELE
D479;FALLASCOSO
C238;CASTELNUOVO D'ISTRIA
B059;BORSANO
H669;SAINT CHRISTOPHE
C164;CASTELLETTO PO
G738;PLEZZO
L530;VAGLIERANO
L532;VAGLIO DI BASILICATA
E059;GIUNCUGNANO
B489;CAMO
D435;ESINO INFERIORE
A310;ANTICOLI DI CAMPAGNA
L373;TRENNO
L697;VATTARO
D448;FABBRICA DURINI
G397;PECETTO
D809;FRONTONE-SERRA
L848;ZIANO
H789;SAN CARLO DI CIRIE'
B693;CAPRESE
C671;CIARS
I559;SECLI'
L201;TONADICO
H042;PRE SAINT DIDIER
M174;ZIBELLO
D400;GELSANE
C295;CASTIGLIONE D'ASTI
C402;CAVONA
H947;SAN LAZZARO ALBERONI
F879;NETTUNIA
A089;GIRGENTI
C669;CIANO D'ENZA
M322;CASTELFRANCO PIANDISCO'
H302;RIOLO
D779;FRASSINERE
A724;BAVARI
M035;VILLA VOLTURNO
G996;PRATI
H711;SALINA
B713;CAPRIVA
L866;VIGANO'
C401;COVELANO
G544;PIANAVIA
L343;TRAVERSA
D733;FORZA D'AGRO'
G989;PRASO
B665;CAPODISTRIA
D322;DOL GRANDE
I236;TRAVACO' SICCOMARIO
G409;PEDERSANO
G383;SAN NICOLO' GERREI
C144;CASTELLARO DE' GIORGI
L756;VERDERIO SUPERIORE
D504;FARRA
I406;SAN VITO DI VIPACCO
E404;LAGLESIE SAN LEOPOLDO
F228;MIONE
D485;FAMIE
D630;SANT' ODORICO
B602;CANICATTI'
I731;SILI'
B244;BUCUIE
I081;SAN PIER D'ARENA
E916;MARANZA
B456;CAMAIRAGO
L643;VALPELLINA
E014;GIARDINI
D519;FAVOGNA DI SOTTO
E222;GRUMES
C458;CENCENIGHE
E440;LANISCHIE
A408;ARIXI
H482;RODITTI
L313;TOSS
I446;SARTIRANA BRIANTEA
A865;BIESTRO
I900;SPINGA
B755;CARDE'
B750;CARCIATO
G287;PALMAS SUERGIU
C367;CAVAGLIO-SPOCCIA
H044;PRESEGNO
L372;TREMOSINE
H112;QUARTIANO
F577;MONTENERO D'IDRIA
D265;DEIVA
C834;COL DI RODI
E159;GRAZZANO MONFERRATO
D276;DERMULO
G341;PARONA ALL'ADIGE
A456;ARZENE
E601;MEZZATE
D125;COVELO
C305;CASTIGLIONE D'OSSOLA
B512;CAMPIGLIONE
L637;VAL MARCHIROLO
D419;ERBE'
D814;FUBINE
E442;LANZA
C789;CLANEZZO
G941;POSTUMIA GROTTE
A342;APUANIA
I347;SAN TOMASO
C087;CASTEL DE' RATTI
F678;MONTIGLIO
A559;BAGNI DI CASCIANA
H172;RANCIO DI LECCO
C267;CASTELSANTANGELO
E565;LEVICO
L077;TAVOLE
H009;PRATOVECCHIO STIA
C725;CIRO'
M040;VILLE SAN SEBASTIANO
C906;COL SAN GIOVANNI
H241;RESIA
L813;VESTRENO
B517;CAMPO CANAVESE
E221;SAPONARA DI GRUMENTO
C507;CERETTO GRUE
I574;SEGNO
I488;SCALE
L179;TISA
D169;CREVOLA SESIA
L864;VIGANELLA
B514;CAMPITELLO
C809;COCQUIO
H050;PRESTINE
L054;TARRES DI SOTTO
D536;FENILS
G422;PELLARO
G536;PIADENA
L029;TAGLIUNO
D075;CORTINA ALL'ADIGE
E444;LANZO D'INTELVI
D833;GABBIONETA
D444;ETROBLE
A856;BIDONI'
H042;PRE-SAINT-DIDIER
B359;CAGNO
F094;MEL
I989;STURIA DELLE FUSINE
E460;LASE
C880;COLLI DI LABRO
M064;VION
G100;ORIANO DI BRIANZA
D157;CRESPANO DEL GRAPPA
G322;PAPIGNO
A467;ASIGLIANO
E080;GOLESE
A943;BOLLONE
C671;CIARDES
A907;BOARA POLESINE
B053;BORNATO
A504;AUZATE
B495;CAMPAGNANO VEDASCA
A693;BASELGA DI VEZZANO
G978;PRALY
B317;CACCAVONE
G554;PIANE DI SERRAVALLE SESIA
L606;VALLE INFERIORE MOSSO
C698;CIMMO
I769;SLINGIA
B263;BULGORELLO
L767;VERGOBBIO
A923;BOGLIASCO PIEVE
F384;MONSUMMANO
D158;CRESPELLANO
B407;CALEPIO
A595;BALLABIO INFERIORE
G541;PIANA DI CAIAZZO
G310;PANIQUA
A936;BOLETO
A582;BAIEDO
E556;LETOJANNI GALLODORO
L504;URIO
L731;VENDROGNO
E315;INVORIO INFERIORE
L585;VALL'ALTA
G832;PONTEFELLA
B995;CASSAGO
D633;FLERES
C610;CHIANOC
L648;VALSAVIORE
H863;SAN GERMANO DEI BERICI
I195;SANT'AGATA SOPRA CANNOBIO
H597;ROVATE
A627;BARBARANO
A680;BARTESATE
A260;AMBLAR
F286;MOLINA DI LEDRO
D721;FORNI DI VAL D'ASTICO
C594;CHALLANT SAINT VICTOR
C782;PARI
B373;CAJONVICO
B093;BOTTICINO SERA
A121;ALANO DI PIAVE
F298;MOLLIERES
A349;ARA
B814;CARPASIO
L162;TIARNO DI SOPRA
D098;COSSIRANO
I766;SIVIANO
E796;MADRANO
E298;INDOVERO
H879;SAN GIORGIO
C546;CERVAROLO
C861;COLLE IN CASIES
D368;DRESENZA
E768;LUTAGO
I167;SANT'ABBONDIO
C077;CASTELLO DI PUSTERIA
A559;CASCIANA TERME
L914;VILLABASSA DI SENOSECCHIA
M390;SAN GIOVANNI DI FASSA-SEN JAN
F807;MURANO
D069;CORTERANZO
D307;DIVACCIA GROTTE DEL TIMAVO
H950;SAN LEONARDO IN PASSIRIA
I338;SANTICOLO
H848;SAN FRANCESCO D'AGLIENTU
H894;SAN GIORGIO LA MONTAGNA
E688;LORENZANA
G876;PONZATE
E857;MALGOLO
B125;BRAZZANO
G578;PIAVON
F181;MEZZEGRA
E494;LAVENA
H419;ROCCALVECCE
D485;FAMLIE
H866;SAN GIACOMO IN VALLE AURINA
I762;SISINI
B268;BUONANOTTE
B206;BROVELLO
L021;TABLA'
E076;GOGLIONE SOTTO
M074;VISIGNANO
B926;CASANOVA LANZA
E490;LA VALLE
H748;SAMBUGHETTO
A890;BISTERZA
L320;TRAFFIUME
A133;ALBANOVA
F292;MOLINO ALZANO
D324;SAN DORLIGO DELLA VALLE-DOLINA
G654;RAMISETO
F701;MONTU' BECCARIA
D558;FERTILIA
I222;SANTA LUCIA DI TOLMINO
B022;BORGONATO
C192;CASTELLONE AL VOLTURNO
E552;LESSONA
A510;AVENONE
D836;GABICCE
E948;MARGONE
D338;DONAS
G586;PIAZZO BASSO
I550;SCORTICATA
D456;FAEDO
L135;TERRAZZANO
E018;GIARRE RIPOSTO
A293;ANGOLO
A353;ARANCO
F624;MONTESANO AL PIANO
H563;ROSCIATE
A245;ALZANO
F555;MONTEMAGGIORE AL METAURO
B047;BERIE
B516;CAMPO DI CALABRIA
D837;GABERIE
C099;CASTEL DOBRA
I768;SLAPPE ZORZI
E799;RIPALTA SUL TRIGNO
C593;CHALLANT SAINT ANSELME
E824;MAGOGNINO
I079;SAN PELLEGRINO
B575;CANALE D'ISONZO
G948;POVO
B372;CAJELLO
A641;BARCO
I633;SERMIONE
F349;MONDONICO
C575;CESI
D362;DRAGUCCIO
A840;BIACESA
C191;CASTELLO DI SERRAVALLE
A507;AVELIGNA
H522;RONCA'
D427;ERSEL IN MONTE
B855;CARZAGO DELLA RIVIERA
E310;INVERNO
I349;SANT'OMOBONO TERME
L553;VALDARSA
F329;MONASTEROLO CASSOTO
H058;PRIACCO
E211;GROTTE SANTO STEFANO
D250;DARE'
I883;SPADAFORA SAN PIETRO
L757;VERDESINA
M114;VOLDOMINO
I349;SANT'OMOBONO IMAGNA
A690;BASCAPE'
B775;CARIDA'
I804;SOLMONA
F485;MONTE DI CAPODISTRIA
L925;VILLA COGOZZO
E022;VILLARIOS MASAINAS
C974;CONTURSI
H278;RICLARETTO
C798;CLUSANE SUL LAGO
D888;GALTELLI'
E985;MARTINA OLBA
L543;VELASIO
L678;VARENA
C832;COLCIAGO
I419;SAONE
A744;BELLAGIO
B211;BROZZO
B136;BREIA
I069;SAN PANTALEO
H968;SAN LORENZO MONDINARI
L051;TARRES DI SOPRA
D989;GEROLANUOVA
C264;CASTEL SAN PIETRO MONFERRATO
D302;DIMARO
L849;VICONAGO
L374;TRENS
I222;SANTA LUCIA D'ISONZO
E753;LURATE ABBATE
I792;SOLBIATE
I395;SAN VITO E MODESTO
A108;AYMAVILLE
C061;CASTELBELLO
D048;CORTACCIA
D330;DOMEGGE
H145;QUITTENGO
I270;SANT'ANDREA DI VALLEFREDDA
H023;PREGASINA
I238;SANT'ANGELO IN GROTTE
C840;COLLAGNA
E593;LIMIDO
C949;CONCO
E478;LAURANA
G297;PALU'
F199;MIGLIARO
A967;BONDO
G552;PIAN DI SCO
C391;CAVE AUREMIANE
A505;AUZZA
C601;CHERSO
H860;SAN GENNARO
I816;SOMANA
M029;VILLATALLA
D243;DAIANO
A002;ABBADIA SOPRA ADDA
A209;ALLIZ
H913;SAN GIOVANNI DI BIEDA
A994;BORGHETTO SAN NICOLO'
E318;INZINO
A031;ACQUACANINA
G332;PARENZO
B185;BRIONE
H171;RAMPONIO VERNA
B491;CAMOSIO
F238;MIRADOLO
G537;PIAGGE
A115;ALA' DEI SARDI
D620;FIUME
C929;CUMIGNANO E GALLO DI NOLA
C232;CASTELNUOVO D'ASTI
C084;CASTEL DEL MONTE UDINESE
C892;COLOGNA IN GIUDICARIE
H676;SAN VINCENZO DELLA FONTE
F763;MOSCHIENA
F693;MONTORO INFERIORE
L236;TORRAZZA
E533;LENZIMA
C788;CLANA
H750;SAMOCLEVO
F103;MELEZET
M046;VILLONGO SAN FILASTRO
D326;DOL-OTTELZA
E319;JOANNIZ
I102;SAN PIETRO DI CARIDA'
B335;CADERZONE
A318;ANVERSA
I378;SAN VALENTINO AL BRENNERO
G064;ONANI'
H883;SAN GIORGIO DI MANTOVA
I474;SAVIGNO
A685;BARZANIGA
B596;CANEPA
I835;SOPRANA
F260;VILLAVESCO
F855;NAZ
B702;CAPRIATE D'ADDA
L635;VALMAGGIA
B568;CAMPOSPINOSO ALBAREDO
I811;SOLTO
H587;ROTA FUORI
H093;PURIA
F215;MILZANELLO
G256;PALANZO
E898;MANZANO
I245;SANTA MARIA IN PRATO
G052;OLTRESARCA
I200;SANT'AGATA IRPINA
L488;ULA' TIRSO
B863;CASALBA
H858;SAN GENESIO
L041;TANAS
L941;VILLA OTTONE
E446;LAORCA
G706;PISCINOLA
I038;SAN MICHELE PRAZZO
A248;ALZANO SOPRA
B757;CARDEZZA
A873;BINDO
L839;VICENO
E150;GRAUNO
D437;ESINO SUPERIORE
B340;CA' DE' TEDIOLI
D335;DOMUSNOVAS CANALES
L163;TIARNO DI SOTTO
B151;BRENTINO
A447;ARTA
E119;GOZZA
E775;MACCAGNO
A723;BAUSO
A935;BOLENTINA
C107;CASTELFRANCO DELL'EMILIA
L674;VARARO
E319;IOANNIS
F831;MUTIGNANO
I126;SAN PONSO CANAVESE
D217;CURIGLIA
B436;CALVAGESE
F198;MIGLIARINO
F700;MONTRONE
B852;CARUGO CON AROSIO
F837;NANNO
B843;CARTARI E CALDERARA
I358;SANTO STEFANO DEL MONTE DEGLI ANGELI
B964;CASEZ
D525;FELETTO UMBERTO
A151;ALBES
D252;DARZO
C193;CASTELLONORATO
I591;SELVA IN GARDENA
G677;PINO SULLA SPONDA DEL LAGO MAGGIORE
F885;NIBBIANO
I972;STRAMENTIZZO
M074;VISIGNANO D'ISTRIA
E182;GRINZANE
H950;SAN LEONARDO
I054;SAN NICANDRO
I795;SOLBRITO
F150;MERNA
D251;DARFO
M089;VITTORIO
A862;BIENO
I983;STROPINO
F872;NERVESA
F663;MONTEVIASCO
H550;RONZINA
H859;SAN GENESIO
C889;COLOGNA
B414;CALINO
F757;MORTER
H671;SAINT MARCEL
C874;COLLESTATTE
L217;TORGNONE
I859;SORLI
G599;PIEDIMONTE DEL CALVARIO
D610;FIORENZUOLA DI FOCARA
F351;MONDOVI'
C256;CASTELRUGGIERO
B325;CADEGLIANO
D438;ESIO
G698;PIPERNO
E725;LUDRIANO
I313;SANTA VALERIA
D425;ERPELLE-COSINA
H755;SAMPEIRE
H064;PRIMANO
E217;GRUMELLO CON FARVENGO CREMONESE
G855;PONTE SAN NICOLO'
A247;ALZANO MAGGIORE
A426;BONDO BREGUZZO
F237;MIRABELLO ED UNITI DI PAVIA
E463;SPEZIA
H608;ROVERE' DI VELO
L606;VALLE MOSSO
H939;SAN GREGORIO
M189;ZOPPE'
B852;CARUGO AROSIO
B316;CAMPOVERDE
D581;FIGLIARO
D908;GARABIOLO
E823;MAGNO SOPRA INZINO
H504;ROMAGNANO
G773;POGNANA
H998;SAN MARTINO DI PERRERO
H397;ROCCA DEL COLLE
I383;SAN VERO CONGIUS
A790;BERDO SAN GIOVANNI
I204;SANTA GIULIA
M075;VISINADA
B523;CAMPOCHIESA
C868;COLLERETTO PARELLA
C382;CAVARIA ED UNITI
H164;RAGUSA INFERIORE
M254;VALSANTAMARINA
E167;GRESSONEY-LA-TRINITE
G772;POGLIANO
G464;PERRA
C162;CASTELLETTO SCAZZOSO
L948;VILLAFRANCA SABAUDA
C737;CISSICO
E503;VILLABELLA
D383;DUINO AURISINA-DEVIN NABREZINA
L832;VIARAGO
B245;BUDAGNE
A443;ARSIE'
D213;CURACES
B712;CAPRIVA DI CORMONS
L548;VICO CANAVESE
C586;CETO-CERVENO
E110;GORRINO
L110;TERMENAGO
D248;DAONE
B089;BOTTARONE
F406;MONTALTO LIGURE
A169;ALBOGNO
D313;DOCCIO
G132;ORTA NOVARESE
I833;SONZIA
A858;BIEGNO
I900;SPIGNES
D531;FENEGRO'
I658;SERRAVALLE D'ASTI
G490;PESCHIERA MARAGLIO
B705;CHIAVRIE
I172;SANTA CESAREA
H619;ROVIGNO
A355;ARBATAX DI TORTOLI'
D516;FAVER
E121;GRACOVA SERRAVALLE
H651;SABBIONCELLO
F039;MASSE DI SAN MARTINO
B308;BUTTOGNO
D778;FRASSINELLO-OLIVOLA
D588;MARNE
M107;VOCOGNO E PRESTINONE
I087;SAN PIETRO IN VALLE AURINA
L798;VERUNO
A152;ALBESE
F897;NIGUARDA
H672;SAINT NICOLAS
D820;FUNDOLES
L376;TRENTA D'ISONZO
I355;SANTO SPIRITO DELLA BAINSIZZA
B532;CAMPOFELICE
H457;ROCHEMOLLES
L081;TOMBA DI PESARO
G214;PADERGNONE
C815;CODOGNE'
L283;TORRE UZZONE
E129;GRAGLIA PIANA
G035;OLIVASTRI
D601;FINALE MARINA
E827;MAGRE'
D135;CRAVEGNA
I064;SAN NOVO
B095;BOTTRIGHE
E895;MANTANA
D369;DREZZO
D308;DIVACCIA SAN CANZIANO
B008;BORGOCOLLEFEGATO
E042;GOIAZE
H291;RIMA SAN GIUSEPPE
A563;BAGNO
L086;TELESE
B343;CADIGNANO
A142;ALBATE
L005;SUNA
F425;MONTANO COMASCO
A046;ACQUATE
D084;COSBANA DEL COLLIO
C572;CESELLO BRIANZA
A395;BRESSANA
L501;URBISAGLIA BONSERVIZI
A044;ACQUASANTA
E766;LUSSINPICCOLO
F945;NOVACELLA
H908;SAN GIOVANNI A TEDUCCIO
A558;BAGNI DELLA PORRETTA
I518;SCELMO
A042;ACQUARICA DEL CAPO
E190;GRONA
B168;BRIANZOLA
E324;IRGOLI DI GALTELLI
L390;TRESIGALLO
H232;REMEDELLO SOTTO
G909;PORTOBUFFOLE'
I246;SANTA MARIA IN STELLE
I063;SAN NICOLO' DI COMELICO
I632;SERMIDE
E634;LOCADI
D625;FIUMENERO
E683;LORANZE'
F726;VALDIGNA D'AOSTA
H415;ROCCAGUGLIELMA
E166;GRESSONEI
H084;PRUN
G378;PATU'
L481;UCOVIZZA
G744;POCRAI DEL PIRO
B108;BOZZANA
A095;AIBA
L786;VERRUA SICCOMARIO
C249;CASTELPONZONE
C945;CONCENEDO
A754;BELLOMBRA
F235;MIRABELLO
F588;MONTEPONENTE
I200;SANT'AGATA DI SOTTO
C717;SANTA MARIA
D110;COSTA DI MONTICELLI
B805;CARONNO MILANESE
A469;ASNAGO
A273;ANDALO
C151;CASTELLENGO
D599;FINALE NELL'EMILIA
B283;BUSANA
B657;CAPITELLO
I604;SENALES IN VENOSTA
L647;VALSAVARANCHE
D460;FAETTO
H902;SAN GIOVANNI IN VALLE AURINA
L608;VALLELUNGA
F975;NUGHEDU SAN NICOLO'
C464;CENGLES
G127;ORSERA
E861;MALLAS
A698;BASICO'
L636;VALMALA
F547;MONTICELLI DI BORGOGNA
C112;CASTELFRANCO DI SOPRA
L493;UNCHIO
H079;PROVAGLIO SOPRA
F067;MAZZE'
D282;DESCLA
E727;LUGNACCO
B545;CAMPOLONGO AL TORRE
H301;RIOLA
H637;RUINO
I163;SAN SOSSIO
L618;VALLE SAN FELICE
D182;CROSA
L234;TORRADELLO
G730;PLANOL
L091;TELVES
L068;TAVAZZANO
A144;ALBEGNO
H879;SAN GIORGIO IN VAL TURES
B540;CAMPO LARIS
H692;SALCANO
B585;CANDELARA
C706;CINISELLO
H139;QUINZANELLO
F984;NURAXINIEDDU
A715;BATE
E697;LOSETO
I505;SCANZO
I054;SANNICANDRO GARGANICO
H653;VELICHE-ZABLIE
D884;GALLO
I807;SOLOMIAC
A822;BESENO
D837;GABRIA
C522;CERNUSCO MONTEVECCHIA
H849;SAN FRANCESCO D'ALBARO
L532;VAGLIO LUCANO
D375;DRUSACCO
E631;LIZZOLA
A928;BOGNO
F014;MASI DI VIGO
E647;LODE'
H954;SAN LEUCIO
A138;ALBARETO DI BORGOTARO
H513;ROMANS
H576;ROSORA MERGO
D084;COSBANA
C822;COGNOLA
F763;MOSCHIENIZZE
G231;PAGANICA
H105;QUARNA
E278;IDRIA
B164;BRETTO
I967;STRADA
L381;TREPPO CARNICO
C690;CIMAMULERA
L649;VALSECCA
C999;PENTIMA
B174;BRIGA MARITTIMA
L344;TRAVERSE
E168;GRESSONEY SAINT JEAN
C424;CEGLIE MESSAPICO
G715;PITEGLIO
I778;SODDI'
A726;BAZZANO
G219;PADERNO CREMONESE
F362;MONGHEZZO ESTERNO
D700;FORGARIA
L241;TORRE MONDOVI'
I737;SILLANO
B970;CASIRAGO
I879;SOVIZZO
H217;REDONA
A548;BAGNAJA
F928;NOMESINO
D064;CORTENO
H697;SALE CASTELNUOVO
F255;MOCCHIE
L389;TRESCORE
B253;BUGIALLO
G523;PETTORANELLO DI MOLISE
B418;CALLIANO
C597;CHAMPLAS-DU-COL
L890;VIGO
E641;LOCAVIZZA DI AIDUSSINA
H925;SAN GIOVANNI REATINO
H391;ROCCA CIGLIE'
G425;PELLESTRINA
B092;BOTTICINO MATTINA
D731;MEZZASELVA
A900;BLEGGIO
E072;GODIASCO
E991;MARTIRANO
L870;VIGATTO
B122;BRANDUZZO
D249;DARDINE
A700;PASIAN SCHIAVONESCO
C425;CEGLIE
D301;DIGNANO D'ISTRIA
C342;CASTROGIOVANNI
E002;GHEVIO
G781;POLENGO
G329;PARE'
E642;LOCAVIZZA DI CANALE
A435;ARQUA' POLESINE
E181;VILLA IN SELVA
G736;PLATISCHIS
G878;POPOLI
G983;PRANDAGLIO
I692;SESTRIERES
D645;FOGLIANO
D901;GAMBOLO'
G640;PIEVE DELMONA
L891;VIGO D'ANAUNIA
A758;BELLUNO VERONESE
M087;VITTADONE
C692;CIMBERGO-PASPARDO
L395;TREVANO
E308;INTROZZO
I971;STRAMBINO ROMANO
C698;TAVERNOLE CIMMO
I575;SEGNO
D053;CORTE
E104;GORNATE INFERIORE
H019;SAN VALENTINO IN PREDOI
C016;CASSINA MARIAGA
E699;LOTTULO
E728;LUGNANO DI VILLA TROIANA
E411;LAGOSTA
H675;SAINT-RHEMY
L520;USTIE
F485;PAUGNANO
D024;CORNETO TARQUINIA
E866;MALOSCO
A199;ALICE SUPERIORE
G055;OLTRESSENDA BASSA
C068;CASTEL CELLESI
G828;PONTE LAMBRO
L844;VICO DI PANTANO
E183;GRISIGNANA
I591;SELVA
H762;SAN BARTOLOMEO VALMARA
C965;CONSIGLIO DI RUMO
F264;MOERNA
D846;GAGGINO
E943;MARETA
D340;DONELASCO
I773;SMERIA
C687;CILIVERGHE
E857;SALTER-MALGOLO
B654;CAPIATE
D747;FOSSENO
L468;TURANO
F804;VILLA POMA
A500;AURISINA
D621;FIUME
C936;COMUNE DELLA VALSOLDA
E169;GREVE
D320;DOLE
A307;ANTERSELVA
E035;GINESTRETO
D585;FIGU-GONNOSNO'
G279;PALLANZA
I013;SAN MARTINO QUISCA
E247;GUARDIA PIEMONTESE TERME
F160;MESTRIAGO
F860;NEGARINE
A649;BARDINO VECCHIO
D928;GARNIGA
E949;MARIANA
H039;PREORE
E952;MARIANO
F124;MENDATICA MONTEGROSSO
L654;VALTOURNANCHE
I134;SAN QUIRICO IN VAL POLCEVERA
D727;FORNOVO DI SAN GIOVANNI
C828;COIROMONTE
H658;SCROFANO
H684;SALABERTANO
L427;TRINITA'
L932;DECANI
C454;CENATE
G638;PIEVE D'ALPAGO
D359;DOZIO
G343;PARONE
H013;PRECACORE
G760;VILLARIELLI
I083;SAN PIER FEDELE
L796;VERTOVINO
H239;RESCALDA
M181;ZIVIDO
F556;MONTEMAGNO
G930;POSCANTE
F271;MOGORELLA RUINAS
M099;VIZZE
D274;DERCOLO
G569;PIANO
D840;GADESCO
B480;CAMINATA IN TURES
A404;ARIENZO SAN FELICE
F834;NACLA SAN MAURIZIO
E918;MARASSI
F036;MASSA SUPERIORE
A527;AZZANO DEL TANARO
B560;CAMPOROSSO IN VALCANALE
I086;SAN PIETRO SOPRA PATTI
C140;CASTELLAR
B210;BROZZI
E303;INTRA
E138;GRANCONA
L045;TAPPIA
D285;DESERTES
H845;SAN FLORIANO DEL COLLIO-STEVERJAN
A108;AIMAVILLA
B385;CALATAFIMI
A545;BAGGIO
F273;MOIANA
F905;NOARNA
H763;SAN BARTOLOMEO DEL CERVO
A958;BUOMPIETRO
C265;CASTEL SAN PIETRO DELL'EMILIA
C555;CERVIGNANO
A289;ANFURRO
L027;TAGLIOLO
H742;SAMBIASE
E856;MALGESSO
D031;CORONA
G711;PISSARELLO
D703;FORLI' DEL SANNIO
L825;VHO
I897;SPEZZANO GRANDE
A011;ABBIATEGUAZZONE
A078;AGNELLENGO
C363;CAVAGLIA'
M094;VIU'
G926;TAGLIO DI PORTO VIRO
H653;SABLE GRANDE
H634;RUFFRE'
H636;RUGINELLO
L340;TRAVE
I459;SASSOCORVARO
D206;CUNEVO
G545;PONT BOZET
L721;VELLO
G595;PIEDILUCO
D194;CUCCARO MONFERRATO
G584;PIAZZO
B096;BOUSSON
D585;GONNOSNO'
B421;CALOGNA
C029;CASSINE GANDINE
M036;VILLAZZANO
D396;ELLE
H004;PRATO DI VENOSTA
M135;VOSCHIA
F741;MORONDO
D409;ENGUISO
E545;LESA BELGIRATE
E186;GRISOLIA CIPOLLINA
D466;FAGNANO SUL NAVIGLIO
I672;SERSO
A694;BASELGA DI PINE'
I587;SELLERE
A648;BARDINO NUOVO
D521;FAVRIA-OGLIANICO
I078;SAN PELAGIO
A538;BADIA
L072;TAVERNOLA SAN FELICE
F164;MEUGLIANO
G543;PIANA DEI GRECI
F436;MONTE A MEZZODI'
D193;CUCCA
F402;MONTALCINO
C994;COREDO
G175;OSSECCA VITTUGLIE
A982;BORCA
E355;ISOLA D'ISTRIA
D224;CURSOLO
F227;MIOLA
F794;MUCENO
A063;AFFORI
E826;MAGRAS
A211;ALLUVIONI CAMBIO'
E622;LIVINALLONGO
G810;POMETO
L417;TRIBUSSA
H259;REZZO CAVARGNA
G221;PADERNO D'ASOLO
I041;SAN MICHELE EXTRA
F026;MASSA FISCAGLIA
E577;LICIGNANO DI NAPOLI
B127;BRECCIA
B347;CADREZZATE
F334;MONATE
M134;VOLZANA
A753;BELLIZZI
B241;BUCCINIGO
H556;ROSA'
M066;VIPACCO
M112;VOISCHIZZA
B189;BRISINO
D199;CUGLIATE
C384;CAVASO
F306;MOLVENA
L333;TRAREGO
C077;CASTELDARNE
M299;BOVILLE
L443;TROBASO
H869;SAN GIACOMO
F954;NOVATE BRIANZA
H260;REZZONICO
F244;MISANO IN VILLA VITTORIA
B639;CANTU'
E849;MALCHINA
F252;MIZZOLE
F212;MILLAURES
L092;TEMENIZZA
F944;NOVA
D220;CURNASCO
H582;ROSSINO
C970;CONTRA
A355;TORTOLI'
H747;SAMBUCO PIETRAPORZIO
B230;BRUSSONE
I053;SAN NICANDRO
F203;MIGNANO
C750;CITTA' SANT'ANGELO
H162;RAGOLI
G915;PORTOLE
A524;AVUGLIONE E VERNONE
H664;SAGORIA SAN MARTINO
L370;TREMEZZINA
I269;SANT'ANDREA
B375;CALALZO
L876;VIGGIU'
L789;VERSA
H787;SAN CANZIANO
D342;DONIGALA FENUGHEDU
I916;SPINONE DEI CASTELLI
H515;ROMARZOLO
H613;ROVERSANO
B113;BRACCA DI COSTA SERINA
E518;LEYNI
H042;SAN DESIDERIO TERME
E618;LITTORIA NISSENA
A951;BOLZANETO
I560;SECONDIGLIANO
I088;SAN PIETRO CADORE
D748;FOSSO'
L044;TAPOGLIANO
E293;INCINO
H008;PRATOVECCHIO
B947;MOLOGNO
F383;PAULI PIRRI
B042;BORGO TARO
A420;ARNAGO
H169;RAMO DI PALO
H345;RIVA SANTO STEFANO
B103;BOVILE
B547;CAMPOLONGO SUL BRENTA
E032;GIMINO
L444;TRODENA
I776;SOCCAVO
E909;MARANO
E867;MALPOTREMO
I952;STIA
I298;SANT'ANTONIO RUINAS
F075;MEANO
B638;CANTONALE
L718;VELLEGO
I552;SCRILIE
I285;SANT'ANGELO IN LIZZOLA
I502;SCANO AL BREMBO
F474;MONTECICCARDO
D073;CORTICELLE PIEVE
D047;CORTABBIO
H705;SALETTO
G956;POZZO ALTO
I592;SELVA BELLUNESE
F969;NOVILARA
G112;ORIS
M024;SLAVINA
H716;SALMORE
C953;CONDINO
D146;CREMEZZANO
B653;SALVADERA
M034;VILLA VICENTINA
H133;QUINTO DI VALPANTENA
H548;RONGIO
H586;ROTA DENTRO
C445;CELLEDIZZO
E964;MARMORITO
L052;TARCETTA
I495;SCANDELUZZA
B992;CASOTTO
F615;MONTES
B799;CORNEDO
A205;ALLENO
A543;BAGAGGERA
G468;PERSICO
B764;CARENO
I001;SAN MARTINO AL MONTE
A558;PORRETTA TERME
D019;CORNATE
L354;TRECASALI
D806;FRONTIGNANO
L053;TARNOVA DELLA SELVA
B909;CASALPOGLIO
H295;RINA
I584;SELLA DELLE TRINCEE
C362;CAVACURTA
B078;BOSENTINO
I033;SAN MICHELE D'ASTI
M129;VOLTRI
H506;ROMALLO
G072;ONNO
L095;TENDA
H290;RIGOSA
E717;LUCERNATE
L661;VANDOIES DI SOPRA
D337;DONADA
G617;PIETRA GAVINA
I006;SAN MARTINO DE' CALVI
L099;TEODORANO
G854;PONTE SAN MARTINO
L076;TAVODO
G668;PILZONE
A066;AGARO
I106;SAN PIETRO D'ORZIO
F438;MONTE A TRAMONTANA
C171;CASTELLI CUSIANI
A452;ARVIE
C950;CONCORDIA SAGITARIA
A442;ARSIA
H296;RINCO
G027;OLGIATE CALCO
G182;OSSUCCIO
G732;PLATEA
H066;PRIMIERO
H989;SAN MARTINO
E601;LINATE AL LAMBRO
L469;TURANO
I746;SENADOLE
I846;SORBOLONGO
H579;ROSSANO
F649;DORNBERG
E405;LAGLIO-BRIENNO
G972;SASSO BOLOGNESE
B291;BUSSANA
A833;BEURA
A052;ACQUI
I491;SCALETTA UZZONE
A276;ANDOGNO
H980;SAN MARCELLO PISTOIESE
C694;CIMEGO
F596;MONTEREALE CELLINA
A009;ABBAZIA
C745;CITTA' DI CASTELLO
F195;MIGIANDONE
I514;SCARPERIA
C001;CASSANO ALBESE
F060;MATTUGLIE
E776;MACCAGNO INFERIORE
B148;SOMBRENO
D939;GAUNA
D668;FONTANA ELICE
A298;ANHOVO
F759;MORTIZZA
I898;SPEZZANO PICCOLO
G223;ROBBIATE PADERNO
E728;VAZIA
G407;PEDERGNAGA
C179;CASTELLO VALSOLDA
B117;PREGOLA
I635;SERNAGLIA
D571;FIE' ALLO SCILIAR
C124;CASTEL IABLANIZZA
E479;LAUREANA DI BORELLO
M307;RASUN VALDAORA
B298;BUSSOLINO GASSINESE
G222;PADERNO OSSOLARO
D284;DESENZANO SUL LAGO
B611;CANNETO DI BARI
G863;PONTICELLI
C721;CIREGGIO
L763;VERGEMOLI
L247;TORRE BAIRO
I869;SOTTO IL MONTE
F812;MURIAGLIO
A791;BEREGAZZO
D517;FAVERZANO
C726;CIRO' MARINA
I471;SAVIGNANO DI PUGLIA
D716;FORNERO
L701;VECCANA
B513;CAMPIONE
E935;MARCO
D336;DON
I024;SAN MORIZIO CANAVESE
L984;VILLANUOVA D'ASTI
L548;VALCHIUSA
E218;GRUMELLO DE' ZANCHI
C842;SEGNACCO
I733;SILUN MONT'AQUILA
G296;PALU' DEL FERSINA
B154;BRENZONE
I123;SAN POLO D'ENZA IN CAVIANO
A682;BARZA
E151;GRAVEDONA
F861;NEGRAR
M039;VILLE SAN PIETRO
A985;BORDOGNA
I603;SENALE
H280;RIESE
A562;BAGNI SAN GIULIANO
A179;VALDAGNO DI TRENTO
A311;ANTIGNANA
M117;VOLOSCA-ABBAZIA
E762;LUSIANA
A556;BAGNASCO D'ASTI
A411;ARIZZANO SUPERIORE
L351;TREBECCO
F971;NOZZA
D225;CURSOLO-ORASSO
E809;MAGLIANO D'ALBA
I440;SAROLA
A483;ATELLA DI NAPOLI
E916;MARANZA IN PUSTERIA
E755;LUSCIANO E DUCENTA
D005;CORIGLIANO CALABRO
C366;CAVAGLIO SAN DONNINO
B761;CARELLA CON MARIAGA
E302;INTIMIANO
I515;SCARPIZZOLO
D985;GERMANEDO
F185;MEZZOLAGO
D212;CUQUELLO
B195;BROCCO
E378;IVANO-FRACENA
B165;BREZ
F049;MASTELLINA
E503;LAZZARONE
H675;SAINT-RHEMY-EN-BOSSES
B222;BRUNTINO
A803;BERNATE ROSALES
F459;MONTECATINI DI VAL DI NIEVOLE
B321;CADDO
A695;BASELICA BOLOGNA
C907;COLSANO
M017;VILLA SAN FIORANO
L654;VALTORNENZA
D418;ERBANNO
I733;SLUM
C590;ZEDES
L624;VALLI DEI SIGNORI
L033;TAIO
E741;LUMEZZANE SANT'APOLLONIO
I834;SOPRAMONTE
I218;SANTA LUCE ORCIANO
B600;CANEZZA
B793;CAMNIE
H905;SAN GIOVANNI ALLA CASTAGNA
G092;ORENO
M193;ZORZINO
G663;PIGNOLA DI BASILICATA
F012;MASERADA
L467;TURAGO BORDONE
I021;SAN MARZANOTTO
C667;CIAGO
D417;ERBA INCINO
I379;SAN VALENTINO ALLA MUTA
B625;CANSERO
D312;DOBERDO' DEL LAGO-DOBERDOB
F282;MOLASSANA
L582;VALGRISANCHE
A908;BOBBIATE
A331;APPARIZIONE
H634;RUFFRE'-MENDOLA
D490;FARA D'ADDA
D616;FISTO
E018;IONIA
A901;BLEGGIO INFERIORE
A610;BANNIO
B567;CAMPOSPINOSO
B334;CADERO CON GRAGLIO
E344;ISOLA BALBA
B560;CAMPOROSSO
L981;VILLANOVA BALTEA
D602;FINALE PIA
L811;VESTIGNE'
D457;FAEDO
G581;PIAZZA SANTO STEFANO
M145;ZANE'
F047;MASSINO
D723;FORNO
F362;MONGHEZZO DI FUORI
C146;CASTELLAVAZZO
G269;PALAZZO PIVERONE
B644;CAPACCIO
G841;PONTEDECIMO
D306;DISSIMO
B722;CARAMANICO
C225;CASTELNUOVO DI VERONA
H605;ROVER CARBONARE
E331;ISCHIA
A933;BOLBENO
L107;TERLAGO
E347;ISOLA COMACINA
G223;PADERNO ROBBIATE
F373;MONIGA
H656;SACCONAGO
H709;SALICE CALABRO
G999;PRATO IN TOSCANA
H743;SAMBUCA ZABUT
L818;VEZZANO IN VENOSTA
C579;CESNOLA
E895;MONTALE IN PUSTERIA
L688;VARONI
H932;SAN GIUSEPPE DI CASTO
H352;RIVIGNANO
F661;MONTEVERDI
H158;RAFFA
B061;BORSO
L791;VERTEMATE
F159;MESTRE
G563;PIANI
I719;SIAMANNA-SIAPICCIA
H496;ROIO PIANO
H663;SAGLIANO DI CRENNA
I472;SAVIGNANO DI ROMAGNA
D515;FAVARO VENETO
A148;ALBER DI SESANA
G599;PODGORA
A739;BELFORTE DEL CHIENTO
D943;GAVERINA
B146;BRENNO USERIA
E609;LISANZA
M047;VILLONGO SANT'ALESSANDRO
L371;TREMEZZO
L714;VELATE
E391;JOVENCAN
L080;TAVORDO
B751;CARCINA
G832;PONTEBBA NOVA
M160;ZELO SURRIGONE
D235;CUTIGLIANO
H263;RHEMES SAINT GEORGES
G845;PONTE DI NOSSA
H902;SAN GIOVANNI
B723;CARANO
H261;VAL DI REMA
E739;LUMEZZANE PIEVE
H110;QUARTO PRAETORIA
L694;VASIO
E521;LEMNA
D055;CORTE DE' CORTESI
H124;QUERO
G755;POGGIO BERNI
I770;SLIVIA
A639;BARCHI
B831;CARPUGNINO
G739;PLISCOVIZZA DELLA MADONNA
A583;BAIO DORA
H060;PRIERO MONTEZEMOLO
F019;MASON VICENTINO
H840;VERGOSA
I299;SANT'ANTONIO A TREBBIA
L030;TAIBON
E740;LUMEZZANE SAN SEBASTIANO
B975;CASLINO AL PIANO
B652;CAPIAGO
D895;GAMBASSI
E268;GURONE
I269;SANT'ANDREA DI GORIZIA
E321;IONADI
A888;BISIO
H153;RADDA
H295;RINNA
B494;CASTELLO DI CAMPAGNANO
G067;ONEGLIA
H135;QUINTO AL MARE
F529;SAN PIETRO MONTAGNON
C427;CELENTINO
I722;SICCI SAN BIAGIO
I387;SAN VINCENZO AL VOLTURNO
B713;CAPRIVA NEL CARSO
D627;FIUMICELLO
G400;PEDACE
B924;CASAMICCIOLA
B045;BORGOUNITO
A926;BOGNANCO DENTRO
I386;SANVINCENTI
F378;MONRUPINO-REPENTABOR
E525;LENNO
I603;UNSERE LIEBE FRAU IM WALDE
D039;CORREZZO
B599;CANEVINO
E781;MACCIO
L141;TERZANO
L782;VERPOGLIANO
D400;ELSANE
E511;LEGGIUNO-SANGIANO
G548;PIANCERI
M010;VILLA ROMANO'
E233;GUALTIERI SICAMINO'
D425;OCCISLA-CLANZO
I250;SANTA MARIA MAGGIORE E CRANA
I044;SAN MICHELE DI POSTUMIA
E672;LONGARONE
B806;CARONNO CORBELLARO
D173;CROCE
G730;PLAGNOLO
H698;SALECCHIO
C682;CIGNANO
H479;RODI' MILICI
D079;LADINIA
D950;GAZZADA
E449;LAPPAGO
E361;ISOLELLA
G723;PIZZOCORNO
I100;SAN PIETRO DEL CARSO
E703;LOVER
F253;MOANO
D772;FRASCATA
M195;ZOVERALLO
D581;MIRABELLO COMASCO
G633;PIEVE DI CORIANO
E095;GORIANO
H476;RODENGO
H302;RIOLO DEI BAGNI
E926;MARCELLISE
B721;CARAMAGNA LIGURE
B449;CALVI SAN NAZZARO
D729;FOROTONDO
A704;BASSANO DI SUTRI
I620;SEPRIO
H555;RORETO
D160;CRESPINA
L232;TORRA
M118;VOLPAGO
A140;ALBARETTO VALLE DI MACRA
G967;PRA
I303;SANT'APOLLINARE CON SELVA
D288;DEZZO DI SCALVE
I112;SAN PIETRO INDELICATO
E676;LONGIARU'
C491;CERCHIATE
G689;PIONE
A711;BASTIDA DE' DOSSI
B163;BRESTOVIZZA IN VALLE
H909;SAN GIOVANNI BATTISTA
A079;AGNONA
D468;FAI
C626;CHIENIS
C283;CASTELVETERE DI CALORE
I091;SAN PIETRO
E696;LOSE
H911;SAN GIOVANNI D'ASSO
F066;MAZZARRA' SANT'ANDREA
H123;VIRGILIO
M154;ZELARINO
M124;VOLTAGO
L148;TESIDO
C519;CERNIZZA GORIZIANA
L662;VANDOIES DI SOTTO
H181;RANZO
H025;PREGLIA
B749;CARCERI
L871;QUINTOSOLE
B687;CAPRANICA
A645;BARDELLO
H866;SAN GIACOMO
D676;FONTANETTO DA PO
H833;SAN FELICE SLAVO
H178;RANZIANO
D097;COSSILA
M148;ZAPPELLO
E501;LAZFONS
E702;LOVENO SOPRA MENAGGIO
H510;ROMANO' BRIANZA
G941;POSTUMIA
D402;EMARESE
M033;VILLAVIANI
D553;FERRERA CENISIO
B277;BURGUSIO
G644;PIEVE DI LEDRO
I638;SERPENIZZA
A561;BAGNI DI MONTECATINI
A868;BIGLIANA
A417;ARMO
L768;VERMEZZO
E663;LON
B017;BORGO LITTORIO
D584;FIGU
L534;VAGNA
G470;PERSONE
G566;PIAN DEL VOGLIO
A993;BORGHETTO DI ARROSCIA
A767;BEL PRATO
H719;SALORNO
C891;COLOGNA-GAVAZZO
E286;IMBERIDO
A598;BALLARATE
G830;PONTE ALL'ISARCO
H956;SAN LORENZO
A596;BALLABIO SUPERIORE
G138;ORTI
A714;BATTAGLIA
D565;FIAVE'
E117;GOTTRO
E831;MAIA ALTA
D583;FIGLINE VALDARNO
I243;SANTA MARIA HOE'
C961;CONIO
H086;PUEGNAGO
M305;ALME' CON VILLA
A114;AIZURRO
L615;VALLES
G519;PETRURO
H675;SAINT RHEMY
H602;ROVELLO
H115;QUARTO DEI MILLE
I763;SISSA
E187;GRIZZANA
A824;BERSEZ
B649;LEPRIGNANO
G494;PESCOLAMAZZA
F357;MONFESTINO IN SERRAMAZZONI
C178;CASTELLO D'ALIFE
C452;CEMBRA
F821;MUSCOLI STRASSOLDO
G735;PLATI'
A500;NABRESINA
L528;VADO
C326;CASTIONE VERONESE
F790;MOZZIO
E472;LITTORIA
A824;BERSEZIO DEL QUARNARO
I989;STURIA
I027;SAN MAURO DI ROMAGNA
D902;GAMBUGLIANO
F975;NUGHEDU DI SAN NICOLO'
I398;SAN VITO IN MONTE
I112;SAN PIETRO IRPINO
I933;STAGHIGLIONE
A838;BEVILACQUA-BOSCHI
G709;PISINO
L878;VIGHIZZOLO D'ESTE
G373;PATONE
H776;SAN BERNARDINO
I764;SIURGUS
A345;AQUILA DEGLI ABRUZZI
I940;STAVA
E257;GUDON
B583;CANDEASCO
I615;SENORBI'
I479;SAVOGNA
H830;SAN FEDELE INTELVI
D717;TONEZZA
B060;BORSEA
B712;CAPRIVA
A126;OLLASTRA USELLUS
I772;SMARANO
I579;SEIO
D410;ENTRAQUE
F753;MORTANO
E073;GODOVICI
L114;TERMON
I740;SILVELLA
C997;CORENNO PLINIO
B074;BOSCOMARE
G169;OSPITALE
A624;BARBANA D'ISTRIA
F314;MOMBELLO LAGO MAGGIORE
C805;COBILAGLAVA
C830;COLBORDOLO
L487;UGGIATE-TREVANO
D941;GAVAZZANA
I640;SERRA RICCO'
E458;SALA DORA
M112;VOISSIZZA DI COMENO
I304;SANT'ARCANGELO DI ROMAGNA
D506;FARRA D'ALPAGO
F040;MASSE DI SIENA
C455;CENATE D'ARGON
H167;RAISSA
H099;QUAGLIETTA
L895;VIGOLO BASELGA
F440;MONTEBELLO
D122;COTRONE
B747;CARCANO
E295;INCISA BELBO
F144;MERETTO DI TOMBA
F766;MOSO
A364;ARCELLASCO
I159;SAN SIGISMONDO
I920;SPOCCIA
F649;MONTESPINO
C793;CLAVIERES
F057;MATTERIA
L260;TORRE DEL MANGANO
H815;SAN DANIELE RIPA PO
C720;CIRCHINA
L790;VERSCIACO
A654;BARESI
F744;MORRA IRPINO
F850;NAVA
H111;QUARTI
D373;DRUENT
H471;RODDA
I882;SPADAFORA SAN MARTINO
L518;USSOLO
B968;CASINO
I931;STABELLO
L855;VIDOLASCO
G783;POLESINE PARMENSE
F973;NUCHIS
H054;PREVACINA
D253;DASA'
C132;CASTELLAMMARE
I420;SAPONARA VILLAFRANCA
C045;CASTAGNETO
F353;MONDRONE
F291;MOLINI DI TURES
L012;SUSA'
F393;MONTAGNA
D397;ELLERA
D535;FENILE
H109;TIZZANA
L584;VALLADA
M128;VOLTORRE
E582;LIETO COLLE
G675;PINGUENTE
H731;SALVIROLA CREMASCA
G443;PERGA
A250;ALZATE CON LINDUNO
H047;PRESICCE
L360;TREDOSSI
L717;VELLANO
F466;MONTECELIO
A720;BAUCO
A776;BELVI'
H017;PREDAPPIO NUOVA
H092;PUOS D'ALPAGO
B952;CASCINE SAN GIACOMO
H117;SAN MICHELE DEL QUARTO
L318;TRABUCHELLO
A457;ARZENO D'ONEGLIA
D393;ELENA
A703;BASSANO
B834;CARRARA SANTO STEFANO
G911;PORTO CIVITANOVA
H037;PREMOSELLO
D645;FOGLIANO DI MONFALCONE
E399;LACINIGO
G356;RIVOLTO
D138;CREDA
I793;SOLBIATE ARNO E MONTE
C797;CLOZ
B449;SAN NAZZARO CALVI
C898;COLOMBARO
M157;ZELBIO-VELESO
D059;CORTE IN PUSTERIA
F699;MONTRIGIASCO
G401;PEDANEA
A056;ADERNO'
D322;VALGRANDE
M068;VIRLE TREPONTI
A179;VALDAGNO
I257;SANT'AMBROGIO OLONA
D215;CURDOMO
B044;TOSSIGNANO
D241;CUZZAGO
L204;TONENGO
C132;CASTELLAMMARE ADRIATICO
H103;QUAREGNA
I087;SAN PIETRO
D792;FRAVEGGIO
L760;VILLA VERGANO
F647;MONTESILVANO MARINA
C748;CITTANOVA D'ISTRIA
F135;MERCATELLO
C737;ISSENGO
G296;PALU'
D795;FREROLA
D002;CORGNALE
C311;CASTIGLIONE DELLA VALLE
F584;MONTE OSSOLANO
E385;JERAGO CON BESNATE ED ORAGO
L794;VERTOIBA
F289;MOLINI DI COLOGNOLA
B177;BRIGNANO DEL CURONE
F635;MONTE SAN VITO
F008;MASCIAGO MILANESE
I839;SORAGA
F633;MONTESANTO
D091;DUE COSSANI
L511;VELATE MILANESE
F853;NAVE SAN ROCCO
C182;CASTELLO
E529;OSMATE LENTATE
A866;BIGARELLO
L793;VERTENEGLIO
H208;REBBIO
F842;NARDO'
A305;ANTEY SAINT ANDRE
I572;SEGHEBBIA
H817;SAN DANIELE DEL CARSO
C663;CHIUSI IN CASENTINO
A320;ANZANO DEGLI IRPINI
A308;LA MADDALENA D'AOSTA
D153;CRENOVIZZA
F137;MERCATINO MARECCHIA
H676;SAINT VINCENT
D363;DRANO
E604;LINZANICO
E913;MARANOLA
F909;NOCCO
B841;CARRU'
F869;NERESINE
D242;DAGNENTE
B518;CAMPO
E619;LIVEMMO
E837;MAIOLATI
I557;SEBREGHE
G043;OLLASTRA SIMAXIS
H675;SAN REMIGIO
E322;IPPLIS
H190;RASUN DI SOPRA
A797;BERGOGNA
A602;BALSAMO
D083;CORZES
H234;RENATE VEDUGGIO
E112;GORZONE
I127;SAN PONZO SEMOLA
F121;MENAROLA
I334;SANT'EUFEMIA LAMEZIA
A090;AGRONE
G221;PADERNO DEL GRAPPA
L744;VERANO
G646;PIEVE DI SORI
G573;PIANURA
L053;TERNOVA
I173;SANTA CRISTINA
E657;LOMANIGA
A715;BATTAGLIA DELLA BAINSIZZA
H740;SAMBASSO
C590;CEVES
L303;TORRITA
H065;PRIMEGLIO SCHIERANO
D174;CROCE DI MOSSO
L375;TRENTA
C896;COLOGNOLA DEL PIANO
G708;PISCOPIO
L646;VALROVINA
E262;GUIDOMANDRI
H167;RISCONE
L481;UGOVIZZA VALBRUNA
D937;GATTICO
M332;QUERO VAS
D648;FOIANA
B874;CASALE CREMASCO
G451;PERGINE VALDARNO
G431;PENDOLASCO
A472;ASPRA SABINA
C592;CHALLANT SAINT ANSELME ET CHALLANT SAINT VICTOR
H648;SABBIA
I525;SCHIANNO
G053;OLTRESONZIA
G375;PATRIGNONE
C989;CORCIAGO
A410;ARIZZANO INFERIORE
H067;PRIO'
H487;ROGGIANO VALTRAVAGLIA
D669;FONTANA DEL CONTE
C833;COLDERANO
C358;CAURIA
L209;TORBIATO
C921;COMENO
D632;FLECCHIA
L910;VILLA AGNEDO
M038;VOGHERSCA
B769;CAREZZANO INFERIORE
M142;ZAMBANA
I186;SANT'EUFEMIA DELLA FONTE
G345;PARRAVICINO
B962;CASELLINA E TORRI
D155;CRESCENZAGO
I369;SANTO STEFANO DI BRIGA
E784;MACERATA DI MARCIANISE
D415;GRISOLERA
H142;QUINZANO VERONESE
L170;TIMOLINE
B344;CADINE
L875;VIGGIONA
G972;PRADURO E SASSO
A126;OLLASTA
B360;CAGNO'
I091;SAN PIETRO DI GORIZIA
A001;ABANO
H717;SALO'
E134;GRANA
I101;SAN PIETRO DI BARBOZZA
F339;NOVELLO MONCHIERO
C636;CHIGNOLO VERBANO
E835;MAIERA'
A688;BARZOLA
D960;TERRANOVA DI SICILIA
M061;VINTEBBIO
F479;ORTODONICO
B488;CAMNAGO FALOPPIA
H852;SANFRONTE
E572;LIBUSSINA
H214;RECOARO
I488;SCALERES
B139;BREMBATE DI SOTTO
I239;SANTA MARIA DEL MONTE
C592;VILLA SAN ANSELMO
L179;TISO
L133;TERRATI
D831;FUSINE IN VALROMANA
I568;SEDULA
L657;VALVASONE
H336;RIVANAZZANO
H608;ROVERE' VERONESE
A644;BARDASSANO
L927;VILLA CORSIONE
B154;CASTELLETTO DI BRENZONE
I623;SERBARIU
B508;CAMPIGLIA CERVO
B273;BURANO
B320;CA' D'ANDREA
I713;SFORZATICA
C592;CHALLANT
I223;SANTA MADDALENA IN CASIES
F792;MU
A104;AIELLO IN CALABRIA
D954;GAZZELLI
C473;CENTRISOLA
A493;AUDITORE
L921;VILLA CASTELNUOVO
E686;LORENTINO
E042;GOIACI
B047;BORIANO
E276;IAVRE'
H616;ROVETTA CON FINO
I517;SCAVOLINO
H053;PRETURO
F855;NOCI
H685;SALABUE
B545;CAMPOLONGO
H596;ROVAGNATE
B208;BROVIDA
L960;VILL'ALBESE
E701;LOVENO GRUMELLO
C786;CIZZAGO
A627;BARBARANO VICENTINO
G407;PEDERGNAGA ORIANO
L692;VAS
C124;IABLANIZZA
A012;ABETONE
D168;CREVOLA D'OSSOLA
I037;SAN MICHELE MONDOVI'
E802;MAGGIANICO
B786;CARLAZZO VALSOLDA
G399;PECORARA
E829;MAGRE' ALL'ADIGE
F825;MUSIGNANO
G759;POGGIO FIDONI
A434;ARQUA' PETRARCA
G745;PODARGONI
C562;LENTIAI
G213;PADENGHE
D356;DOVIA DI AOSTA
C183;CASTELLO
I395;SAN VITO
F719;MOREGNANO
L871;VIGENTINO
H049;PRESSON
A808;BERSONE
I094;SAN PIETRO A PATIERNO
C339;TERRA DEL SOLE E CASTROCARO
E174;GRIES DI BOLZANO
I020;SAN MARZANO MOASCA
L935;VILLA DEL NEVOSO
H164;RAGUSA IBLA
E162;GRECO MILANESE
A357;MUSSOLINIA DI SARDEGNA
C137;CASTELLANIA
L683;VARGO
I513;SCARNAFIGI-RUFFIA
L156;TEZZE
I385;SAN VIGILIO
G012;OIASSE
E140;GRANDOLA
G943;POVE
L249;TORRE BERETTI
H720;SALSOMAGGIORE
L171;TINA
H638;RUMIANCA
B190;BRISSAGO
L911;VILLA BANALE
D793;FRAZZANO'
F204;MIGNETTE
D263;DEGGIANO
I784;SOLANAS
H886;SAN GIORGIO DI PESARO
G928;PORZANO
B318;CACCIA
L466;TUORO
E312;INVERSO PORTE
F138;SANSEVERINO ROTA
H330;RIVA
H082;PROVEZZE
L221;TORLINO
C734;CISMON DEL GRAPPA
A686;BARZANO'
F128;MENTOULLES
A633;BARBERINO VAL D'ELSA
B401;CAL DI CANALE
D343;DONIGALA SIURGUS
H283;REIFEMBERG
C942;CONCADIRAME
B186;BRIONI MAGGIORE
E316;INVORIO SUPERIORE
G057;OLTRONA AL LAGO
E849;MANCHINIE
G060;OMBRIANO
I379;SAN VALENTINO ALLA MUTTA
A803;BERNATE DI COMO
B348;CA' EMO
I528;SCHIERANCO
H964;SAN LORENZO DI MOSSA
G051;OLTREPOVO
I665;SERRAVALLE ALL'ADIGE
D731;MEZZASELVA ALL'ISARCO
G045;OLLOMONTE
I961;STORIE
L645;VALPRATO
H339;RIVAROLO LIGURE
A298;ANICOVA CORADA
L863;VIGALZANO
B769;CAREZZANO MAGGIORE
M151;ZAVATTARELLO VALVERDE
H670;SAINT DENIS
G951;POZZAGLIA SABINO
E418;LAINO BRUZIO
B339;CA' DE' STEFANI
E580;LICUSATI
A336;APRIANO
B034;BORGO SAN DONNINO
G077;OPACCHIASELLA
A807;BERSEZIO
L622;VALLE SUPERIORE MOSSO
D698;FORESTO SESIA
C339;CASTROCARO E TERRA DEL SOLE
I297;SANT'ANTONIO D'ADDA
C782;PAGANICO
L610;VALLENONCELLO
M390;SEN JAN DI FASSA
D130;CRANA GATTUGNO
C805;COBBIA
L630;VALLONARA
F537;MONTELEONE DI CALABRIA
L761;VERGANO NOVARESE
I516;SCIAVES
A426;ARNO'
C220;CASTELNUOVO BAZENTE
F875;NESE
L264;TORRE DE' RATTI
C355;CATONA
I211;SANT'ALBANO DI BOBBIO
D167;CREVENNA
E937;MARCORENGO
L818;VEZZANO
B673;CAPORETTO
I085;SAN PIERO A SIEVE
C753;CIVELLO
B821;CARPIGNAGO
F635;SAN VITO AL MONTE
H640;RUNO
B438;CALVARUSO
A378;ARCUMEGGIA
A424;ARNAZ
H484;ROE' VOLCIANO
L549;VALCHIUSELLA
B983;CASOLE BRUZIO
D857;GAIOLA MOIOLA
B714;CAPRONNO
I584;SELLO
I118;SAN PIETRO PULA
I542;SCODOVACCA
I456;SASSO DI BORDIGHERA
D213;QUARAZZE
C277;CASTELVECCHIO DI SANTA MARIA MAGGIORE
G946;POVIR
D609;FIORDIMONTE
B800;CAROBBIO
C824;COGOLLO
I252;SANTA MARIA REZZONICO
A924;BOGLIUNO
A969;BONDO PETELLO
M198;ZUCLO
M167;ZERBOLO'
H313;RIPALIMOSANO
I479;SAVOGNA D'ISONZO-SOVODNJE OB SOCI
M253;SICIGNANO
D404;ENDENNA
C535;CERRO LAGO MAGGIORE
L111;TERMENO
A918;LOMNAGO
I427;SARDAGNA
E174;GRIES
D176;CROCETTA
L092;TEMNIZZA
F091;MEGLIADINO SAN FIDENZIO
G305;PANCHIA'
I039;SAN MICHELE IN TEVERINA
E775;MACCAGNO SUPERIORE
I161;SAN SILVESTRO
I104;SAN PIETRO DI MONTEROSSO
E508;LEDINE
H057;PREZZO
G069;ONIES
E966;MARO CASTELLO
D725;FORNO DI RIVARA
M054;VIMOGNO
D974;GERA
E461;LASINO
F525;MONTEGRINO
L679;VARENGO
G073;ONO DEGNO
D032;CORONA ALLA MUTA
E618;MILOCCA
H364;ROASENDA
I680;SESSANT
G472;PERTEOLE
I837;SOPRAZOCCO
C825;COGOLO
L051;TARCES
G950;POZZA DI FASSA
I988;STUMIAGA
H054;PERVACINA
E366;SPACCAFORNO
D080;CORVARA IN PASSIRIA
I818;SOMENDENNA
D104;COSTA D'ONEGLIA
L538;VAYES
L695;VASSENA
I492;SCALETTA ZANGLEA
D020;CORNEDO
B601;CANFANARO
H551;RONZO
C611;CHIAPOVANO
B131;BREGANO
I227;SANTA MARGHERITA DI BOBBIO
B833;CARRARA SAN GIORGIO
C103;CASTELFONDO
F691;MONTORIO VERONESE
I343;SANTINO
L726;VENALZIO
A583;BAIO
B681;CAPPELLE
G503;PESSINA VALSASSINA
D063;CORTENEDOLO
G176;OSSEGLIANO SAN MICHELE
G695;PIOVERA
L159;THURES
H464;ROCCHETTA CENGIO
C688;CIMA
L663;VANGA
G175;OSSECH-VITTUGLIE
E342;ISOLATO
F919;NOGARE'
H915;SAN GIOVANNI DI GALERMO
H115;QUARTO AL MARE
I944;STAZZONA GERMASINO
I509;SCARIA
C417;GREVO
H837;SAN FELICE
E720;LUCINICO
L800;VERVO'
A170;ALBONA
H521;RONAGO
I476;SAVIORE
L621;VALLE SAN SILVESTRO
D338;DONNAZ
C281;CASTELVERO D'ASTI
L993;VILLANOVETTA
F709;MORANSENGO
B479;CAMINATA
I553;SCURCOLA
H972;SAN LUGANO
G692;PIOVA' MASSAIA
A577;BAGNOREA
F755;MORTASO
I657;SERRAVALLE LIBARNA
E320;LE VENEZIE
B973;CASLETTO
A867;BIGLIA
E279;IDRIA DI SOTTO
B066;BORZOLI
A927;BOGNANCO FUORI
L311;TOSCOLANO
A899;BIZZOZERO
D563;FIANONA
L094;TEMU'
A869;BIGLIO
F854;NAVONO
E828;MAGRE' VICENTINO
G550;PIAN D'ARTOGNE
B926;CASANOVA DI UGGIATE
F769;MOSSO SANTA MARIA
D642;FOCE
F645;MONTESICURO
H027;PRELA'
D405;ENDINE
E708;LOZZO CADORE
I068;SAN PANCRAZIO PARMENSE
C397;CAVERSACCIO
L174;TIONE
D238;CUVEGLIO IN VALLE
E135;GRANAGLIONE
G467;PERSICETO
G216;PADERNELLO
E596;LIMONE SAN GIOVANNI
B793;CAMIGNA
L394;TRETTO
E667;LONATO
F476;MONTE COLOMBO
B733;MASINO
F633;MONTESANTO VIEZI
H003;PRATO ALLA DRAVA
B027;BORGO PANIGALE
F826;MUSILE
A086;AGRANO
L341;TRAVEDONA
L310;TOSCANELLA
D432;ESCOVEDU
D739;FOSSA GUAZZONA
M191;ZORLESCO
E516;LEGOS
C915;COMANO
G731;PLANINA
F729;MORIAGO
D262;DEGAGNA
L067;TAVARNELLE
I889;SPERA
D208;CUORGNE'
L161;TIARNO
I711;SEZZE'
A134;ALBAREDO ARNABOLDI
F350;MONDONIO
M084;VITICUSO ED ACQUAFONDATA
F683;MONTONA
H874;SAN GILLIO TORINESE
G314;PANTASINA
G094;OREZZO
G081;PALMIRA
B389;CALCERANICA
E166;GRESSONEY
L671;VARANO
E176;GRIGNANO DI POLESINE
A194;ALI'
D254;DASIO
B676;HANO
I551;SCORZE'
A205;ALLAIN
E603;LINGUEGLIETTA
H584;ROTA
H004;PRATO VENOSTA
D887;GALLUZZO
H668;SAIANO
H251;REVIGLIASCO TORINESE
H261;RHEMES
H306;RIOMOLINO
D820;FUNDRES
I710;SEVIGNANO
G085;ORASSO
F768;MOSSANO
E354;ISOLA DI MALO
A168;ALBOGASIO
B906;CASALNUOVO LUCANO
E658;LOMASO
L101;TEOR
A659;BARGANO
H378;ROBURENTO
G596;PIEDIMONTE D'ALIFE
L698;VAUDA DI FRONT
H292;RIMASCO
C263;CASTEL SAN NICCOLO'
G824;PONTAGNA
H603;ROVENNA
E477;LAUDES
L130;TERRASA
C180;CASTELLO SOPRA LECCO
H283;RIFEMBERGO
E077;GOIDO
H845;SAN FLORIANO
C044;CASTAGNETO
H185;RAPOLANO
H332;RIVA IN VALLE
E765;LUSSINGRANDE
B991;CASORZO
E797;MADRUZZO
E519;SAN RUFINO
E636;LOCARNO
I770;SLIVNO
F502;MONTEFIORITO
B622;CANOVA DEL MORBASCO
F896;NIGOLINE
H125;QUETTA
E893;MANSUE'
H619;ROVIGNO D'ISTRIA
E175;GRIGNANO
F378;REPNO
F069;MAZZO MILANESE
G033;TAVERNETTE
B312;CABIAGLIO
H327;RIVAMONTE
C628;CHIESA
H832;SAN FELICE DI SCOVOLO
D933;GASSINO
E427;LAMBRATE
C043;CASTAGNE'
C168;CASTELLETTO VILLA
L705;VEDDASCA
I272;SANT'ANDREA IN MONTE
H882;SAN GIORGIO SOTTO TARANTO
H531;RONCHI
A212;ALMA
H528;RONCEGNO
F472;MONTECHIARO DENICE
H545;RONCONE
D663;FONDO
D059;CORTI IN PUSTERIA
F524;MONTE GRIMANO
B942;CASASCO D'INTELVI
L550;VALDA
B812;CARPANETO
G196;ULZIO
D163;CRESSOGNO
M304;MOSSO
A277;ANDONNO
D838;GABROVIZZA
H381;ROCCA PIETRA
D387;DUSINO
C956;CONDRO'
H191;RASUN DI SOTTO
A440;ARSAGO
F303;MOLTEDO SUPERIORE
D986;GERMASINO
H610;ROVEREDO DI GUA'
A871;BINANUOVA
B908;CASALORZO GEROLDI
C530;CERRETTO DELLE LANGHE
E399;LACIGNO
C173;CASTELLINALDO
A441;ARSAGO
D866;GALDO
D326;DOL-OTLIZA
I911;SPINETO
B386;CALAVINO
A857;BIEDA
E095;GORIASCO
L605;VALLEFREDDA
L465;TUNES
G448;PEREGO
D152;CRENNA
I082;SAN PIETRO DELL'ISONZO
E534;LENZUMO
L974;VILLANOVA MONDOVI'
F659;MONTEVEGLIO
F941;NOSSA
I209;SANT'AGOSTINO
F766;PIANO IN PASSERIA
I541;SCLAFANI
D067;CORTEOLONA
B737;CARBONARA DI BARI
H557;ROSALI'
H262;RHEMES-NOTRE-DAME
F105;MELICUCCA'
F031;MASSAMA
L932;VILLA DECANI
F300;MOLO DI BORBERA
C831;COLCAVAGNO
F431;MONTASSILO
I596;SELVE MARCONE
H600;ROVEGRO
L822;VEZZI
E861;MALLES
D370;DRIZZONA
A074;AGLIE'
H728;SALVATERRA
I924;SPOR
M186;ZOLLA
G313;PANNONE
C916;COMASINE
H322;RIPE
I616;SENOSECCHIA
G539;PIAGGINE SOPRANE
D973;GENZONE
G024;OLGIA
E832;MAIA BASSA
A014;BISCARI
G017;OLCIO
G950;POZZA
H673;SAINT OYEN
I674;SESANA
B105;BOVISIO
L608;VALLELUNGA CARLINO
L043;TAPIGLIANO
D449;FABBRICHE DI VALLICO
H740;SEMPAS
D317;DOLCE'
H624;ROZZO
A099;AIDUSSINA
B912;CASAL SERUGO
C294;CASTIGLION DORA
G562;PIAN GAIANO
A609;BANNARI DI USELLUS
D571;FIE'
B458;CAMARDA
H197;RAVELLINO
G854;PONT SAINT MARTIN
F341;MONCLASSICO
D312;DOBERDO'
M164;ZEPPARA
A072;AGLIANO
F633;MONTESANTO VIGI
C138;CASTELLANO
G750;POGGI
L918;VILLA D'ADIGE
C450;CELLIO
D991;GEROSA
G015;TERRANOVA PAUSANIA
D439;ESMATE
C465;CENOVA
H349;RIVERA
F803;MULES
H680;SALA AL BARRO
L067;TAVARNELLE VAL DI PESA
C431;CELLINA
B164;LOGA DI PLEZZO
L732;VENEGONO
I265;SANT'ANDREA
D382;DUINO
B657;POLICASTRO DEL GOLFO
H249;REVIANO FOLAS
B770;CAREZZANO SUPERIORE
I226;SANTA MARGHERITA D'ADIGE
C734;CISMON
D699;FORESTO DI SUSA
C196;CASTELLUCCIO
C670;CROCETTA TREVIGIANA
F694;MONTORO SUPERIORE
G585;PIAZZO ALTO
M037;VILLE DEL MONTE
A219;ALONE
H751;SAMO DI CALABRIA
F367;MONGIOVE
H388;ROCCACARAMANICO
E499;LAVINA
A693;BASELGA
F946;NOVALE
D183;CROSARA
B226;BRUSASCO CAVAGNOLO
C913;COMAIRANO
A213;ALMAZZAGO
F138;SAN SEVERINO ROTA
B052;BORNATE
G567;PIANO PORLEZZA
A305;ANTEY-SAINT-ANDRE
H035;PREMIONE
H956;SAN LORENZO IN PUSTERIA
L553;SUSGNEVIZZA
G554;PIANE SESIA
I870;SOVAZZA
D295;DIANO CALDERINA
H479;RODI
B155;BREONIO
F714;MORCA
F018;MASNAGO
F392;MONTAGNA
I074;SAN PAOLO CERVO
C434;CELLA DI BOBBIO
D831;ROCCALBA
B739;CARBONARA DI PO
G744;PODICRAI
F143;MERCURAGO
F011;MASERA' DI PADOVA
F385;MONTA'
H532;RONCHI
G371;PATERNO'
D378;DUEMIGLIA
H934;VILLA SAN GIUSEPPE
F819;MUSADINO
L981;VILLANEUVE
F431;MONTASSILONE
F077;MECHEL
A701;BASSANELLO
H243;RESINA
C717;CIPOLLINA
D598;FINALBORGO
D726;FORNO DI ZOLDO
I913;SPINO AL BREMBO
A094;AIAS
F438;MONTE DI TRAMONTANA
I547;SCOPPO
H995;SAN MARTINO AL CIMINO
B039;BORGO SANT'AGATA
E455;LARI
A828;BESTAGNO
I842;SORBANO
G106;ORINO-AZZIO
A877;BIONA
G244;PAINA
E687;LORENZAGO
D657;FOLSOGNO
C475;CEPINO
L391;TRESILICO
L955;VILLAGUARDIA
I915;SPINONE
D389;DUTTOGLIANO
C350;CATAFORIO
L941;VILLA D'UTA
D572;FIERA DI PRIMIERO
A642;BARCONE
D423;MONTE SAN GIULIANO
F797;MUGGIO'
L405;TREVISAGO
E124;GRADISCA
G369;PATERNO D'ANCONA
D090;COSSANA
I235;SANTA MARIA DELLA CROCE
F371;MONGUELFO
C379;CAVANDONE
E829;MAGRE' SULLA STRADA DEL VINO
G452;PERGINE
C944;CONCEI
D118;COSTERMANO
I550;TORRIANA
G836;PONTECCHIO
B072;BOSCO VALTRAVAGLIA
C740;CISTERNA DI LITTORIA
G732;PLATA
M173;ZIANO
B013;BORGOFRANCO SUL PO
H864;SAN GERVASIO D'ADDA
L659;VALVERDE
E372;ISTONIO
L422;TRICHIANA
E051;GIRONICO
D922;GARGARO
B459;CAMASCO
H305;RIO MARINA
H430;ROCCAPIATTA
H317;RIPALTA NUOVA
A585;BAIRO TORRE
H279;RIDANNA
F211;MILLAN-SARNES
H026;PREGNANA
D889;GALZIGNANO
L559;VALDIGIOVO
C421;CEFALU'
B668;CAPOLAGO
G518;PETRONA'
G918;PORTO MAURIZIO
C966;CONSONNO
M189;ZOPPE' DI CADORE
F652;MONTE URABICE
F505;MONTEFONTANA
D659;FOMARCO
B976;CASNATE
E890;MANIGLIA
F302;MONTEGRAZIE
I180;SANTA CROCE DI AIDUSSINA
C044;CASTAGNETO MARITTIMO
I760;SIROR
F285;MOLINA
D816;FUIPIANO AL BREMBO
H851;SANFRE'
E950;MARIANO AL BREMBO
F079;MEDANA
E653;LODRONE
C754;CIVENNA
I979;STRIGNO
E732;LUICO
D116;COSTASAVINA
D724;FORNO ALPI GRAJE
D131;CRANDOLA
B503;CAMPELLO MONTI
B140;BREMBILLA
D157;CRESPANO VENETO
L208;TORBA
C131;CASTEL LAMBRO
L119;TERNOVA D'ISONZO
B225;BRUSSASCO
E763;LUSIGLIE'
D743;FOSSARMATO
G984;PRANZO
I702;SETTIMO TAVAGNASCO
E167;GRESSONEY LA TRINITE'
C762;CIVIGLIO
B478;CAMIGNONE
A445;BACUCCO
L884;VIGNOLA
L288;TORRIA
D042;PAUSULA
B011;BORGOFORTE
E614;LISIGNAGO
I481;SAVOULX
L930;VILLA D'ALLEGNO
C416;CECONICO
H248;REVERE
H607;ROVERE' DELLA LUNA
L794;VERTOIBA IN CAMPI SANTI
G236;PAGLIERES
E296;INCISA IN VAL D'ARNO
D844;KAGGI
A201;ALI' TERME
B316;CACCAVERO
M356;CONTA'
H193;RETACEVO IN MONTE
E105;GORNATE-SUPERIORE
G819;PONCARALE FLERO
I814;SOLZAGO
C508;CERRETTO LOMELLINO
D433;ESILLE
A450;ARTO'
I229;SANTA MARGHERITA
I010;SAN MARTINO IN CASIES
G299;PALUS
G489;PESCHIERA SUL LAGO DI GARDA
C181;CASTELLO VALTRAVAGLIA
H953;SAN LEUCIO
A662;BARI DELLE PUGLIE
G177;OSSERO
A466;ASIGLIANO
C827;COIMO
A279;ANDORNO CACCIORNA
C071;TOMBA DI SENIGALLIA
C556;CERVIGNANO
E883;MANERBA
G089;ORCIANO DI PESARO
E408;LAGO
E495;LAVENO
H016;PRECOTTO
B342;CA' DI DAVID
L231;TORPE'
H946;SAN LAZZARO REALE
G667;PILCANTE
C744;CITTA' DELLA PIEVE
L079;TAVON
A727;BEAULARD
F331;MONASTEROLO TORINESE
I458;SASSO
B145;COLLE ISARCO
F177;MEZZANO IMER
I659;SERRAVALLE DELLE LANGHE
A368;SAN NICOLO' D'ARCIDANO
M020;VILLA SANTA CATERINA
G359;PASSIGNANO
L896;VIGOLO VATTARO
C282;VERRES
D247;DANTA
B884;CASALEGGIO CASTELLAZZO
B380;CALASCA
E273;HONE
F652;VRABICE
L198;TOMADIO
A806;BERRA
G946;POVERIO
F062;MAZIA
D498;FARVENGO
D566;FICANO
F053;MATI
G801;POLPENAZZE
B614;CANNITELLO
L602;VALLE D'ISTRIA
F412;MONTALERO
G357;PASSERANO
H660;SAGA
D704;FORLI'
E850;MALE
M192;ZORNASCO
I583;SELINO
L368;TREMENICO
F222;MINOPRIO
E942;MARESEGO
D148;CREMNAGO
D603;FINERO
H155;RADICENA
I500;SCANNABUE
C497;CERE
L893;VIGO DI FASSA
G847;PONTELEZZA
G748;PODRAGA
E586;LIGOSULLO
C935;COMUNANZA DEL LITTORIO
G694;PIOVENE
G341;PARONA DI VALPOLICELLA
C622;CHIAVAZZA
L650;VALSTAGNA
I626;SEREN
A839;BEZZECCA
A332;APPIANO
B017;CAZZIMANI
H012;PRE'
D962;GEMONA
D713;FORMIGNANA
H170;RAMPONIO
L821;VEZZANO
H966;SAN LORENZO IN BANALE
C652;CHIUSA ALL'ISARCO
G390;PAVONE D'ALESSANDRIA
B807;CARONNO GHIRINGHELLO
F873;NERVI
G442;PERAROLO
I047;SAN NAZARIO
I173;SANTA CRISTINA IN GARDENA
H262;RHEMES NOTRE DAME
B700;CAPRIANO AZZANO
H275;RICCO' DEL GOLFO DI SPEZIA
L456;TUENETTO
H737;SAMARIA
C799;CLUSIO
C388;CAVAZUCCHERINA
C423;CEGLIE DEL CAMPO
G143;ORTONOVO
D618;FIUMANA
H179;RANZI PIETRA
I552;SCRILLA
L173;TIONE
B081;BOSISIO
D877;GALLICO
E616;LISSAGO
L128;TORRENOVA DI BISTERZA
G901;PORTESE
M006;VILLA RENDENA
L098;TEODONA
D631;FLAVON
H077;PROVAGLIO
G319;PAPARELLA SAN MARCO
B135;BREGUZZO
C881;COLLI IN PUSTERIA
E198;GROPPO
C740;CISTERNA DI ROMA
G641;PIEVE DI BONO
C767;CIVITA LAVINIA
C595;CIAMBAVE
A679;BARSIZZA
G180;OSSOLARO
E359;ISOLA SAN GIULIO
B571;CAMPOVICO
B753;CARDANA
C647;CHIRIGNAGO
F827;MUSOCCO
D032;CURON
B799;CARNEDO
A316;ANTRONAPIANA
F953;NOVAREGLIA
H854;SAN GALLO
H823;SAN DONA' DI PIAVE
B260;BUIE D'ISTRIA
B065;BORZAGO
I355;BAINSIZZA SANTO SPIRITO
F641;MONTESCUDO
D012;CORMAIORE
G880;POR
M206;ZURI
A239;PARCO
E626;LIVORNO PIEMONTE
A036;ACQUALUNGA
L755;VERDERIO INFERIORE
I241;SANTA MARIA DI ROVAGNATE
G908;PORTO D'ADDA
D466;FAGNANO
L028;TAGLIOLO BELFORTE
D164;CRETO
C200;CASTEL VERRINO
B224;BRUSASCHETTO
H241;RESIA ALL'ADIGE
L289;TORRIANO
F072;MAZZUNNO
G190;OTTAIANO
F174;MEZZANI
F617;MONTE SAN CANDIDO
A997;BORGHETTO
A980;BONZO
F936;NORIGLIO
H360;RO
L436;TRIVERO
E181;GRIMALDO
E529;OSMATE
H482;RODIC
C462;CENESI
H080;PROVAGLIO SOTTO
B574;FORNO DI CANALE
L275;TORRE ORSINA
M076;VISINO
G246;PAISCO
A917;BODIO
D481;FALMENTA
H673;SANT'EUGENDO
E568;LEZZA
H741;SAMBATELLO
E452;LARDARO
G460;PERNO
C924;COMEZZANO
C695;CIMINA'
E585;LIGONCHIO
F400;MONTE ALBANO
D283;DESENZANO AL SERIO
G700;PIRANO
B422;CALOLZIO
I362;SANTO STEFANO AL CORNO
D017;CORNALE
D349;DORSINO
C526;CERRETO CASTELLO
C666;CHIZZOLA
A406;ARISCHIA
E871;MALVINO
E846;MALBORGHETTO
C467;CENTA SAN NICOLO'
A416;ARMIO
H601;ROVI PORRO
I679;SESSANO
L824;VEZZO
C333;CASTREZZONE
G099;ORIANO
C134;CASTELLANA
L387;TRESCHE' CONCA
I940;STAVE
L261;TORRE DEL MONTE
E587;LILLIANA
G507;PETESCIA
L770;VERNA
H571;ROSINGO
C603;CHIAIANO ED UNITI
G701;PIRRI
I715;SGONICO-ZGONIK
H358;RIVOLTELLA
L385;TRES
L626;VALLIO
H297;RIO NELL'ELBA
L060;TASSULLO
M024;VILLA SLAVINA
F340;MONCHIO
E404;SAN LEOPOLDO ALAGLESIE
F339;MONCHIERO NOVELLO
H833;SAN FELICE DEL LITTORIO
H722;SALTO
I836;SOPRAPONTE
I769;SLINIGA
C761;CIVIDATE MALEGNO
G174;OSSANESGA
D529;FELONICA
E792;MADERNO
C282;CASTEL VERRES
H906;SAN GIOVANNI DI MANZANO
L632;VALLORIA MARITTIMA
G637;PIEVEBOVIGLIANA
I845;SORBOLO
L350;TREBBIANO NIZZA
E075;GOGLIONE SOPRA
A381;ARDENA
L754;VERDERIO
E710;LOZZO
F056;MATTARELLO
A333;APPIANO
B246;BUDDUSO'
D858;GAIOLE
L543;VALAS
H149;RACCOLANA