10011;AGLIÈ
10060;AIRASCA
10070;ALA DI STURA
10010;ALBIANO D'IVREA
10040;ALMESE
10080;ALPETTE
10091;ALPIGNANO
10020;ANDEZENO
10010;ANDRATE
10060;ANGROGNA
10020;ARIGNANO
10051;AVIGLIANA
10010;AZEGLIO
10010;BAIRO
10070;BALANGERO
10080;BALDISSERO CANAVESE
10020;BALDISSERO TORINESE
10070;BALME
10010;BANCHETTE
10070;BARBANIA
10052;BARDONECCHIA
10010;BARONE CANAVESE
10092;BEINASCO
10060;BIBIANA
10060;BOBBIO PELLICE
10012;BOLLENGO
10071;BORGARO TORINESE
10080;BORGIALLO
10013;BORGOFRANCO D'IVREA
10031;BORGOMASINO
10050;BORGONE SUSA
10080;BOSCONERO
10032;BRANDIZZO
10060;BRICHERASIO
10080;BROSSO
10020;BROZOLO
10090;BRUINO
10020;BRUSASCO
10050;BRUZOLO
10060;BURIASCO
10010;BUROLO
10080;BUSANO
10053;BUSSOLENO
10090;BUTTIGLIERA ALTA
10070;CAFASSE
10014;CALUSO
10020;CAMBIANO
10060;CAMPIGLIONE FENILE
10010;CANDIA CANAVESE
10060;CANDIOLO
10080;CANISCHIO
10060;CANTALUPA
10070;CANTOIRA
10040;CAPRIE
10010;CARAVINO
10010;CAREMA
10041;CARIGNANO
10022;CARMAGNOLA
10020;CASALBORGONE
10010;CASCINETTE D'IVREA
10040;CASELETTE
10072;CASELLE TORINESE
10090;CASTAGNETO PO
10060;CASTAGNOLE PIEMONTE
10081;CASTELLAMONTE
10080;CASTELNUOVO NIGRA
10090;CASTIGLIONE TORINESE
10020;CAVAGNOLO
10061;CAVOUR
10060;CERCENASCO
10070;CERES
10080;CERESOLE REALE
10054;CESANA TORINESE
10070;CHIALAMBERTO
10050;CHIANOCCO
10010;CHIAVERANO
10023;CHIERI
10080;CHIESANUOVA
10050;CHIOMONTE
10050;CHIUSA DI SAN MICHELE
10034;CHIVASSO
10080;CICONIO
10080;CINTANO
10090;CINZANO
10073;CIRIÈ
10050;CLAVIERE
10070;COASSOLO TORINESE
10050;COAZZE
10093;COLLEGNO
10080;COLLERETTO CASTELNUOVO
10010;COLLERETTO GIACOSA
10055;CONDOVE
10070;CORIO
10010;COSSANO CANAVESE
10090;CUCEGLIO
10040;CUMIANA
10082;CUORGNÈ
10040;DRUENTO
10050;EXILLES
10083;FAVRIA
10080;FELETTO
10060;FENESTRELLE
10070;FIANO
10010;FIORANO CANAVESE
10090;FOGLIZZO
10084;FORNO CANAVESE
10080;FRASSINETTO
10070;FRONT
10060;FROSSASCO
10060;GARZIGLIANA
10090;GASSINO TORINESE
10070;GERMAGNANO
10050;GIAGLIONE
10094;GIAVENO
10040;GIVOLETTO
10050;GRAVERE
10070;GROSCAVALLO
10070;GROSSO
10095;GRUGLIASCO
10080;INGRIA
10060;INVERSO PINASCA
10046;ISOLABELLA
10080;ISSIGLIO
10015;IVREA
10040;LA CASSA
10040;LA LOGGIA
10074;LANZO TORINESE
10020;LAURIANO
10040;LEINI
10070;LEMIE
10010;LESSOLO
10070;LEVONE
10080;LOCANA
10040;LOMBARDORE
10040;LOMBRIASCO
10010;LORANZÈ
10062;LUSERNA SAN GIOVANNI
10060;LUSERNETTA
10080;LUSIGLIÈ
10060;MACELLO
10030;MAGLIONE
10020;MARENTINO
10060;MASSELLO
10075;MATHI
10050;MATTIE
10035;MAZZÈ
10050;MEANA DI SUSA
10010;MERCENASCO
10070;MEZZENILE
10020;MOMBELLO DI TORINO
10059;MOMPANTERO
10070;MONASTERO DI LANZO
10024;MONCALIERI
10050;MONCENISIO
10020;MONTALDO TORINESE
10090;MONTALENGHE
10016;MONTALTO DORA
10017;MONTANARO
10020;MONTEU DA PO
10020;MORIONDO TORINESE
10042;NICHELINO
10080;NOASCA
10076;NOLE
10010;NOMAGLIO
10060;NONE
10050;NOVALESA
10080;OGLIANICO
10043;ORBASSANO
10010;ORIO CANAVESE
10060;OSASCO
10040;OSASIO
10056;OULX
10080;OZEGNA
10010;PALAZZO CANAVESE
10060;PANCALIERI
10010;PARELLA
10020;PAVAROLO
10018;PAVONE CANAVESE
10020;PECETTO TORINESE
10063;PEROSA ARGENTINA
10010;PEROSA CANAVESE
10060;PERRERO
10080;PERTUSIO
10070;PESSINETTO
10044;PIANEZZA
10060;PINASCA
10064;PINEROLO
10025;PINO TORINESE
10040;PIOBESI TORINESE
10045;PIOSSASCO
10060;PISCINA
10010;PIVERONE
10046;POIRINO
10063;POMARETTO
10085;PONT CANAVESE
10060;PORTE
10060;PRAGELATO
10060;PRALI
10040;PRALORMO
10065;PRAMOLLO
10060;PRAROSTINO
10080;PRASCORSANO
10080;PRATIGLIONE
10010;QUAGLIUZZO
10010;QUASSOLO
10010;QUINCINETTO
10090;REANO
10080;RIBORDONE
10090;RIVALBA
10040;RIVALTA DI TORINO
10020;RIVA PRESSO CHIERI
10080;RIVARA
10086;RIVAROLO CANAVESE
10040;RIVAROSSA
10098;RIVOLI
10070;ROBASSOMERO
10070;ROCCA CANAVESE
10060;ROLETTO
10090;ROMANO CANAVESE
10080;RONCO CANAVESE
10030;RONDISSONE
10060;RORÀ
10060;ROURE
10090;ROSTA
10040;RUBIANA
10010;RUEGLIO
10080;SALASSA
10050;SALBERTRAND
10010;SALERANO CANAVESE
10060;SALZA DI PINEROLO
10010;SAMONE
10080;SAN BENIGNO CANAVESE
10070;SAN CARLO CANAVESE
10080;SAN COLOMBANO BELMONTE
10050;SAN DIDERO
10070;SAN FRANCESCO AL CAMPO
10090;SANGANO
10065;SAN GERMANO CHISONE
10040;SAN GILLIO
10090;SAN GIORGIO CANAVESE
10050;SAN GIORIO DI SUSA
10090;SAN GIUSTO CANAVESE
10010;SAN MARTINO CANAVESE
10077;SAN MAURIZIO CANAVESE
10099;SAN MAURO TORINESE
10060;SAN PIETRO VAL LEMINA
10080;SAN PONSO
10090;SAN RAFFAELE CIMENA
10020;SAN SEBASTIANO DA PO
10060;SAN SECONDO DI PINEROLO
10057;SANT'AMBROGIO DI TORINO
10050;SANT'ANTONINO DI SUSA
10026;SANTENA
10054;SAUZE DI CESANA
10050;SAUZE D'OULX
10060;SCALENGHE
10010;SCARMAGNO
10090;SCIOLZE
10058;SESTRIERE
10010;SETTIMO ROTTARO
10036;SETTIMO TORINESE
10010;SETTIMO VITTONE
10080;SPARONE
10010;STRAMBINELLO
10019;STRAMBINO
10059;SUSA
10010;TAVAGNASCO
10121,10122,10123,10124,10125,10126,10127,10128,10129,10131,10132,10133,10134,10135,10136,10137,10138,10139,10141,10142,10143,10144,10145,10146,10147,10148,10149,10151,10152,10153,10154,10155,10156;TORINO
10037;TORRAZZA PIEMONTE
10010;TORRE CANAVESE
10066;TORRE PELLICE
10090;TRANA
10080;TRAVERSELLA
10070;TRAVES
10028;TROFARELLO
10060;USSEAUX
10070;USSEGLIO
10050;VAIE
10040;VAL DELLA TORRE
10094;VALGIOIE
10070;VALLO TORINESE
10087;VALPERGA
10080;VALPRATO SOANA
10070;VARISELLA
10070;VAUDA CANAVESE
10050;VENAUS
10078;VENARIA REALE
10038;VEROLENGO
10020;VERRUA SAVOIA
10030;VESTIGNÈ
10090;VIALFRÈ
10080;VIDRACCO
10067;VIGONE
10068;VILLAFRANCA PIEMONTE
10070;VILLANOVA CANAVESE
10090;VILLARBASSE
10040;VILLAR DORA
10030;VILLAREGGIA
10050;VILLAR FOCCHIARDO
10060;VILLAR PELLICE
10069;VILLAR PEROSA
10029;VILLASTELLONE
10048;VINOVO
10060;VIRLE PIEMONTE
10030;VISCHE
10080;VISTRORIO
10070;VIÙ
10088;VOLPIANO
10040;VOLVERA
10079;MAPPANO
10039;VAL DI CHY
10089;VALCHIUSA
13021;ALAGNA VALSESIA
13030;ALBANO VERCELLESE
13040;ALICE CASTELLO
13031;ARBORIO
13032;ASIGLIANO VERCELLESE
13020;BALMUCCIA
13040;BALOCCO
13041;BIANZÈ
13022;BOCCIOLETO
13040;BORGO D'ALE
13011;BORGOSESIA
13012;BORGO VERCELLI
13040;BURONZO
13023;CAMPERTOGNO
13026;CARCOFORO
13010;CARESANA
13030;CARESANABLOT
13040;CARISIO
13030;CASANOVA ELVO
13030;SAN GIACOMO VERCELLESE
13025;CERVATTO
13043;CIGLIANO
13010;CIVIASCO
13030;COLLOBIANO
13033;COSTANZANA
13020;CRAVAGLIANA
13044;CRESCENTINO
13040;CROVA
13034;DESANA
13025;FOBELLO
13040;FONTANETTO PO
13030;FORMIGLIANA
13045;GATTINARA
13030;GHISLARENGO
13030;GREGGIO
13010;GUARDABOSONE
13046;LAMPORO
13035;LENTA
13034;LIGNANA
13046;LIVORNO FERRARIS
13045;LOZZOLO
13020;MOLLIA
13040;MONCRIVELLO
13010;MOTTA DE' CONTI
13047;OLCENENGO
13030;OLDENICO
13040;PALAZZOLO VERCELLESE
13030;PERTENGO
13010;PEZZANA
13020;PILA
13020;PIODE
13010;POSTUA
13012;PRAROLO
13017;QUARONA
13030;QUINTO VERCELLESE
13020;RASSA
13020;RIMELLA
13030;RIVE
13060;ROASIO
13036;RONSECCO
13020;ROSSA
13040;ROVASENDA
13040;SALASCO
13040;SALI VERCELLESE
13040;SALUGGIA
13047;SAN GERMANO VERCELLESE
13048;SANTHIÀ
13027;SCOPA
13028;SCOPELLO
13037;SERRAVALLE SESIA
13010;STROPPIANA
13038;TRICERRO
13039;TRINO
13049;TRONZANO VERCELLESE
13018;VALDUGGIA
13019;VARALLO
13100;VERCELLI
13030;VILLARBOIT
13010;VILLATA
13020;VOCCA
13029;ALTO SERMENZA
13024;CELLIO CON BREIA
28010;AGRATE CONTURBIA
28010;AMENO
28011;ARMENO
28041;ARONA
28010;BARENGO
28043;BELLINZAGO NOVARESE
28061;BIANDRATE
28010;BOCA
28010;BOGOGNO
28010;BOLZANO NOVARESE
28071;BORGOLAVEZZARO
28021;BORGOMANERO
28040;BORGO TICINO
28010;BRIGA NOVARESE
28072;BRIONA
28010;CALTIGNAGA
28062;CAMERI
28064;CARPIGNANO SESIA
28060;CASALBELTRAME
28060;CASALEGGIO NOVARA
28060;CASALINO
28060;CASALVOLONE
28060;CASTELLAZZO NOVARESE
28053;CASTELLETTO SOPRA TICINO
28010;CAVAGLIETTO
28010;CAVAGLIO D'AGOGNA
28010;CAVALLIRIO
28065;CERANO
28010;COLAZZA
28060;COMIGNAGO
28012;CRESSA
28060;CUREGGIO
28010;DIVIGNANO
28040;DORMELLETTO
28073;FARA NOVARESE
28010;FONTANETO D'AGOGNA
28066;GALLIATE
28070;GARBAGNA NOVARESE
28010;GARGALLO
28074;GHEMME
28024;GOZZANO
28060;GRANOZZO CON MONTICELLO
28075;GRIGNASCO
28045;INVORIO
28064;LANDIONA
28040;LESA
28014;MAGGIORA
28060;MANDELLO VITTA
28040;MARANO TICINO
28040;MASSINO VISCONTI
28046;MEINA
28040;MEZZOMERICO
28010;MIASINO
28015;MOMO
28010;NEBBIUNO
28070;NIBBIOLA
28100;NOVARA
28047;OLEGGIO
28040;OLEGGIO CASTELLO
28016;ORTA SAN GIULIO
28040;PARUZZARO
28010;PELLA
28028;PETTENASCO
28010;PISANO
28076;POGNO
28050;POMBIA
28077;PRATO SESIA
28060;RECETTO
28078;ROMAGNANO SESIA
28068;ROMENTINO
28017;SAN MAURIZIO D'OPAGLIO
28060;SAN NAZZARO SESIA
28060;SAN PIETRO MOSEZZO
28064;SILLAVENGO
28070;SIZZANO
28010;SORISO
28060;SOZZAGO
28019;SUNO
28070;TERDOBBIATE
28070;TORNACO
28069;TRECATE
28010;VAPRIO D'AGOGNA
28040;VARALLO POMBIA
28079;VESPOLATE
28060;VICOLUNGO
28060;VINZAGLIO
28013;GATTICO-VERUNO
12021;ACCEGLIO
12010;AISONE
12051;ALBA
12050;ALBARETTO DELLA TORRE
12070;ALTO
12010;ARGENTERA
12050;ARGUELLO
12071;BAGNASCO
12031;BAGNOLO PIEMONTE
12040;BALDISSERO D'ALBA
12050;BARBARESCO
12032;BARGE
12060;BAROLO
12060;BASTIA MONDOVÌ
12070;BATTIFOLLO
12081;BEINETTE
12020;BELLINO
12060;BELVEDERE LANGHE
12041;BENE VAGIENNA
12050;BENEVELLO
12074;BERGOLO
12010;BERNEZZO
12060;BONVICINO
12050;BORGOMALE
12011;BORGO SAN DALMAZZO
12050;BOSIA
12060;BOSSOLASCO
12012;BOVES
12042;BRA
12080;BRIAGLIA
18025;BRIGA ALTA
12030;BRONDELLO
12020;BROSSASCO
12022;BUSCA
12072;CAMERANA
12043;CANALE
12020;CANOSIO
12070;CAPRAUNA
12023;CARAGLIO
12030;CARAMAGNA PIEMONTE
12030;CARDÈ
12061;CARRÙ
12020;CARTIGNANO
12030;CASALGRASSO
12050;CASTAGNITO
12020;CASTELDELFINO
12040;CASTELLETTO STURA
12070;CASTELLETTO UZZONE
12050;CASTELLINALDO D'ALBA
12060;CASTELLINO TANARO
12020;CASTELMAGNO
12070;CASTELNUOVO DI CEVA
12060;CASTIGLIONE FALLETTO
12053;CASTIGLIONE TINELLA
12050;CASTINO
12030;CAVALLERLEONE
12030;CAVALLERMAGGIORE
12020;CELLE DI MACRA
12044;CENTALLO
12040;CERESOLE ALBA
12050;CERRETTO LANGHE
12010;CERVASCA
12040;CERVERE
12073;CEVA
12062;CHERASCO
12013;CHIUSA DI PESIO
12060;CIGLIÈ
12050;CISSONE
12060;CLAVESANA
12040;CORNELIANO D'ALBA
12074;CORTEMILIA
12054;COSSANO BELBO
12024;COSTIGLIOLE SALUZZO
12050;CRAVANZANA
12030;CRISSOLO
12100;CUNEO
12014;DEMONTE
12055;DIANO D'ALBA
12063;DOGLIANI
12025;DRONERO
12020;ELVA
12010;ENTRACQUE
12030;ENVIE
12060;FARIGLIANO
12030;FAULE
12050;FEISOGLIO
12045;FOSSANO
12082;FRABOSA SOPRANA
12083;FRABOSA SOTTANA
12020;FRASSINO
12010;GAIOLA
12030;GAMBASCA
12075;GARESSIO
12040;GENOLA
12070;GORZEGNO
12070;GOTTASECCA
12040;GOVONE
12060;GRINZANE CAVOUR
12050;GUARENE
12060;IGLIANO
12020;ISASCA
12030;LAGNASCO
12064;LA MORRA
12050;LEQUIO BERRIA
12060;LEQUIO TANARO
12076;LESEGNO
12070;LEVICE
12015;LIMONE PIEMONTE
12070;LISIO
12020;MACRA
12050;MAGLIANO ALFIERI
12060;MAGLIANO ALPI
12056;MANGO
12030;MANTA
12030;MARENE
12040;MARGARITA
12020;MARMORA
12060;MARSAGLIA
12030;MARTINIANA PO
12020;MELLE
12010;MOIOLA
12070;MOMBARCARO
12070;MOMBASIGLIO
12080;MONASTERO DI VASCO
12080;MONASTEROLO CASOTTO
12030;MONASTEROLO DI SAVIGLIANO
12060;MONCHIERO
12084;MONDOVÌ
12077;MONESIGLIO
12065;MONFORTE D'ALBA
12046;MONTÀ
12080;MONTALDO DI MONDOVÌ
12040;MONTALDO ROERO
12040;MONTANERA
12050;MONTELUPO ALBESE
12025;MONTEMALE DI CUNEO
12020;MONTEROSSO GRANA
12040;MONTEU ROERO
12070;MONTEZEMOLO
12066;MONTICELLO D'ALBA
12033;MORETTA
12040;MOROZZO
12060;MURAZZANO
12030;MURELLO
12068;NARZOLE
12052;NEIVE
12050;NEVIGLIE
12050;NIELLA BELBO
12060;NIELLA TANARO
12060;NOVELLO
12070;NUCETTO
12030;ONCINO
12078;ORMEA
12030;OSTANA
12034;PAESANA
12030;PAGNO
12087;PAMPARATO
12070;PAROLDO
12070;PERLETTO
12070;PERLO
12016;PEVERAGNO
12070;PEZZOLO VALLE UZZONE
12080;PIANFEI
12026;PIASCO
12010;PIETRAPORZIO
12040;PIOBESI D'ALBA
12060;PIOZZO
12060;POCAPAGLIA
12030;POLONGHERA
12020;PONTECHIANALE
12027;PRADLEVES
12028;PRAZZO
12070;PRIERO
12040;PRIOCCA
12070;PRIOLA
12077;PRUNETTO
12035;RACCONIGI
12036;REVELLO
12030;RIFREDDO
12010;RITTANA
12010;ROASCHIA
12073;ROASCIO
12017;ROBILANTE
12080;ROBURENT
12020;ROCCABRUNA
12060;ROCCA CIGLIÈ
12047;ROCCA DE' BALDI
12088;ROCCAFORTE MONDOVÌ
12010;ROCCASPARVERA
12018;ROCCAVIONE
12050;ROCCHETTA BELBO
12060;RODDI
12050;RODDINO
12050;RODELLO
12020;ROSSANA
12030;RUFFIA
12070;SALE DELLE LANGHE
12070;SALE SAN GIOVANNI
12079;SALICETO
12040;SALMOUR
12037;SALUZZO
12010;SAMBUCO
12020;SAMPEYRE
12050;SAN BENEDETTO BELBO
12029;SAN DAMIANO MACRA
12040;SANFRÈ
12030;SANFRONT
12080;SAN MICHELE MONDOVÌ
12040;SANT'ALBANO STURA
12069;SANTA VITTORIA D'ALBA
12058;SANTO STEFANO BELBO
12040;SANTO STEFANO ROERO
12038;SAVIGLIANO
12070;SCAGNELLO
12030;SCARNAFIGI
12050;SERRALUNGA D'ALBA
12050;SERRAVALLE LANGHE
12050;SINIO
12060;SOMANO
12048;SOMMARIVA DEL BOSCO
12040;SOMMARIVA PERNO
12020;STROPPO
12020;TARANTASCA
12050;TORRE BORMIDA
12080;TORRE MONDOVÌ
12030;TORRE SAN GIORGIO
12070;TORRESINA
12050;TREISO
12050;TREZZO TINELLA
12049;TRINITÀ
12010;VALDIERI
12020;VALGRANA
12010;VALLORIATE
12020;VENASCA
12060;VERDUNO
12019;VERNANTE
12039;VERZUOLO
12040;VEZZA D'ALBA
12080;VICOFORTE
12010;VIGNOLO
12020;VILLAFALLETTO
12089;VILLANOVA MONDOVÌ
12030;VILLANOVA SOLARO
12020;VILLAR SAN COSTANZO
12010;VINADIO
12070;VIOLA
12020;VOTTIGNASCO
14041;AGLIANO TERME
14022;ALBUGNANO
14010;ANTIGNANO
14020;ARAMENGO
14100;ASTI
14030;AZZANO D'ASTI
14011;BALDICHIERI D'ASTI
14040;BELVEGLIO
14020;BERZANO DI SAN PIETRO
14046;BRUNO
14051;BUBBIO
14021;BUTTIGLIERA D'ASTI
14042;CALAMANDRANA
14031;CALLIANO MONFERRATO
14052;CALOSSO
14020;CAMERANO CASASCO
14053;CANELLI
14010;CANTARANA
14014;CAPRIGLIO
14032;CASORZO MONFERRATO
14050;CASSINASCO
14054;CASTAGNOLE DELLE LANZE
14030;CASTAGNOLE MONFERRATO
14040;CASTEL BOGLIONE
14033;CASTELL'ALFERO
14013;CASTELLERO
14040;CASTELLETTO MOLINA
14034;CASTELLO DI ANNONE
14043;CASTELNUOVO BELBO
14040;CASTELNUOVO CALCEA
14022;CASTELNUOVO DON BOSCO
14044;CASTEL ROCCHERO
14010;CELLARENGO
14010;CELLE ENOMONDO
14020;CERRETO D'ASTI
14030;CERRO TANARO
14050;CESSOLE
14025;CHIUSANO D'ASTI
14020;CINAGLIO
14010;CISTERNA D'ASTI
14054;COAZZOLO
14023;COCCONATO
14020;CORSIONE
14013;CORTANDONE
14020;CORTANZE
14010;CORTAZZONE
14040;CORTIGLIONE
14020;COSSOMBRATO
14055;COSTIGLIOLE D'ASTI
14026;CUNICO
14010;DUSINO SAN MICHELE
14012;FERRERE
14044;FONTANILE
14030;FRINCO
14031;GRANA MONFERRATO
14035;GRAZZANO BADOGLIO
14045;INCISA SCAPACCINO
14057;ISOLA D'ASTI
14051;LOAZZOLO
14040;MARANZANA
14018;MARETTO
14050;MOASCA
14050;MOMBALDONE
14046;MOMBARUZZO
14047;MOMBERCELLI
14013;MONALE
14058;MONASTERO BORMIDA
14036;MONCALVO
14024;MONCUCCO TORINESE
14040;MONGARDINO
14040;MONTABONE
14014;MONTAFIA
14048;MONTALDO SCARAMPI
14025;MONTECHIARO D'ASTI
14048;MONTEGROSSO D'ASTI
14030;MONTEMAGNO MONFERRATO
14049;NIZZA MONFERRATO
14050;OLMO GENTILE
14020;PASSERANO MARMORITO
14030;PENANGO
14020;PIEA
14020;PINO D'ASTI
14026;PIOVÀ MASSAIA
14037;PORTACOMARO
14040;QUARANTI
14030;REFRANCORE
14010;REVIGLIASCO D'ASTI
14018;ROATTO
14020;ROBELLA
14030;ROCCA D'ARAZZO
14050;ROCCAVERANO
14042;ROCCHETTA PALAFEA
14030;ROCCHETTA TANARO
14015;SAN DAMIANO D'ASTI
14059;SAN GIORGIO SCARAMPI
14010;SAN MARTINO ALFIERI
14050;SAN MARZANO OLIVETO
14010;SAN PAOLO SOLBRITO
14030;SCURZOLENGO
14050;SEROLE
14058;SESSAME
14020;SETTIME
14020;SOGLIO
14016;TIGLIOLE
14039;TONCO
14049;VAGLIO SERRA
14017;VALFENERA
14059;VESIME
14010;VIALE
14030;VIARIGI
14040;VIGLIANO D'ASTI
14018;VILLAFRANCA D'ASTI
14019;VILLANOVA D'ASTI
14020;VILLA SAN SECONDO
14040;VINCHIO
14026;MONTIGLIO MONFERRATO
14027;MORANSENGO-TONENGO
15011;ACQUI TERME
15060;ALBERA LIGURE
15121,15122;ALESSANDRIA
15021;ALFIANO NATTA
15010;ALICE BEL COLLE
15041;ALTAVILLA MONFERRATO
15050;ALZANO SCRIVIA
15061;ARQUATA SCRIVIA
15050;AVOLASCA
15031;BALZOLA
15060;BASALUZZO
15042;BASSIGNANA
15070;BELFORTE MONFERRATO
15022;BERGAMASCO
15050;BERZANO DI TORTONA
15012;BISTAGNO
15060;BORGHETTO DI BORBERA
15013;BORGORATTO ALESSANDRINO
15032;BORGO SAN MARTINO
15062;BOSCO MARENGO
15060;BOSIO
15040;BOZZOLE
15050;BRIGNANO-FRASCATA
15060;CABELLA LIGURE
15030;CAMAGNA MONFERRATO
15020;CAMINO
15060;CANTALUPO LIGURE
15060;CAPRIATA D'ORBA
15050;CARBONARA SCRIVIA
15026;CARENTINO
15051;CAREZZANO
15071;CARPENETO
15060;CARREGA LIGURE
15060;CARROSIO
15015;CARTOSIO
15072;CASAL CERMELLI
15070;CASALEGGIO BOIRO
15033;CASALE MONFERRATO
15052;CASALNOCETO
15050;CASASCO
15016;CASSINE
15070;CASSINELLE
15051;CASTELLANIA COPPI
15050;CASTELLAR GUIDOBONO
15073;CASTELLAZZO BORMIDA
15010;CASTELLETTO D'ERRO
15060;CASTELLETTO D'ORBA
15020;CASTELLETTO MERLI
15040;CASTELLETTO MONFERRATO
15017;CASTELNUOVO BORMIDA
15053;CASTELNUOVO SCRIVIA
15070;CASTELSPINA
15010;CAVATORE
15034;CELLA MONTE
15020;CERESETO
15050;CERRETO GRUE
15020;CERRINA MONFERRATO
15030;CONIOLO
15030;CONZANO
15050;COSTA VESCOVATO
15010;CREMOLINO
15010;DENICE
15056;DERNICE
15054;FABBRICA CURONE
15023;FELIZZANO
15060;FRACONALTO
15060;FRANCAVILLA BISIO
15010;FRASCARO
15035;FRASSINELLO MONFERRATO
15040;FRASSINETO PO
15064;FRESONARA
15065;FRUGAROLO
15043;FUBINE MONFERRATO
15020;GABIANO
15010;GAMALERO
15050;GARBAGNA
15066;GAVI
15036;GIAROLE
15056;GREMIASCO
15010;GROGNARDO
15060;GRONDONA
15050;GUAZZORA
15050;ISOLA SANT'ANTONIO
15070;LERMA
15015;MALVICINO
15024;MASIO
15010;MELAZZO
15010;MERANA
15040;MIRABELLO MONFERRATO
15074;MOLARE
15050;MOLINO DEI TORTI
15020;MOMBELLO MONFERRATO
15050;MOMPERONE
15020;MONCESTINO
15060;MONGIARDINO LIGURE
15059;MONLEALE
15050;MONTACUTO
15060;MONTALDEO
15010;MONTALDO BORMIDA
15040;MONTECASTELLO
15010;MONTECHIARO D'ACQUI
15050;MONTEGIOCO
15050;MONTEMARZINO
15025;MORANO SUL PO
15010;MORBELLO
15075;MORNESE
15010;MORSASCO
15020;MURISENGO
15067;NOVI LIGURE
15040;OCCIMIANO
15020;ODALENGO GRANDE
15020;ODALENGO PICCOLO
15030;OLIVOLA
15010;ORSARA BORMIDA
15038;OTTIGLIO
15076;OVADA
15026;OVIGLIO
15039;OZZANO MONFERRATO
15050;PADERNA
15010;PARETO
15060;PARODI LIGURE
15060;PASTURANA
15040;PECETTO DI VALENZA
15040;PIETRA MARAZZI
15040;POMARO MONFERRATO
15055;PONTECURONE
15027;PONTESTURA
15010;PONTI
15020;PONZANO MONFERRATO
15010;PONZONE
15050;POZZOL GROPPO
15068;POZZOLO FORMIGARO
15010;PRASCO
15077;PREDOSA
15044;QUARGNENTO
15028;QUATTORDIO
15010;RICALDONE
15010;RIVALTA BORMIDA
15040;RIVARONE
15060;ROCCAFORTE LIGURE
15078;ROCCA GRIMALDA
15060;ROCCHETTA LIGURE
15030;ROSIGNANO MONFERRATO
15030;SALA MONFERRATO
15045;SALE
15060;SAN CRISTOFORO
15020;SAN GIORGIO MONFERRATO
15046;SAN SALVATORE MONFERRATO
15056;SAN SEBASTIANO CURONE
15050;SANT'AGATA FOSSILI
15060;SARDIGLIANO
15050;SAREZZANO
15020;SERRALUNGA DI CREA
15069;SERRAVALLE SCRIVIA
15079;SEZZADIO
15060;SILVANO D'ORBA
15029;SOLERO
15020;SOLONGHELLO
15018;SPIGNO MONFERRATO
15050;SPINETO SCRIVIA
15060;STAZZANO
15019;STREVI
15070;TAGLIOLO MONFERRATO
15060;TASSAROLO
15030;TERRUGGIA
15010;TERZO
15040;TICINETO
15057;TORTONA
15030;TREVILLE
15070;TRISOBBIO
15048;VALENZA
15040;VALMACCA
15049;VIGNALE MONFERRATO
15060;VIGNOLE BORBERA
15058;VIGUZZOLO
15020;VILLADEATI
15050;VILLALVERNIA
15020;VILLAMIROGLIO
15030;VILLANOVA MONFERRATO
15050;VILLAROMAGNANO
15010;VISONE
15059;VOLPEDO
15050;VOLPEGLINO
15060;VOLTAGGIO
15063;CASSANO SPINOLA
15047;ALLUVIONI PIOVERA
15037;LU E CUCCARO MONFERRATO
11010;ALLEIN
11020;ANTEY-SAINT-ANDRÉ
11100;AOSTA
11020;ARNAD
11011;ARVIER
11010;AVISE
11020;AYAS
11010;AYMAVILLES
11020;BARD
11010;BIONAZ
11020;BRISSOGNE
11022;BRUSSON
11020;CHALLAND-SAINT-ANSELME
11020;CHALLAND-SAINT-VICTOR
11023;CHAMBAVE
11020;CHAMOIS
11020;CHAMPDEPRAZ
11020;CHAMPORCHER
11020;CHARVENSOD
11024;CHÂTILLON
11012;COGNE
11013;COURMAYEUR
11020;DONNAS
11010;DOUES
11020;EMARÈSE
11014;ETROUBLES
11020;FÉNIS
11020;FONTAINEMORE
11020;GABY
11010;GIGNOD
11020;GRESSAN
11020;GRESSONEY-LA-TRINITÉ
11025;GRESSONEY-SAINT-JEAN
11020;HÔNE
11010;INTROD
11020;ISSIME
11020;ISSOGNE
11020;JOVENÇAN
11020;LA MAGDELEINE
11015;LA SALLE
11016;LA THUILE
11020;LILLIANES
11020;MONTJOVET
11017;MORGEX
11020;NUS
11010;OLLOMONT
11010;OYACE
11020;PERLOZ
11020;POLLEIN
11020;PONTBOSET
11024;PONTEY
11026;PONT-SAINT-MARTIN
11010;PRÉ-SAINT-DIDIER
11020;QUART
11010;RHÊMES-NOTRE-DAME
11010;RHÊMES-SAINT-GEORGES
11010;ROISAN
11020;SAINT-CHRISTOPHE
11023;SAINT-DENIS
11020;SAINT-MARCEL
11010;SAINT-NICOLAS
11014;SAINT-OYEN
11010;SAINT-PIERRE
11010;SAINT-RHÉMY-EN-BOSSES
11027;SAINT-VINCENT
11010;SARRE
11020;TORGNON
11010;VALGRISENCHE
11010;VALPELLINE
11010;VALSAVARENCHE
11028;VALTOURNENCHE
11020;VERRAYES
11029;VERRÈS
11018;VILLENEUVE
18030;AIROLE
18035;APRICALE
18020;AQUILA D'ARROSCIA
18026;ARMO
18020;AURIGO
18010;BADALUCCO
18031;BAJARDO
18012;BORDIGHERA
18020;BORGHETTO D'ARROSCIA
18021;BORGOMARO
18033;CAMPOROSSO
18020;CARAVONICA
18011;CASTELLARO
18030;CASTEL VITTORIO
18034;CERIANA
18010;CERVO
18022;CESIO
18027;CHIUSANICO
18027;CHIUSAVECCHIA
18017;CIPRESSA
18017;CIVEZZA
18023;COSIO D'ARROSCIA
18017;COSTARAINERA
18013;DIANO ARENTINO
18013;DIANO CASTELLO
18013;DIANO MARINA
18013;DIANO SAN PIETRO
18035;DOLCEACQUA
18020;DOLCEDO
18100;IMPERIA
18035;ISOLABONA
18020;LUCINASCO
18025;MENDATICA
18010;MOLINI DI TRIORA
18025;MONTEGROSSO PIAN LATTE
18030;OLIVETTA SAN MICHELE
18014;OSPEDALETTI
18032;PERINALDO
18010;PIETRABRUNA
18026;PIEVE DI TECO
18037;PIGNA
18015;POMPEIANA
18027;PONTEDASSIO
18024;PORNASSIO
18020;PRELÀ
18020;RANZO
18026;REZZO
18015;RIVA LIGURE
18030;ROCCHETTA NERVINA
18016;SAN BARTOLOMEO AL MARE
18036;SAN BIAGIO DELLA CIMA
18017;SAN LORENZO AL MARE
18038;SANREMO
18010;SANTO STEFANO AL MARE
18012;SEBORGA
18036;SOLDANO
18018;TAGGIA
18010;TERZORIO
18010;TRIORA
18012;VALLEBONA
18019;VALLECROSIA
18020;VASIA
18039;VENTIMIGLIA
18026;VESSALICO
18010;VILLA FARALDI
18028;MONTALTO CARPASIO
17021;ALASSIO
17031;ALBENGA
17012;ALBISSOLA MARINA
17011;ALBISOLA SUPERIORE
17041;ALTARE
17051;ANDORA
17032;ARNASCO
17020;BALESTRINO
17057;BARDINETO
17028;BERGEGGI
17054;BOISSANO
17052;BORGHETTO SANTO SPIRITO
17022;BORGIO VEREZZI
17045;BORMIDA
17014;CAIRO MONTENOTTE
17020;CALICE LIGURE
17057;CALIZZANO
17043;CARCARE
17033;CASANOVA LERRONE
17030;CASTELBIANCO
17034;CASTELVECCHIO DI ROCCA BARBENA
17015;CELLE LIGURE
17056;CENGIO
17023;CERIALE
17035;CISANO SUL NEVA
17017;COSSERIA
17058;DEGO
17030;ERLI
17024;FINALE LIGURE
17033;GARLENDA
17027;GIUSTENICE
17010;GIUSVALLA
17053;LAIGUEGLIA
17025;LOANO
17020;MAGLIOLO
17045;MALLARE
12071;MASSIMINO
17017;MILLESIMO
17040;MIOGLIA
17013;MURIALDO
17030;NASINO
17026;NOLI
17037;ONZO
17024;ORCO FEGLINO
17037;ORTOVERO
17010;OSIGLIA
17043;PALLARE
17058;PIANA CRIXIA
17027;PIETRA LIGURE
17043;PLODIO
17042;PONTINVREA
17047;QUILIANO
17020;RIALTO
17017;ROCCAVIGNALE
17046;SASSELLO
17100;SAVONA
17028;SPOTORNO
17044;STELLA
17020;STELLANELLO
17020;TESTICO
17055;TOIRANO
17020;TOVO SAN GIACOMO
17048;URBE
17047;VADO LIGURE
17019;VARAZZE
17032;VENDONE
17028;VEZZI PORTIO
17038;VILLANOVA D'ALBENGA
17039;ZUCCARELLO
16011;ARENZANO
16036;AVEGNO
16021;BARGAGLI
16031;BOGLIASCO
16041;BORZONASCA
16012;BUSALLA
16032;CAMOGLI
16013;CAMPO LIGURE
16014;CAMPOMORONE
16042;CARASCO
16030;CASARZA LIGURE
16015;CASELLA
16030;CASTIGLIONE CHIAVARESE
16014;CERANESI
16043;CHIAVARI
16044;CICAGNA
16016;COGOLETO
16030;COGORNO
16040;COREGLIA LIGURE
16010;CROCEFIESCHI
16022;DAVAGNA
16020;FASCIA
16040;FAVALE DI MALVARO
16023;FONTANIGORDA
16121,16122,16123,16124,16125,16126,16127,16128,16129,16131,16132,16133,16134,16135,16136,16137,16138,16139,16141,16142,16143,16144,16145,16146,16147,16148,16149,16151,16152,16153,16154,16155,16156,16157,16158,16159,16161,16162,16163,16164,16165,16166,16167;GENOVA
16020;GORRETO
16017;ISOLA DEL CANTONE
16033;LAVAGNA
16040;LEIVI
16045;LORSICA
16024;LUMARZO
16010;MASONE
16010;MELE
16046;MEZZANEGO
16018;MIGNANEGO
16047;MOCONESI
16030;MONEGLIA
16025;MONTEBRUNO
16026;MONTOGGIO
16040;NE
16040;NEIRONE
16040;ORERO
16031;PIEVE LIGURE
16034;PORTOFINO
16027;PROPATA
16035;RAPALLO
16036;RECCO
16048;REZZOAGLIO
16019;RONCO SCRIVIA
16025;RONDANINA
16010;ROSSIGLIONE
16028;ROVEGNO
16040;SAN COLOMBANO CERTENOLI
16038;SANTA MARGHERITA LIGURE
16010;SANT'OLCESE
16049;SANTO STEFANO D'AVETO
16010;SAVIGNONE
16010;SERRA RICCÒ
16039;SESTRI LEVANTE
16031;SORI
16010;TIGLIETO
16029;TORRIGLIA
16030;TRIBOGNA
16036;USCIO
16010;VALBREVENNA
16010;VOBBIA
16035;ZOAGLI
19031;AMEGLIA
19021;ARCOLA
19020;BEVERINO
19020;BOLANO
19011;BONASSOLA
19020;BORGHETTO DI VARA
19020;BRUGNATO
19020;CALICE AL CORNOVIGLIO
19012;CARRO
19020;CARRODANO
19033;CASTELNUOVO MAGRA
19013;DEIVA MARINA
19020;FOLLO
19014;FRAMURA
19121,19122,19123,19124,19125,19126,19131,19132,19133,19134,19135,19136,19137;LA SPEZIA
19032;LERICI
19015;LEVANTO
19010;MAISSANA
19016;MONTEROSSO AL MARE
19034;LUNI
19020;PIGNONE
19025;PORTOVENERE
19020;RICCÒ DEL GOLFO DI SPEZIA
19017;RIOMAGGIORE
19020;ROCCHETTA DI VARA
19037;SANTO STEFANO DI MAGRA
19038;SARZANA
19020;SESTA GODANO
19028;VARESE LIGURE
19018;VERNAZZA
19020;VEZZANO LIGURE
19020;ZIGNAGO
21010;AGRA
21041;ALBIZZATE
21021;ANGERA
21051;ARCISATE
21010;ARSAGO SEPRIO
21022;AZZATE
21030;AZZIO
21020;BARASSO
21039;BEDERO VALCUVIA
21050;BESANO
21010;BESNATE
21023;BESOZZO
21024;BIANDRONNO
21050;BISUSCHIO
21020;BODIO LOMNAGO
21020;BREBBIA
21030;BRENTA
21010;BREZZO DI BEDERO
21030;BRINZIO
21030;BRISSAGO-VALTRAVAGLIA
21020;BRUNELLO
21050;BRUSIMPIANO
21020;BUGUGGIATE
21052;BUSTO ARSIZIO
21031;CADEGLIANO-VICONAGO
21050;CAIRATE
21050;CANTELLO
21032;CARAVATE
21010;CARDANO AL CAMPO
21040;CARNAGO
21042;CARONNO PERTUSELLA
21040;CARONNO VARESINO
21020;CASALE LITTA
21030;CASALZUIGNO
21020;CASCIAGO
21011;CASORATE SEMPIONE
21012;CASSANO MAGNAGO
21030;CASSANO VALCUVIA
21053;CASTELLANZA
21030;CASTELLO CABIAGLIO
21050;CASTELSEPRIO
21010;CASTELVECCANA
21043;CASTIGLIONE OLONA
21040;CASTRONNO
21044;CAVARIA CON PREMEZZO
21020;CAZZAGO BRABBIA
21040;CISLAGO
21033;CITTIGLIO
21050;CLIVIO
21034;COCQUIO-TREVISAGO
21020;COMABBIO
21025;COMERIO
21030;CREMENAGA
21020;CROSIO DELLA VALLE
21050;CUASSO AL MONTE
21030;CUGLIATE-FABIASCO
21035;CUNARDO
21010;CURIGLIA CON MONTEVIASCO
21030;CUVEGLIO
21030;CUVIO
21020;DAVERIO
21010;DUMENZA
21030;DUNO
21054;FAGNANO OLONA
21010;FERNO
21030;FERRERA DI VARESE
21013;GALLARATE
21020;GALLIATE LOMBARDO
21026;GAVIRATE
21045;GAZZADA SCHIANNO
21036;GEMONIO
21040;GERENZANO
21010;GERMIGNAGA
21010;GOLASECCA
21050;GORLA MAGGIORE
21055;GORLA MINORE
21040;GORNATE OLONA
21030;GRANTOLA
21020;INARZO
21056;INDUNO OLONA
21027;ISPRA
21040;JERAGO CON ORAGO
21037;LAVENA PONTE TRESA
21014;LAVENO-MOMBELLO
21038;LEGGIUNO
21050;LONATE CEPPINO
21015;LONATE POZZOLO
21040;LOZZA
21016;LUINO
21020;LUVINATE
21046;MALNATE
21030;MARCHIROLO
21050;MARNATE
21030;MARZIO
21030;MASCIAGO PRIMO
21020;MERCALLO
21030;MESENZANA
21010;MONTEGRINO VALTRAVAGLIA
21020;MONVALLE
21040;MORAZZONE
21020;MORNAGO
21040;OGGIONA CON SANTO STEFANO
21057;OLGIATE OLONA
21040;ORIGGIO
21030;ORINO
21050;PORTO CERESIO
21010;PORTO VALTRAVAGLIA
21030;RANCIO VALCUVIA
21020;RANCO
21050;SALTRIO
21017;SAMARATE
21047;SARONNO
21018;SESTO CALENDE
21048;SOLBIATE ARNO
21058;SOLBIATE OLONA
21019;SOMMA LOMBARDO
21040;SUMIRAGO
21020;TAINO
21020;TERNATE
21049;TRADATE
21028;TRAVEDONA-MONATE
21010;TRONZANO LAGO MAGGIORE
21040;UBOLDO
21039;VALGANNA
21020;VARANO BORGHI
21100;VARESE
21040;VEDANO OLONA
21040;VENEGONO INFERIORE
21040;VENEGONO SUPERIORE
21029;VERGIATE
21059;VIGGIÙ
21010;VIZZOLA TICINO
21038;SANGIANO
21061;MACCAGNO CON PINO E VEDDASCA
21062;CADREZZATE CON OSMATE
21009;BARDELLO CON MALGESSO E BREGANO
22031;ALBAVILLA
22032;ALBESE CON CASSANO
22070;ALBIOLO
22040;ALSERIO
22040;ALZATE BRIANZA
22040;ANZANO DEL PARCO
22070;APPIANO GENTILE
22010;ARGEGNO
22060;AROSIO
22033;ASSO
22030;BARNI
22010;BENE LARIO
22070;BEREGAZZO CON FIGLIARO
22070;BINAGO
22020;BIZZARONE
22028;BLESSAGNO
22020;BLEVIO
22070;BREGNANO
22040;BRENNA
22010;BRIENNO
22034;BRUNATE
22070;BULGAROGRASSO
22060;CABIATE
22071;CADORAGO
22030;CAGLIO
22061;CAMPIONE D'ITALIA
22063;CANTÙ
22035;CANZO
22070;CAPIAGO INTIMIANO
22010;CARATE URIO
22070;CARBONATE
22060;CARIMATE
22010;CARLAZZO
22060;CARUGO
22030;CASLINO D'ERBA
22070;CASNATE CON BERNATE
22070;CASSINA RIZZARDI
22030;CASTELMARTE
22070;CASTELNUOVO BOZZENTE
22010;CAVARGNA
22020;CERANO D'INTELVI
22072;CERMENATE
22012;CERNOBBIO
22070;CIRIMIDO
22010;CLAINO CON OSTENO
22010;COLONNO
22100;COMO
22010;CORRIDO
22010;CREMIA
22060;CUCCIAGO
22010;CUSINO
22020;DIZZASCO
22013;DOMASO
22014;DONGO
22010;DOSSO DEL LIRO
22036;ERBA
22030;EUPILIO
22020;FAGGETO LARIO
22020;FALOPPIO
22070;FENEGRÒ
22060;FIGINO SERENZA
22073;FINO MORNASCO
22010;GARZENO
22010;GERA LARIO
22070;GRANDATE
22010;GRANDOLA ED UNITI
22011;GRIANTE
22070;GUANZATE
22044;INVERIGO
22010;LAGLIO
22020;LAINO
22045;LAMBRUGO
22030;LASNIGO
22025;LEZZENO
22070;LIMIDO COMASCO
22030;LIPOMO
22010;LIVO
22070;LOCATE VARESINO
22074;LOMAZZO
22030;LONGONE AL SEGRINO
22070;LUISAGO
22040;LURAGO D'ERBA
22070;LURAGO MARINONE
22075;LURATE CACCIVIO
22030;MAGREGLIO
22066;MARIANO COMENSE
22026;MASLIANICO
22017;MENAGGIO
22046;MERONE
22010;MOLTRASIO
22040;MONGUZZO
22070;MONTANO LUCINO
22010;MONTEMEZZO
22030;MONTORFANO
22076;MOZZATE
22010;MUSSO
22020;NESSO
22060;NOVEDRATE
22077;OLGIATE COMASCO
22070;OLTRONA DI SAN MAMETTE
22030;ORSENIGO
22010;PEGLIO
22010;PIANELLO DEL LARIO
22020;PIGRA
22010;PLESIO
22020;POGNANA LARIO
22020;PONNA
22037;PONTE LAMBRO
22018;PORLEZZA
22030;PROSERPIO
22030;PUSIANO
22030;REZZAGO
22070;RODERO
22069;ROVELLASCA
22070;ROVELLO PORRO
22010;SALA COMACINA
22010;SAN BARTOLOMEO VAL CAVARGNA
22042;SAN FERMO DELLA BATTAGLIA
22010;SAN NAZZARO VAL CAVARGNA
22020;SCHIGNANO
22070;SENNA COMASCO
22010;SORICO
22030;SORMANO
22010;STAZZONA
22038;TAVERNERIO
22020;TORNO
22010;TREZZONE
22078;TURATE
22039;VALBRONA
22070;VALMOREA
22010;VAL REZZO
22010;VALSOLDA
22020;VELESO
22070;VENIANO
22013;VERCANA
22070;VERTEMATE CON MINOPRIO
22079;VILLA GUARDIA
22020;ZELBIO
22010;SAN SIRO
22015;GRAVEDONA ED UNITI
22021;BELLAGIO
22041;COLVERDE
22016;TREMEZZINA
22024;ALTA VALLE INTELVI
22023;CENTRO VALLE INTELVI
22043;SOLBIATE CON CAGNO
22029;UGGIATE CON RONAGO
23010;ALBAREDO PER SAN MARCO
23010;ALBOSAGGIA
23009;ANDALO VALTELLINO
23031;APRICA
23011;ARDENNO
23010;BEMA
23010;BERBENNO DI VALTELLINA
23030;BIANZONE
23032;BORMIO
23010;BUGLIO IN MONTE
23010;CAIOLO
23021;CAMPODOLCINO
23020;CASPOGGIO
23030;CASTELLO DELL'ACQUA
23012;CASTIONE ANDEVENNO
23010;CEDRASCO
23016;CERCINO
23022;CHIAVENNA
23023;CHIESA IN VALMALENCO
23030;CHIURO
23010;CINO
23010;CIVO
23010;COLORINA
23013;COSIO VALTELLINO
23010;DAZIO
23014;DELEBIO
23015;DUBINO
23020;FAEDO VALTELLINO
23010;FORCOLA
23010;FUSINE
23010;GEROLA ALTA
23020;GORDONA
23033;GROSIO
23034;GROSOTTO
23024;MADESIMO
23020;LANZADA
23041;LIVIGNO
23030;LOVERO
23016;MANTELLO
23030;MAZZO DI VALTELLINA
23010;MELLO
23020;MESE
23020;MONTAGNA IN VALTELLINA
23017;MORBEGNO
23025;NOVATE MEZZOLA
23010;PEDESINA
23010;PIANTEDO
23020;PIATEDA
23020;PIURO
23020;POGGIRIDENTI
23026;PONTE IN VALTELLINA
23010;POSTALESIO
23020;PRATA CAMPORTACCIO
23010;RASURA
23010;ROGOLO
23027;SAMOLACO
23020;SAN GIACOMO FILIPPO
23030;SERNIO
23035;SONDALO
23100;SONDRIO
23020;SPRIANA
23018;TALAMONA
23010;TARTANO
23036;TEGLIO
23037;TIRANO
23020;TORRE DI SANTA MARIA
23030;TOVO DI SANT'AGATA
23019;TRAONA
23020;TRESIVIO
23038;VALDIDENTRO
23030;VALDISOTTO
23030;VALFURVA
23010;VAL MASINO
23020;VERCEIA
23030;VERVIO
23029;VILLA DI CHIAVENNA
23030;VILLA DI TIRANO
20081;ABBIATEGRASSO
20080;ALBAIRATE
20020;ARCONATE
20044;ARESE
20004;ARLUNO
20057;ASSAGO
20008;BAREGGIO
20060;BASIANO
20079;BASIGLIO
20060;BELLINZAGO LOMBARDO
20010;BERNATE TICINO
20080;BESATE
20082;BINASCO
20010;BOFFALORA SOPRA TICINO
20021;BOLLATE
20091;BRESSO
20080;BUBBIANO
20090;BUCCINASCO
20010;BUSCATE
20041;BUSSERO
20038;BUSTO GAROLFO
20080;CALVIGNASCO
20040;CAMBIAGO
20039;CANEGRATE
20074;CARPIANO
20061;CARUGATE
20059;CASARILE
20003;CASOREZZO
20062;CASSANO D'ADDA
20051;CASSINA DE' PECCHI
20081;CASSINETTA DI LUGAGNANO
20022;CASTANO PRIMO
20063;CERNUSCO SUL NAVIGLIO
20070;CERRO AL LAMBRO
20023;CERRO MAGGIORE
20090;CESANO BOSCONE
20031;CESATE
20092;CINISELLO BALSAMO
20046;CISLIANO
20093;COLOGNO MONZESE
20075;COLTURANO
20011;CORBETTA
20032;CORMANO
20007;CORNAREDO
20094;CORSICO
20012;CUGGIONO
20047;CUSAGO
20095;CUSANO MILANINO
20036;DAIRAGO
20070;DRESANO
20083;GAGGIANO
20024;GARBAGNATE MILANESE
20060;GESSATE
20064;GORGONZOLA
20056;GREZZAGO
20088;GUDO VISCONTI
20001;INVERUNO
20065;INZAGO
20084;LACCHIARELLA
20045;LAINATE
20025;LEGNANO
20050;LISCATE
20085;LOCATE DI TRIULZI
20013;MAGENTA
20020;MAGNAGO
20010;MARCALLO CON CASONE
20060;MASATE
20076;MEDIGLIA
20077;MELEGNANO
20066;MELZO
20010;MESERO
20121,20122,20123,20124,20125,20126,20127,20128,20129,20131,20132,20133,20134,20135,20136,20137,20138,20139,20141,20142,20143,20144,20145,20146,20147,20148,20149,20151,20152,20153,20154,20155,20156,20157,20158,20159,20161,20162;MILANO
20081;MORIMONDO
20086;MOTTA VISCONTI
20014;NERVIANO
20020;NOSATE
20026;NOVATE MILANESE
20082;NOVIGLIO
20073;OPERA
20002;OSSONA
20080;OZZERO
20037;PADERNO DUGNANO
20048;PANTIGLIATE
20015;PARABIAGO
20067;PAULLO
20016;PERO
20068;PESCHIERA BORROMEO
20042;PESSANO CON BORNAGO
20072;PIEVE EMANUELE
20096;PIOLTELLO
20005;POGLIANO MILANESE
20060;POZZO D'ADDA
20060;POZZUOLO MARTESANA
20006;PREGNANA MILANESE
20027;RESCALDINA
20017;RHO
20020;ROBECCHETTO CON INDUNO
20087;ROBECCO SUL NAVIGLIO
20053;RODANO
20088;ROSATE
20089;ROZZANO
20078;SAN COLOMBANO AL LAMBRO
20097;SAN DONATO MILANESE
20034;SAN GIORGIO SU LEGNANO
20098;SAN GIULIANO MILANESE
20010;SANTO STEFANO TICINO
20028;SAN VITTORE OLONA
20070;SAN ZENONE AL LAMBRO
20018;SEDRIANO
20054;SEGRATE
20030;SENAGO
20099;SESTO SAN GIOVANNI
20049;SETTALA
20019;SETTIMO MILANESE
20033;SOLARO
20060;TREZZANO ROSA
20090;TREZZANO SUL NAVIGLIO
20056;TREZZO SULL'ADDA
20067;TRIBIANO
20060;TRUCCAZZANO
20029;TURBIGO
20043;VANZAGO
20069;VAPRIO D'ADDA
20080;VERNATE
20052;VIGNATE
20055;VIMODRONE
20009;VITTUONE
20070;VIZZOLO PREDABISSI
20058;ZIBIDO SAN GIACOMO
20035;VILLA CORTESE
20020;VANZAGHELLO
20021;BARANZATE
20071;VERMEZZO CON ZELO
24060;ADRARA SAN MARTINO
24060;ADRARA SAN ROCCO
24061;ALBANO SANT'ALESSANDRO
24021;ALBINO
24011;ALMÈ
24030;ALMENNO SAN BARTOLOMEO
24031;ALMENNO SAN SALVATORE
24022;ALZANO LOMBARDO
24030;AMBIVERE
24051;ANTEGNATE
24040;ARCENE
24020;ARDESIO
24040;ARZAGO D'ADDA
24010;AVERARA
24020;AVIATICO
24052;AZZANO SAN PAOLO
24020;AZZONE
24060;BAGNATICA
24040;BARBATA
24050;BARIANO
24030;BARZANA
24030;BEDULITA
24030;BERBENNO
24121,24122,24123,24124,24125,24126,24127,24128,24129;BERGAMO
24060;BERZO SAN FERMO
24060;BIANZANO
24010;BLELLO
24060;BOLGARE
24040;BOLTIERE
24040;BONATE SOPRA
24040;BONATE SOTTO
24060;BORGO DI TERZO
24060;BOSSICO
24040;BOTTANUCO
24010;BRACCA
24010;BRANZI
24041;BREMBATE
24030;BREMBATE DI SOPRA
24053;BRIGNANO GERA D'ADDA
24037;BRUMANO
24060;BRUSAPORTO
24050;CALCINATE
24054;CALCIO
24033;CALUSCO D'ADDA
24040;CALVENZANO
24010;CAMERATA CORNELLO
24040;CANONICA D'ADDA
24030;CAPIZZONE
24042;CAPRIATE SAN GERVASIO
24030;CAPRINO BERGAMASCO
24043;CARAVAGGIO
24060;CAROBBIO DEGLI ANGELI
24010;CARONA
24030;CARVICO
24060;CASAZZA
24040;CASIRATE D'ADDA
24020;CASNIGO
24010;CASSIGLIO
24060;CASTELLI CALEPIO
24040;CASTEL ROZZONE
24020;CASTIONE DELLA PRESOLANA
24063;CASTRO
24050;CAVERNAGO
24026;CAZZANO SANT'ANDREA
24060;CENATE SOPRA
24069;CENATE SOTTO
24020;CENE
24020;CERETE
24040;CHIGNOLO D'ISOLA
24060;CHIUDUNO
24034;CISANO BERGAMASCO
24040;CISERANO
24050;CIVIDATE AL PIANO
24023;CLUSONE
24020;COLERE
24055;COLOGNO AL SERIO
24020;COLZATE
24040;COMUN NUOVO
24030;CORNA IMAGNA
24050;CORTENUOVA
24060;COSTA DI MEZZATE
24030;COSTA VALLE IMAGNA
24062;COSTA VOLPINO
24050;COVO
24060;CREDARO
24035;CURNO
24010;CUSIO
24044;DALMINE
24010;DOSSENA
24060;ENDINE GAIANO
24060;ENTRATICO
24045;FARA GERA D'ADDA
24058;FARA OLIVANA CON SOLA
24040;FILAGO
24020;FINO DEL MONTE
24020;FIORANO AL SERIO
24056;FONTANELLA
24060;FONTENO
24010;FOPPOLO
24060;FORESTO SPARSO
24040;FORNOVO SAN GIOVANNI
24030;FUIPIANO VALLE IMAGNA
24020;GANDELLINO
24024;GANDINO
24060;GANDOSSO
24060;GAVERINA TERME
24025;GAZZANIGA
24050;GHISALBA
24060;GORLAGO
24020;GORLE
24020;GORNO
24050;GRASSOBBIO
24020;GROMO
24060;GRONE
24064;GRUMELLO DEL MONTE
24010;ISOLA DI FONDRA
24040;ISSO
24040;LALLIO
24026;LEFFE
24010;LENNA
24040;LEVATE
24030;LOCATELLO
24065;LOVERE
24050;LURANO
24069;LUZZANA
24040;MADONE
24030;MAPELLO
24057;MARTINENGO
24010;MEZZOLDO
24040;MISANO DI GERA D'ADDA
24010;MOIO DE' CALVI
24060;MONASTEROLO DEL CASTELLO
24060;MONTELLO
24050;MORENGO
24050;MORNICO AL SERIO
24050;MOZZANICA
24030;MOZZO
24027;NEMBRO
24010;OLMO AL BREMBO
24013;OLTRE IL COLLE
24020;OLTRESSENDA ALTA
24020;ONETA
24020;ONORE
24050;ORIO AL SERIO
24010;ORNICA
24040;OSIO SOPRA
24046;OSIO SOTTO
24040;PAGAZZANO
24030;PALADINA
24030;PALAZZAGO
24050;PALOSCO
24020;PARRE
24060;PARZANICA
24066;PEDRENGO
24020;PEIA
24060;PIANICO
24020;PIARIO
24014;PIAZZA BREMBANA
24010;PIAZZATORRE
24010;PIAZZOLO
24040;POGNANO
24028;PONTE NOSSA
24010;PONTERANICA
24036;PONTE SAN PIETRO
24030;PONTIDA
24040;PONTIROLO NUOVO
24020;PRADALUNGA
24060;PREDORE
24020;PREMOLO
24030;PRESEZZO
24050;PUMENENGO
24020;RANICA
24060;RANZANICO
24060;RIVA DI SOLTO
24060;ROGNO
24058;ROMANO DI LOMBARDIA
24010;RONCOBELLO
24030;RONCOLA
24037;ROTA D'IMAGNA
24020;ROVETTA
24015;SAN GIOVANNI BIANCO
24060;SAN PAOLO D'ARGON
24016;SAN PELLEGRINO TERME
24010;SANTA BRIGIDA
24067;SARNICO
24020;SCANZOROSCIATE
24020;SCHILPARIO
24010;SEDRINA
24020;SELVINO
24068;SERIATE
24017;SERINA
24060;SOLTO COLLINA
24020;SONGAVAZZO
24010;SORISOLE
24039;SOTTO IL MONTE GIOVANNI XXIII
24060;SOVERE
24060;SPINONE AL LAGO
24050;SPIRANO
24040;STEZZANO
24030;STROZZA
24040;SUISIO
24010;TALEGGIO
24060;TAVERNOLA BERGAMASCA
24060;TELGATE
24030;TERNO D'ISOLA
24020;TORRE BOLDONE
24032;TORRE DE' BUSI
24060;TORRE DE' ROVERI
24050;TORRE PALLAVICINA
24069;TRESCORE BALNEARIO
24047;TREVIGLIO
24048;TREVIOLO
24010;UBIALE CLANEZZO
24059;URGNANO
24020;VALBONDIONE
24030;VALBREMBO
24020;VALGOGLIO
24010;VALLEVE
24010;VALNEGRA
24010;VALTORTA
24010;VEDESETA
24040;VERDELLINO
24049;VERDELLO
24029;VERTOVA
24060;VIADANICA
24060;VIGANO SAN MARTINO
24060;VIGOLO
24030;VILLA D'ADDA
24018;VILLA D'ALMÈ
24020;VILLA DI SERIO
24020;VILLA D'OGNA
24060;VILLONGO
24020;VILMINORE DI SCALVE
24060;ZANDOBBIO
24050;ZANICA
24019;ZOGNO
24010;COSTA SERINA
24010;ALGUA
24017;CORNALBA
24030;MEDOLAGO
24030;SOLZA
24038;SANT'OMOBONO TERME
24012;VAL BREMBILLA
25010;ACQUAFREDDA
25030;ADRO
25071;AGNOSINE
25020;ALFIANELLO
25070;ANFO
25040;ANGOLO TERME
25040;ARTOGNE
25020;AZZANO MELLA
25021;BAGNOLO MELLA
25072;BAGOLINO
25030;BARBARIGA
25070;BARGHE
25020;BASSANO BRESCIANO
25081;BEDIZZOLE
25030;BERLINGO
25040;BERZO DEMO
25040;BERZO INFERIORE
25040;BIENNO
25070;BIONE
25022;BORGO SAN GIACOMO
25010;BORGOSATOLLO
25042;BORNO
25082;BOTTICINO
25061;BOVEGNO
25073;BOVEZZO
25030;BRANDICO
25040;BRAONE
25043;BRENO
25121,25122,25123,25124,25125,25126,25127,25128,25129,25131,25132,25133,25134,25135,25136;BRESCIA
25060;BRIONE
25070;CAINO
25011;CALCINATO
25080;CALVAGESE DELLA RIVIERA
25012;CALVISANO
25044;CAPO DI PONTE
25070;CAPOVALLE
25020;CAPRIANO DEL COLLE
25031;CAPRIOLO
25013;CARPENEDOLO
25045;CASTEGNATO
25030;CASTELCOVATI
25030;CASTEL MELLA
25014;CASTENEDOLO
25070;CASTO
25030;CASTREZZATO
25046;CAZZAGO SAN MARTINO
25051;CEDEGOLO
25060;CELLATICA
25040;CERVENO
25040;CETO
25040;CEVO
25032;CHIARI
25020;CIGOLE
25050;CIMBERGO
25040;CIVIDATE CAMUNO
25030;COCCAGLIO
25060;COLLEBEATO
25060;COLLIO
25033;COLOGNE
25030;COMEZZANO-CIZZAGO
25062;CONCESIO
25040;CORTE FRANCA
25040;CORTENO GOLGI
25030;CORZANO
25047;DARFO BOARIO TERME
25020;DELLO
25015;DESENZANO DEL GARDA
25048;EDOLO
25030;ERBUSCO
25040;ESINE
25020;FIESSE
25020;FLERO
25020;GAMBARA
25083;GARDONE RIVIERA
25063;GARDONE VAL TROMPIA
25084;GARGNANO
25085;GAVARDO
25016;GHEDI
25040;GIANICO
25023;GOTTOLENGO
25064;GUSSAGO
25074;IDRO
25040;INCUDINE
25061;IRMA
25049;ISEO
25010;ISORELLA
25074;LAVENONE
25024;LENO
25010;LIMONE SUL GARDA
25060;LODRINO
25030;LOGRATO
25017;LONATO DEL GARDA
25030;LONGHENA
25050;LOSINE
25040;LOZIO
25065;LUMEZZANE
25030;MACLODIO
25080;MAGASA
25030;MAIRANO
25053;MALEGNO
25040;MALONNO
25080;MANERBA DEL GARDA
25025;MANERBIO
25060;MARCHENO
25060;MARMENTINO
25054;MARONE
25080;MAZZANO
25020;MILZANO
25080;MONIGA DEL GARDA
25040;MONNO
25050;MONTE ISOLA
25040;MONTICELLI BRUSATI
25018;MONTICHIARI
25010;MONTIRONE
25070;MURA
25080;MUSCOLINE
25075;NAVE
25050;NIARDO
25080;NUVOLENTO
25080;NUVOLERA
25076;ODOLO
25020;OFFLAGA
25050;OME
25040;ONO SAN PIETRO
25034;ORZINUOVI
25030;ORZIVECCHI
25035;OSPITALETTO
25050;OSSIMO
25080;PADENGHE SUL GARDA
25050;PADERNO FRANCIACORTA
25050;PAISCO LOVENO
25080;PAITONE
25036;PALAZZOLO SULL'OGLIO
25030;PARATICO
25050;PASPARDO
25050;PASSIRANO
25020;PAVONE DEL MELLA
25020;SAN PAOLO
25070;PERTICA ALTA
25078;PERTICA BASSA
25060;PEZZAZE
25050;PIAN CAMUNO
25055;PISOGNE
25060;POLAVENO
25080;POLPENAZZE DEL GARDA
25030;POMPIANO
25020;PONCARALE
25056;PONTE DI LEGNO
25026;PONTEVICO
25037;PONTOGLIO
25010;POZZOLENGO
25020;PRALBOINO
25070;PRESEGLIE
25080;PREVALLE
25050;PROVAGLIO D'ISEO
25070;PROVAGLIO VAL SABBIA
25080;PUEGNAGO DEL GARDA
25027;QUINZANO D'OGLIO
25010;REMEDELLO
25086;REZZATO
25030;ROCCAFRANCA
25050;RODENGO SAIANO
25077;ROÈ VOLCIANO
25030;RONCADELLE
25038;ROVATO
25030;RUDIANO
25070;SABBIO CHIESE
25057;SALE MARASINO
25087;SALÒ
25010;SAN FELICE DEL BENACO
25020;SAN GERVASIO BRESCIANO
25010;SAN ZENO NAVIGLIO
25068;SAREZZO
25040;SAVIORE DELL'ADAMELLO
25050;SELLERO
25020;SENIGA
25080;SERLE
25019;SIRMIONE
25080;SOIANO DEL LAGO
25048;SONICO
25058;SULZANO
25060;TAVERNOLE SUL MELLA
25050;TEMÙ
25080;TIGNALE
25030;TORBOLE CASAGLIA
25088;TOSCOLANO-MADERNO
25039;TRAVAGLIATO
25010;TREMOSINE SUL GARDA
25030;TRENZANO
25070;TREVISO BRESCIANO
25030;URAGO D'OGLIO
25080;VALLIO TERME
25080;VALVESTINO
25028;VEROLANUOVA
25029;VEROLAVECCHIA
25078;VESTONE
25059;VEZZA D'OGLIO
25069;VILLA CARCINA
25030;VILLACHIARA
25089;VILLANUOVA SUL CLISI
25050;VIONE
25010;VISANO
25079;VOBARNO
25050;ZONE
25052;PIANCOGNO
27020;ALAGNA
27020;ALBONESE
27010;ALBUZZANO
27040;ARENA PO
27010;BADIA PAVESE
27050;BAGNARIA
27041;BARBIANELLO
27010;BASCAPÈ
27050;BASTIDA PANCARANA
27020;BATTUDA
27011;BELGIOIOSO
27021;BEREGUARDO
27010;BORGARELLO
27040;BORGO PRIOLO
27040;BORGORATTO MORMOROLO
27020;BORGO SAN SIRO
27010;BORNASCO
27040;BOSNASCO
27050;BRALLO DI PREGOLA
27020;BREME
27042;BRESSANA BOTTARONE
27043;BRONI
27040;CALVIGNANO
27062;CAMPOSPINOSO ALBAREDO
27031;CANDIA LOMELLINA
27044;CANNETO PAVESE
27020;CARBONARA AL TICINO
27041;CASANOVA LONATI
27040;CASATISMA
27050;CASEI GEROLA
27022;CASORATE PRIMO
27023;CASSOLNOVO
27040;CASTANA
27045;CASTEGGIO
27040;CASTELLETTO DI BRANDUZZO
27030;CASTELLO D'AGOGNA
27030;CASTELNOVETTO
27051;CAVA MANARA
27050;CECIMA
27010;CERANOVA
27030;CERETTO LOMELLINA
27020;CERGNAGO
27012;CERTOSA DI PAVIA
27050;CERVESINA
27013;CHIGNOLO PO
27040;CIGOGNOLA
27024;CILAVEGNA
27050;CODEVILLA
27030;CONFIENZA
27010;COPIANO
27050;CORANA
27050;CORVINO SAN QUIRICO
27010;COSTA DE' NOBILI
27030;COZZO
27010;CURA CARPIGNANO
27020;DORNO
27032;FERRERA ERBOGNONE
27010;FILIGHERA
27040;FORTUNAGO
27030;FRASCAROLO
27034;GALLIAVOLA
27030;GAMBARANA
27025;GAMBOLÒ
27026;GARLASCO
27010;GERENZAGO
27010;GIUSSAGO
27052;GODIASCO SALICE TERME
27047;GOLFERENZO
27020;GRAVELLONA LOMELLINA
27027;GROPELLO CAIROLI
27010;INVERNO E MONTELEONE
27015;LANDRIANO
27030;LANGOSCO
27016;LARDIRAGO
27010;LINAROLO
27040;LIRIO
27034;LOMELLO
27053;LUNGAVILLA
27010;MAGHERNO
27020;MARCIGNAGO
27010;MARZANO
27035;MEDE
27050;MENCONICO
27030;MEZZANA BIGLI
27030;MEZZANA RABATTONE
27040;MEZZANINO
27010;MIRADOLO TERME
27040;MONTALTO PAVESE
27054;MONTEBELLO DELLA BATTAGLIA
27047;MONTECALVO VERSIGGIA
27040;MONTESCANO
27052;MONTESEGALE
27010;MONTICELLI PAVESE
27040;MONTÙ BECCARIA
27040;MORNICO LOSANA
27036;MORTARA
27020;NICORVO
27020;OLEVANO DI LOMELLINA
27050;OLIVA GESSI
27030;OTTOBIANO
27030;PALESTRO
27050;PANCARANA
27020;PARONA
27100;PAVIA
27040;PIETRA DE' GIORGI
27030;PIEVE ALBIGNOLA
27037;PIEVE DEL CAIRO
27017;PIEVE PORTO MORONE
27040;PINAROLO PO
27050;PIZZALE
27050;PONTE NIZZA
27040;PORTALBERA
27040;REA
27050;REDAVALLE
27050;RETORBIDO
27055;RIVANAZZANO TERME
27038;ROBBIO
27042;ROBECCO PAVESE
27040;ROCCA DE' GIORGI
27052;ROCCA SUSELLA
27010;ROGNANO
27050;ROMAGNESE
27010;RONCARO
27030;ROSASCO
27040;ROVESCALA
27043;SAN CIPRIANO PO
27040;SAN DAMIANO AL COLLE
27010;SAN GENESIO ED UNITI
27020;SAN GIORGIO DI LOMELLINA
27028;SAN MARTINO SICCOMARIO
27039;SANNAZZARO DE' BURGONDI
27010;SANTA CRISTINA E BISSONE
27046;SANTA GIULETTA
27016;SANT'ALESSIO CON VIALONE
27050;SANTA MARGHERITA DI STAFFORA
27047;SANTA MARIA DELLA VERSA
27030;SANT'ANGELO LOMELLINA
27010;SAN ZENONE AL PO
27020;SARTIRANA LOMELLINA
27020;SCALDASOLE
27020;SEMIANA
27050;SILVANO PIETRA
27010;SIZIANO
27048;SOMMO
27010;SPESSA
27049;STRADELLA
27030;SUARDI
27050;TORRAZZA COSTE
27030;TORRE BERETTI E CASTELLARO
27010;TORRE D'ARESE
27011;TORRE DE' NEGRI
27020;TORRE D'ISOLA
27010;TORREVECCHIA PIA
27050;TORRICELLA VERZATE
27020;TRAVACÒ SICCOMARIO
27020;TRIVOLZIO
27020;TROMELLO
27020;TROVO
27050;VAL DI NIZZA
27020;VALEGGIO
27020;VALLE LOMELLINA
27010;VALLE SALIMBENE
27057;VARZI
27020;VELEZZO LOMELLINA
27010;VELLEZZO BELLINI
27053;VERRETTO
27040;VERRUA PO
27018;VIDIGULFO
27029;VIGEVANO
27035;VILLA BISCOSSI
27030;VILLANOVA D'ARDENGHI
27019;VILLANTERIO
27010;VISTARINO
27058;VOGHERA
27047;VOLPARA
27059;ZAVATTARELLO
27010;ZECCONE
27030;ZEME
27049;ZENEVREDO
27017;ZERBO
27020;ZERBOLÒ
27030;ZINASCO
27056;CORNALE E BASTIDA
27014;CORTEOLONA E GENZONE
27061;COLLI VERDI
26020;ACQUANEGRA CREMONESE
26020;AGNADELLO
26021;ANNICCO
26010;AZZANELLO
26010;BAGNOLO CREMASCO
26040;BONEMERSE
26020;BORDOLANO
26030;CALVATONE
26010;CAMISANO
26010;CAMPAGNOLA CREMASCA
26010;CAPERGNANICA
26020;CAPPELLA CANTONE
26030;CAPPELLA DE' PICENARDI
26010;CAPRALBA
26011;CASALBUTTANO ED UNITI
26010;CASALE CREMASCO-VIDOLASCO
26010;CASALETTO CEREDANO
26014;CASALETTO DI SOPRA
26010;CASALETTO VAPRIO
26041;CASALMAGGIORE
26020;CASALMORANO
26030;CASTELDIDONE
26010;CASTEL GABBIANO
26012;CASTELLEONE
26022;CASTELVERDE
26010;CASTELVISCONTI
26040;CELLA DATI
26010;CHIEVE
26030;CICOGNOLO
26042;CINGIA DE' BOTTI
26020;CORTE DE' CORTESI CON CIGNONE
26010;CORTE DE' FRATI
26010;CREDERA RUBBIANO
26013;CREMA
26100;CREMONA
26010;CREMOSANO
26020;CROTTA D'ADDA
26020;CUMIGNANO SUL NAVIGLIO
26040;DEROVERE
26010;DOVERA
26010;FIESCO
26020;FORMIGARA
26030;GABBIONETA-BINANUOVA
26030;GADESCO-PIEVE DELMONA
26020;GENIVOLTA
26040;GERRE DE' CAPRIOLI
26020;GOMBITO
26044;GRONTARDO
26023;GRUMELLO CREMONESE ED UNITI
26040;GUSSOLA
26031;ISOLA DOVARESE
26010;IZANO
26020;MADIGNANO
26030;MALAGNINO
26040;MARTIGNANA DI PO
26010;MONTE CREMASCO
26010;MONTODINE
26010;MOSCAZZANO
26045;MOTTA BALUFFI
26010;OFFANENGO
26010;OLMENETA
26032;OSTIANO
26024;PADERNO PONCHIELLI
26020;PALAZZO PIGNANO
26025;PANDINO
26043;PERSICO DOSIMO
26033;PESCAROLO ED UNITI
26030;PESSINA CREMONESE
26010;PIANENGO
26017;PIERANICA
26040;PIEVE D'OLMI
26035;PIEVE SAN GIACOMO
26026;PIZZIGHETTONE
26010;POZZAGLIO ED UNITI
26017;QUINTANO
26010;RICENGO
26010;RIPALTA ARPINA
26010;RIPALTA CREMASCA
26010;RIPALTA GUERINA
26036;RIVAROLO DEL RE ED UNITI
26027;RIVOLTA D'ADDA
26010;ROBECCO D'OGLIO
26014;ROMANENGO
26010;SALVIROLA
26020;SAN BASSANO
26046;SAN DANIELE PO
26037;SAN GIOVANNI IN CROCE
26040;SAN MARTINO DEL LAGO
26040;SCANDOLARA RAVARA
26047;SCANDOLARA RIPA D'OGLIO
26010;SERGNANO
26028;SESTO ED UNITI
26030;SOLAROLO RAINERIO
26029;SONCINO
26015;SORESINA
26048;SOSPIRO
26020;SPINADESCO
26030;SPINEDA
26016;SPINO D'ADDA
26049;STAGNO LOMBARDO
26020;TICENGO
26017;TORLINO VIMERCATI
26030;TORNATA
26038;TORRE DE' PICENARDI
26040;TORRICELLA DEL PIZZO
26017;TRESCORE CREMASCO
26018;TRIGOLO
26010;VAIANO CREMASCO
26019;VAILATE
26039;VESCOVATO
26030;VOLONGO
26030;VOLTIDO
26034;PIADENA DRIZZONA
46011;ACQUANEGRA SUL CHIESE
46041;ASOLA
46031;BAGNOLO SAN VITO
46012;BOZZOLO
46013;CANNETO SULL'OGLIO
46040;CASALMORO
46040;CASALOLDO
46040;CASALROMANO
46032;CASTELBELFORTE
46033;CASTEL D'ARIO
46042;CASTEL GOFFREDO
46014;CASTELLUCCHIO
46043;CASTIGLIONE DELLE STIVIERE
46040;CAVRIANA
46040;CERESARA
46010;COMMESSAGGIO
46010;CURTATONE
46030;DOSOLO
46040;GAZOLDO DEGLI IPPOLITI
46010;GAZZUOLO
46044;GOITO
46023;GONZAGA
46040;GUIDIZZOLO
46020;MAGNACAVALLO
46100;MANTOVA
46010;MARCARIA
46010;MARIANA MANTOVANA
46045;MARMIROLO
46046;MEDOLE
46024;MOGLIA
46040;MONZAMBANO
46020;MOTTEGGIANA
46035;OSTIGLIA
46020;PEGOGNAGA
46040;PIUBEGA
46025;POGGIO RUSCO
46030;POMPONESCO
46040;PONTI SUL MINCIO
46047;PORTO MANTOVANO
46020;QUINGENTOLE
46026;QUISTELLO
46010;REDONDESCO
46017;RIVAROLO MANTOVANO
46040;RODIGO
46037;RONCOFERRARO
46048;ROVERBELLA
46018;SABBIONETA
46027;SAN BENEDETTO PO
46020;SAN GIACOMO DELLE SEGNATE
46051;SAN GIORGIO BIGARELLO
46020;SAN GIOVANNI DEL DOSSO
46010;SAN MARTINO DALL'ARGINE
46020;SCHIVENOGLIA
46028;SERMIDE E FELONICA
46030;SERRAVALLE A PO
46040;SOLFERINO
46030;SUSTINENTE
46029;SUZZARA
46019;VIADANA
46039;VILLIMPENTA
46049;VOLTA MANTOVANA
46034;BORGO VIRGILIO
46036;BORGO MANTOVANO
46021;BORGOCARBONARA
39040;ALDINO
39010;ANDRIANO
39040;ANTERIVO
39057;APPIANO SULLA STRADA DEL VINO
39010;AVELENGO
39036;BADIA
39040;BARBIANO
39100;BOLZANO
39030;BRAIES
39041;BRENNERO
39042;BRESSANONE
39051;BRONZOLO
39031;BRUNICO
39010;CAINES
39052;CALDARO SULLA STRADA DEL VINO
39040;CAMPO DI TRENS
39032;CAMPO TURES
39020;CASTELBELLO-CIARDES
39040;CASTELROTTO
39010;CERMES
39030;CHIENES
39043;CHIUSA
39053;CORNEDO ALL'ISARCO
39040;CORTACCIA SULLA STRADA DEL VINO
39040;CORTINA SULLA STRADA DEL VINO
39033;CORVARA IN BADIA
39027;CURON VENOSTA
39034;DOBBIACO
39044;EGNA
39030;FALZES
39050;FIÈ ALLO SCILIAR
39045;FORTEZZA
39040;FUNES
39030;GAIS
39010;GARGAZZONE
39020;GLORENZA
39021;LACES
39022;LAGUNDO
39040;LAION
39055;LAIVES
39011;LANA
39023;LASA
39040;LAUREGNO
39040;LUSON
39040;MAGRÈ SULLA STRADA DEL VINO
39024;MALLES VENOSTA
39030;MAREBBE
39020;MARLENGO
39020;MARTELLO
39010;MELTINA
39012;MERANO
39035;MONGUELFO-TESIDO
39040;MONTAGNA SULLA STRADA DEL VINO
39013;MOSO IN PASSIRIA
39010;NALLES
39025;NATURNO
39040;NAZ-SCIAVES
39056;NOVA LEVANTE
39050;NOVA PONENTE
39040;ORA
39046;ORTISEI
39020;PARCINES
39030;PERCA
39025;PLAUS
39040;PONTE GARDENA
39014;POSTAL
39026;PRATO ALLO STELVIO
39030;PREDOI
39040;PROVES
39040;RACINES
39030;RASUN-ANTERSELVA
39054;RENON
39010;RIFIANO
39037;RIO DI PUSTERIA
39037;RODENGO
39040;SALORNO SULLA STRADA DEL VINO
39038;SAN CANDIDO
39050;SAN GENESIO ATESINO
39015;SAN LEONARDO IN PASSIRIA
39030;SAN LORENZO DI SEBATO
39030;SAN MARTINO IN BADIA
39010;SAN MARTINO IN PASSIRIA
39010;SAN PANCRAZIO
39047;SANTA CRISTINA VALGARDENA
39058;SARENTINO
39017;SCENA
39030;SELVA DEI MOLINI
39048;SELVA DI VAL GARDENA
39020;SENALES
39030;SESTO
39028;SILANDRO
39020;SLUDERNO
39029;STELVIO
39030;TERENTO
39018;TERLANO
39040;TERMENO SULLA STRADA DEL VINO
39010;TESIMO
39050;TIRES
39019;TIROLO
39040;TRODENA NEL PARCO NATURALE
39020;TUBRE
39016;ULTIMO
39051;VADENA
39030;VALDAORA
39049;VAL DI VIZZE
39030;VALLE AURINA
39030;VALLE DI CASIES
39030;VANDOIES
39040;VARNA
39010;VERANO
39039;VILLABASSA
39040;VILLANDRO
39049;VIPITENO
39040;VELTURNO
39030;LA VALLE
39010;SENALE-SAN FELICE
38061;ALA
38041;ALBIANO
38060;ALDENO
38010;ANDALO
38062;ARCO
38063;AVIO
38042;BASELGA DI PINÈ
38043;BEDOLLO
38060;BESENELLO
38050;BIENO
38071;BLEGGIO SUPERIORE
38080;BOCENAGO
38080;BONDONE
38051;BORGO VALSUGANA
38060;BRENTONICO
38020;BRESIMO
38080;CADERZONE TERME
38050;CALCERANICA AL LAGO
38022;CALDES
38052;CALDONAZZO
38060;CALLIANO
38031;CAMPITELLO DI FASSA
38010;CAMPODENNO
38050;CANAL SAN BOVO
38032;CANAZEI
38030;CAPRIANA
38080;CARISOLO
38050;CARZANO
38082;CASTEL CONDINO
38030;CASTELLO-MOLINA DI FIEMME
38053;CASTELLO TESINO
38050;CASTELNUOVO
38033;CAVALESE
38011;CAVARENO
38010;CAVEDAGO
38073;CAVEDINE
38022;CAVIZZANA
38060;CIMONE
38050;CINTE TESINO
38020;CIS
38045;CIVEZZANO
38023;CLES
38020;COMMEZZADURA
38027;CROVIANA
38010;DAMBEL
38010;DENNO
38074;DRENA
38074;DRO
38010;FAI DELLA PAGANELLA
38075;FIAVÈ
38050;FIEROZZO
38064;FOLGARIA
38040;FORNACE
38050;FRASSILONGO
38060;GARNIGA TERME
38030;GIOVO
38086;GIUSTINO
38055;GRIGNO
38050;IMER
38060;ISERA
38046;LAVARONE
38015;LAVIS
38056;LEVICO TERME
38020;LIVO
38040;LONA-LASES
38040;LUSERNA
38027;MALÉ
38086;MASSIMENO
38030;MAZZIN
38020;MEZZANA
38050;MEZZANO
38016;MEZZOCORONA
38017;MEZZOLOMBARDO
38035;MOENA
38018;MOLVENO
38065;MORI
38069;NAGO-TORBOLE
38060;NOGAREDO
38060;NOMI
38050;NOVALEDO
38050;OSPEDALETTO
38026;OSSANA
38050;PALÙ DEL FERSINA
38030;PANCHIÀ
38060;RONZO-CHIENIS
38024;PEIO
38020;PELLIZZANO
38079;PELUGO
38057;PERGINE VALSUGANA
38050;PIEVE TESINO
38086;PINZOLO
38060;POMAROLO
38037;PREDAZZO
38020;RABBI
38066;RIVA DEL GARDA
38010;ROMENO
38050;RONCEGNO TERME
38050;RONCHI VALSUGANA
38010;RONZONE
38030;ROVERÈ DELLA LUNA
38068;ROVERETO
38010;RUFFRÈ-MENDOLA
38020;RUMO
38050;SAGRON MIS
38059;SAMONE
38098;SAN MICHELE ALL'ADIGE
38050;SANT'ORSOLA TERME
38010;SANZENO
38011;SARNONICO
38050;SCURELLE
38047;SEGONZANO
38010;SFRUZ
38030;SORAGA DI FASSA
38048;SOVER
38088;SPIAZZO
38010;SPORMAGGIORE
38010;SPORMINORE
38070;STENICO
38089;STORO
38080;STREMBO
38050;TELVE
38050;TELVE DI SOPRA
38050;TENNA
38060;TENNO
38060;TERRAGNOLO
38027;TERZOLAS
38038;TESERO
38079;TIONE DI TRENTO
38010;TON
38050;TORCEGNO
38068;TRAMBILENO
38121,38122,38123;TRENTO
38040;VALFLORIANA
38060;VALLARSA
38029;VERMIGLIO
38057;VIGNOLA-FALESINA
38060;VILLA LAGARINA
38060;VOLANO
38030;ZIANO DI FIEMME
38077;COMANO TERME
38067;LEDRO
38012;PREDAIA
38078;SAN LORENZO DORSINO
38091;VALDAONE
38025;DIMARO FOLGARIDA
38085;PIEVE DI BONO-PREZZO
38092;ALTAVALLE
38049;ALTOPIANO DELLA VIGOLANA
38011;AMBLAR-DON
38083;BORGO CHIESE
38079;BORGO LARES
38059;CASTEL IVANO
38034;CEMBRA LISIGNAGO
38093;CONTÀ
38076;MADRUZZO
38094;PORTE DI RENDENA
38054;PRIMIERO SAN MARTINO DI CASTROZZA
38087;SELLA GIUDICARIE
38095;TRE VILLE
38096;VALLELAGHI
38019;VILLE D'ANAUNIA
38036;SAN GIOVANNI DI FASSA
38097;TERRE D'ADIGE
38013;BORGO D'ANAUNIA
38028;NOVELLA
38099;VILLE DI FIEMME
37010;AFFI
37041;ALBAREDO D'ADIGE
37050;ANGIARI
37040;ARCOLE
37030;BADIA CALAVENA
37011;BARDOLINO
37050;BELFIORE
37040;BEVILACQUA
37040;BONAVIGO
37040;BOSCHI SANT'ANNA
37021;BOSCO CHIESANUOVA
37051;BOVOLONE
37020;BRENTINO BELLUNO
37010;BRENZONE SUL GARDA
37012;BUSSOLENGO
37060;BUTTAPIETRA
37042;CALDIERO
37013;CAPRINO VERONESE
37052;CASALEONE
37043;CASTAGNARO
37060;CASTEL D'AZZANO
37014;CASTELNUOVO DEL GARDA
37010;CAVAION VERONESE
37030;CAZZANO DI TRAMIGNA
37053;CEREA
37020;CERRO VERONESE
37044;COLOGNA VENETA
37030;COLOGNOLA AI COLLI
37050;CONCAMARISE
37010;COSTERMANO SUL GARDA
37020;DOLCÈ
37060;ERBÈ
37020;ERBEZZO
37020;FERRARA DI MONTE BALDO
37022;FUMANE
37016;GARDA
37060;GAZZO VERONESE
37023;GREZZANA
37031;ILLASI
37063;ISOLA DELLA SCALA
37050;ISOLA RIZZA
37030;LAVAGNO
37017;LAZISE
37045;LEGNAGO
37018;MALCESINE
37020;MARANO DI VALPOLICELLA
37030;MEZZANE DI SOTTO
37046;MINERBE
37030;MONTECCHIA DI CROSARA
37032;MONTEFORTE D'ALPONE
37060;MOZZECANE
37024;NEGRAR DI VALPOLICELLA
37054;NOGARA
37060;NOGAROLE ROCCA
37050;OPPEANO
37050;PALÙ
37010;PASTRENGO
37026;PESCANTINA
37019;PESCHIERA DEL GARDA
37064;POVEGLIANO VERONESE
37040;PRESSANA
37010;RIVOLI VERONESE
37030;RONCÀ
37055;RONCO ALL'ADIGE
37050;ROVERCHIARA
37040;ROVEREDO DI GUÀ
37028;ROVERÈ VERONESE
37056;SALIZZOLE
37047;SAN BONIFACIO
37035;SAN GIOVANNI ILARIONE
37057;SAN GIOVANNI LUPATOTO
37058;SANGUINETTO
37036;SAN MARTINO BUON ALBERGO
37030;SAN MAURO DI SALINE
37050;SAN PIETRO DI MORUBIO
37029;SAN PIETRO IN CARIANO
37015;SANT'AMBROGIO DI VALPOLICELLA
37020;SANT'ANNA D'ALFAEDO
37010;SAN ZENO DI MONTAGNA
37030;SELVA DI PROGNO
37038;SOAVE
37066;SOMMACAMPAGNA
37060;SONA
37060;SORGÀ
37040;TERRAZZO
37010;TORRI DEL BENACO
37039;TREGNAGO
37060;TREVENZUOLO
37067;VALEGGIO SUL MINCIO
37030;VELO VERONESE
37121,37122,37123,37124,37125,37126,37127,37128,37129,37131,37132,37133,37134,37135,37136,37137,37138,37139,37141,37142;VERONA
37040;VERONELLA
37030;VESTENANOVA
37068;VIGASIO
37049;VILLA BARTOLOMEA
37069;VILLAFRANCA DI VERONA
37059;ZEVIO
37040;ZIMELLA
36020;AGUGLIARO
36020;ALBETTONE
36045;ALONTE
36077;ALTAVILLA VICENTINA
36070;ALTISSIMO
36057;ARCUGNANO
36011;ARSIERO
36071;ARZIGNANO
36012;ASIAGO
36020;ASIGLIANO VENETO
36061;BASSANO DEL GRAPPA
36050;BOLZANO VICENTINO
36042;BREGANZE
36040;BRENDOLA
36050;BRESSANVIDO
36070;BROGLIANO
36030;CALDOGNO
36030;CALTRANO
36030;CALVENE
36043;CAMISANO VICENTINO
36020;CAMPIGLIA DEI BERICI
36010;CARRÈ
36050;CARTIGLIANO
36022;CASSOLA
36020;CASTEGNERO
36070;CASTELGOMBERTO
36072;CHIAMPO
36010;CHIUPPANO
36010;COGOLLO DEL CENGIO
36073;CORNEDO VICENTINO
36030;COSTABISSARA
36051;CREAZZO
36070;CRESPADORO
36031;DUEVILLE
36052;ENEGO
36030;FARA VICENTINO
36010;FOZA
36032;GALLIO
36053;GAMBELLARA
36040;GRISIGNANO DI ZOCCO
36040;GRUMOLO DELLE ABBADESSE
36033;ISOLA VICENTINA
36010;LAGHI
36040;LASTEBASSE
36023;LONGARE
36045;LONIGO
36030;LUGO DI VICENZA
36034;MALO
36035;MARANO VICENTINO
36063;MAROSTICA
36054;MONTEBELLO VICENTINO
36075;MONTECCHIO MAGGIORE
36030;MONTECCHIO PRECALCINO
36030;MONTE DI MALO
36047;MONTEGALDA
36047;MONTEGALDELLA
36050;MONTEVIALE
36010;MONTICELLO CONTE OTTO
36050;MONTORSO VICENTINO
36065;MUSSOLENTE
36024;NANTO
36070;NOGAROLE VICENTINO
36055;NOVE
36025;NOVENTA VICENTINA
36040;ORGIANO
36040;PEDEMONTE
36060;PIANEZZE
36013;PIOVENE ROCCHETTE
36026;POJANA MAGGIORE
36010;POSINA
36020;POVE DEL GRAPPA
36050;POZZOLEONE
36050;QUINTO VICENTINO
36076;RECOARO TERME
36010;ROANA
36060;ROMANO D'EZZELINO
36027;ROSÀ
36028;ROSSANO VENETO
36010;ROTZO
36040;SALCEDO
36066;SANDRIGO
36070;SAN PIETRO MUSSOLINO
36014;SANTORSO
36030;SAN VITO DI LEGUZZANO
36030;SARCEDO
36040;SAREGO
36060;SCHIAVON
36015;SCHIO
36020;SOLAGNA
36040;SOSSANO
36056;TEZZE SUL BRENTA
36016;THIENE
36040;TONEZZA DEL CIMONE
36036;TORREBELVICINO
36040;TORRI DI QUARTESOLO
36070;TRISSINO
36078;VALDAGNO
36040;VALDASTICO
36030;VALLI DEL PASUBIO
36010;VELO D'ASTICO
36100;VICENZA
36021;VILLAGA
36030;VILLAVERLA
36010;ZANÈ
36050;ZERMEGHEDO
36020;ZOVENCEDO
36030;ZUGLIANO
36044;VAL LIONA
36048;BARBARANO MOSSANO
36029;VALBRENTA
36064;COLCERESA
36046;LUSIANA CONCO
36049;SOVIZZO
32021;AGORDO
32022;ALLEGHE
32030;ARSIÈ
32041;AURONZO DI CADORE
32100;BELLUNO
32040;BORCA DI CADORE
32042;CALALZO DI CADORE
32020;CENCENIGHE AGORDINO
32030;CESIOMAGGIORE
32010;CHIES D'ALPAGO
32040;CIBIANA DI CADORE
32020;COLLE SANTA LUCIA
32040;COMELICO SUPERIORE
32043;CORTINA D'AMPEZZO
32040;DANTA DI CADORE
32040;DOMEGGE DI CADORE
32020;FALCADE
32032;FELTRE
32030;FONZASO
32020;CANALE D'AGORDO
32020;GOSALDO
32033;LAMON
32020;LA VALLE AGORDINA
32020;LIMANA
32020;LIVINALLONGO DEL COL DI LANA
32040;LORENZAGO DI CADORE
32040;LOZZO DI CADORE
32010;OSPITALE DI CADORE
32034;PEDAVENA
32010;PERAROLO DI CADORE
32044;PIEVE DI CADORE
32014;PONTE NELLE ALPI
32020;RIVAMONTE AGORDINO
32023;ROCCA PIETORE
32030;SAN GREGORIO NELLE ALPI
32040;SAN NICOLÒ DI COMELICO
32040;SAN PIETRO DI CADORE
32035;SANTA GIUSTINA
32020;SAN TOMASO AGORDINO
32045;SANTO STEFANO DI CADORE
32046;SAN VITO DI CADORE
32036;SEDICO
32020;SELVA DI CADORE
32030;SEREN DEL GRAPPA
32037;SOSPIROLO
32010;SOVERZENE
32030;SOVRAMONTE
32027;TAIBON AGORDINO
32010;TAMBRE
32020;VALLADA AGORDINA
32040;VALLE DI CADORE
32040;VIGO DI CADORE
32040;VODO CADORE
32020;VOLTAGO AGORDINO
32010;ZOPPÈ DI CADORE
32013;LONGARONE
32016;ALPAGO
32012;VAL DI ZOLDO
32026;BORGO VALBELLUNA
32038;SETTEVILLE
31030;ALTIVOLE
31030;ARCADE
31011;ASOLO
31030;BORSO DEL GRAPPA
31030;BREDA DI PIAVE
31031;CAERANO DI SAN MARCO
31012;CAPPELLA MAGGIORE
31030;CARBONERA
31032;CASALE SUL SILE
31030;CASIER
31030;CASTELCUCCO
31033;CASTELFRANCO VENETO
31030;CASTELLO DI GODEGO
31034;CAVASO DEL TOMBA
31040;CESSALTO
31040;CHIARANO
31010;CIMADOLMO
31030;CISON DI VALMARINO
31013;CODOGNÈ
31014;COLLE UMBERTO
31015;CONEGLIANO
31016;CORDIGNANO
31041;CORNUDA
31035;CROCETTA DEL MONTELLO
31010;FARRA DI SOLIGO
31051;FOLLINA
31043;FONTANELLE
31010;FONTE
31010;FREGONA
31018;GAIARINE
31040;GIAVERA DEL MONTELLO
31010;GODEGA DI SANT'URBANO
31040;GORGO AL MONTICANO
31036;ISTRANA
31037;LORIA
31040;MANSUÈ
31010;MARENO DI PIAVE
31010;MASER
31052;MASERADA SUL PIAVE
31040;MEDUNA DI LIVENZA
31050;MIANE
31021;MOGLIANO VENETO
31050;MONASTIER DI TREVISO
31010;MONFUMO
31044;MONTEBELLUNA
31050;MORGANO
31010;MORIAGO DELLA BATTAGLIA
31045;MOTTA DI LIVENZA
31040;NERVESA DELLA BATTAGLIA
31046;ODERZO
31024;ORMELLE
31010;ORSAGO
31038;PAESE
31040;PEDEROBBA
31053;PIEVE DI SOLIGO
31047;PONTE DI PIAVE
31050;PONZANO VENETO
31040;PORTOBUFFOLÈ
31054;POSSAGNO
31050;POVEGLIANO
31022;PREGANZIOL
31055;QUINTO DI TREVISO
31020;REFRONTOLO
31023;RESANA
31020;REVINE LAGO
31039;RIESE PIO X
31056;RONCADE
31040;SALGAREDA
31048;SAN BIAGIO DI CALLALTA
31020;SAN FIOR
31020;SAN PIETRO DI FELETTO
31020;SAN POLO DI PIAVE
31025;SANTA LUCIA DI PIAVE
31020;SAN VENDEMIANO
31020;SAN ZENONE DEGLI EZZELINI
31026;SARMEDE
31040;SEGUSINO
31020;SERNAGLIA DELLA BATTAGLIA
31057;SILEA
31027;SPRESIANO
31058;SUSEGANA
31020;TARZO
31040;TREVIGNANO
31100;TREVISO
31049;VALDOBBIADENE
31028;VAZZOLA
31050;VEDELAGO
31020;VIDOR
31020;VILLORBA
31029;VITTORIO VENETO
31040;VOLPAGO DEL MONTELLO
31050;ZENSON DI PIAVE
31059;ZERO BRANCO
31017;PIEVE DEL GRAPPA
30020;ANNONE VENETO
30010;CAMPAGNA LUPIA
30010;CAMPOLONGO MAGGIORE
30010;CAMPONOGARA
30021;CAORLE
30014;CAVARZERE
30022;CEGGIA
30015;CHIOGGIA
30020;CINTO CAOMAGGIORE
30010;CONA
30023;CONCORDIA SAGITTARIA
30031;DOLO
30020;ERACLEA
30032;FIESSO D'ARTICO
30020;FOSSALTA DI PIAVE
30025;FOSSALTA DI PORTOGRUARO
30030;FOSSÒ
30020;GRUARO
30016;JESOLO
30020;MARCON
30030;MARTELLAGO
30020;MEOLO
30034;MIRA
30035;MIRANO
30024;MUSILE DI PIAVE
30033;NOALE
30020;NOVENTA DI PIAVE
30030;PIANIGA
30026;PORTOGRUARO
30020;PRAMAGGIORE
30020;QUARTO D'ALTINO
30030;SALZANO
30027;SAN DONÀ DI PIAVE
30028;SAN MICHELE AL TAGLIAMENTO
30036;SANTA MARIA DI SALA
30029;SAN STINO DI LIVENZA
30037;SCORZÈ
30038;SPINEA
30039;STRA
30025;TEGLIO VENETO
30020;TORRE DI MOSTO
30121,30122,30123,30124,30125,30126,30132,30133,30135,30141,30142,30171,30172,30173,30174,30175,30176;VENEZIA
30030;VIGONOVO
30013;CAVALLINO-TREPORTI
35031;ABANO TERME
35021;AGNA
35020;ALBIGNASEGO
35022;ANGUILLARA VENETA
35032;ARQUÀ PETRARCA
35020;ARRE
35020;ARZERGRANDE
35023;BAGNOLI DI SOPRA
35030;BAONE
35040;BARBONA
35041;BATTAGLIA TERME
35040;BOARA PISANI
35010;BORGORICCO
35024;BOVOLENTA
35020;BRUGINE
35010;CADONEGHE
35011;CAMPODARSEGO
35010;CAMPODORO
35012;CAMPOSAMPIERO
35010;CAMPO SAN MARTINO
35020;CANDIANA
35010;CARMIGNANO DI BRENTA
35025;CARTURA
35040;CASALE DI SCODOSIA
35020;CASALSERUGO
35040;CASTELBALDO
35030;CERVARESE SANTA CROCE
35030;CINTO EUGANEO
35013;CITTADELLA
35020;CODEVIGO
35026;CONSELVE
35020;CORREZZOLA
35010;CURTAROLO
35042;ESTE
35014;FONTANIVA
35015;GALLIERA VENETA
35030;GALZIGNANO TERME
35010;GAZZO
35010;GRANTORTO
35040;GRANZE
35020;LEGNARO
35010;LIMENA
35010;LOREGGIA
35034;LOZZO ATESTINO
35020;MASERÀ DI PADOVA
35040;MASI
35010;MASSANZAGO
35040;MEGLIADINO SAN VITALE
35040;MERLARA
35035;MESTRINO
35043;MONSELICE
35044;MONTAGNANA
35036;MONTEGROTTO TERME
35027;NOVENTA PADOVANA
35045;OSPEDALETTO EUGANEO
35121,35122,35123,35124,35125,35126,35127,35128,35129,35131,35132,35133,35134,35135,35136,35137,35138,35139,35141,35142,35143;PADOVA
35020;PERNUMIA
35040;PIACENZA D'ADIGE
35016;PIAZZOLA SUL BRENTA
35017;PIOMBINO DESE
35028;PIOVE DI SACCO
35020;POLVERARA
35040;PONSO
35029;PONTELONGO
35020;PONTE SAN NICOLÒ
35020;POZZONOVO
35030;ROVOLON
35030;RUBANO
35030;SACCOLONGO
35010;SAN GIORGIO DELLE PERTICHE
35010;SAN GIORGIO IN BOSCO
35018;SAN MARTINO DI LUPARI
35010;SAN PIETRO IN GU
35020;SAN PIETRO VIMINARIO
35010;SANTA GIUSTINA IN COLLE
35020;SANT'ANGELO DI PIOVE DI SACCO
35040;SANT'ELENA
35040;SANT'URBANO
35020;SAONARA
35030;SELVAZZANO DENTRO
35047;SOLESINO
35048;STANGHELLA
35037;TEOLO
35020;TERRASSA PADOVANA
35019;TOMBOLO
35038;TORREGLIA
35010;TREBASELEGHE
35020;TRIBANO
35040;URBANA
35030;VEGGIANO
35040;VESCOVANA
35010;VIGODARZERE
35010;VIGONZA
35010;VILLA DEL CONTE
35040;VILLA ESTENSE
35010;VILLAFRANCA PADOVANA
35010;VILLANOVA DI CAMPOSAMPIERO
35030;VO'
35020;DUE CARRARE
35046;BORGO VENETO
35049;SANTA CATERINA D'ESTE
45011;ADRIA
45012;ARIANO NEL POLESINE
45031;ARQUÀ POLESINE
45021;BADIA POLESINE
45022;BAGNOLO DI PO
45032;BERGANTINO
45033;BOSARO
45030;CALTO
45034;CANARO
45020;CANDA
45020;CASTELGUGLIELMO
45035;CASTELMASSA
45030;CASTELNOVO BARIANO
45030;CENESELLI
45010;CEREGNANO
45015;CORBOLA
45023;COSTA DI ROVIGO
45030;CRESPINO
45036;FICAROLO
45024;FIESSO UMBERTIANO
45030;FRASSINELLE POLESINE
45025;FRATTA POLESINE
45030;GAIBA
45010;GAVELLO
45020;GIACCIANO CON BARUCHELLA
45030;GUARDA VENETA
45026;LENDINARA
45017;LOREO
45020;LUSIA
45037;MELARA
45030;OCCHIOBELLO
45010;PAPOZZE
45010;PETTORAZZA GRIMANI
45020;PINCARA
45038;POLESELLA
45030;PONTECCHIO POLESINE
45018;PORTO TOLLE
45010;ROSOLINA
45100;ROVIGO
45030;SALARA
45020;SAN BELLINO
45030;SAN MARTINO DI VENEZZE
45039;STIENTA
45019;TAGLIO DI PO
45027;TRECENTA
45010;VILLADOSE
45030;VILLAMARZANA
45020;VILLANOVA DEL GHEBBO
45030;VILLANOVA MARCHESANA
45014;PORTO VIRO
33041;AIELLO DEL FRIULI
33020;AMARO
33021;AMPEZZO
33051;AQUILEIA
33022;ARTA TERME
33011;ARTEGNA
33040;ATTIMIS
33050;BAGNARIA ARSA
33031;BASILIANO
33032;BERTIOLO
33050;BICINICCO
33010;BORDANO
33030;BUJA
33042;BUTTRIO
33030;CAMINO AL TAGLIAMENTO
33030;CAMPOFORMIDO
33050;CARLINO
33010;CASSACCO
33050;CASTIONS DI STRADA
33020;CAVAZZO CARNICO
33020;CERCIVENTO
33052;CERVIGNANO DEL FRIULI
33048;CHIOPRIS-VISCONE
33010;CHIUSAFORTE
33043;CIVIDALE DEL FRIULI
33033;CODROIPO
33010;COLLOREDO DI MONTE ALBANO
33023;COMEGLIANS
33040;CORNO DI ROSAZZO
33030;COSEANO
33030;DIGNANO
33010;DOGNA
33040;DRENCHIA
33020;ENEMONZO
33040;FAEDIS
33034;FAGAGNA
33030;FLAIBANO
33020;FORNI AVOLTRI
33024;FORNI DI SOPRA
33020;FORNI DI SOTTO
33013;GEMONA DEL FRIULI
33050;GONARS
33040;GRIMACCO
33053;LATISANA
33029;LAUCO
33050;LESTIZZA
33054;LIGNANO SABBIADORO
33010;LUSEVERA
33010;MAGNANO IN RIVIERA
33030;MAJANO
33010;MALBORGHETTO VALBRUNA
33044;MANZANO
33050;MARANO LAGUNARE
33035;MARTIGNACCO
33036;MERETO DI TOMBA
33015;MOGGIO UDINESE
33040;MOIMACCO
33010;MONTENARS
33050;MORTEGLIANO
33030;MORUZZO
33055;MUZZANA DEL TURGNANO
33045;NIMIS
33010;OSOPPO
33025;OVARO
33010;PAGNACCO
33056;PALAZZOLO DELLO STELLA
33057;PALMANOVA
33026;PALUZZA
33037;PASIAN DI PRATO
33027;PAULARO
33050;PAVIA DI UDINE
33050;POCENIA
33016;PONTEBBA
33050;PORPETTO
33040;POVOLETTO
33050;POZZUOLO DEL FRIULI
33040;PRADAMANO
33020;PRATO CARNICO
33050;PRECENICCO
33040;PREMARIACCO
33020;PREONE
33040;PREPOTTO
33046;PULFERO
33030;RAGOGNA
33020;RAVASCLETTO
33029;RAVEO
33010;REANA DEL ROJALE
33047;REMANZACCO
33010;RESIA
33010;RESIUTTA
33020;RIGOLATO
33030;RIVE D'ARCANO
33050;RONCHIS
33050;RUDA
33038;SAN DANIELE DEL FRIULI
33058;SAN GIORGIO DI NOGARO
33048;SAN GIOVANNI AL NATISONE
33040;SAN LEONARDO
33049;SAN PIETRO AL NATISONE
33050;SANTA MARIA LA LONGA
33050;SAN VITO AL TORRE
33030;SAN VITO DI FAGAGNA
33020;SAURIS
33040;SAVOGNA
33039;SEDEGLIANO
33020;SOCCHIEVE
33040;STREGNA
33020;SUTRIO
33040;TAIPANA
33030;TALMASSONS
33017;TARCENTO
33018;TARVISIO
33010;TAVAGNACCO
33050;TERZO D'AQUILEIA
33028;TOLMEZZO
33040;TORREANO
33050;TORVISCOSA
33010;TRASAGHIS
33010;TREPPO GRANDE
33019;TRICESIMO
33050;TRIVIGNANO UDINESE
33100;UDINE
33030;VARMO
33010;VENZONE
33020;VERZEGNIS
33029;VILLA SANTINA
33040;VISCO
33020;ZUGLIO
33030;FORGARIA NEL FRIULI
33040;CAMPOLONGO TAPOGLIANO
33061;RIVIGNANO TEOR
33012;SAPPADA
33059;FIUMICELLO VILLA VICENTINA
33014;TREPPO LIGOSULLO
34070;CAPRIVA DEL FRIULI
34071;CORMONS
34070;DOBERDÒ DEL LAGO
34070;DOLEGNA DEL COLLIO
34072;FARRA D'ISONZO
34070;FOGLIANO REDIPUGLIA
34170;GORIZIA
34072;GRADISCA D'ISONZO
34073;GRADO
34070;MARIANO DEL FRIULI
34076;MEDEA
34074;MONFALCONE
34070;MORARO
34070;MOSSA
34076;ROMANS D'ISONZO
34077;RONCHI DEI LEGIONARI
34078;SAGRADO
34075;SAN CANZIAN D'ISONZO
34070;SAN FLORIANO DEL COLLIO
34070;SAN LORENZO ISONTINO
34070;SAN PIER D'ISONZO
34070;SAVOGNA D'ISONZO
34079;STARANZANO
34070;TURRIACO
34070;VILLESSE
34011;DUINO AURISINA
34016;MONRUPINO
34015;MUGGIA
34018;SAN DORLIGO DELLA VALLE
34010;SGONICO
34121,34122,34123,34124,34125,34126,34127,34128,34129,34131,34132,34133,34134,34135,34136,34137,34138,34139,34141,34142,34143,34144,34145,34146,34147,34148,34149,34151;TRIESTE
29010;AGAZZANO
29010;ALSENO
29010;BESENZONE
29021;BETTOLA
29022;BOBBIO
29011;BORGONOVO VAL TIDONE
29010;CADEO
29010;CALENDASCO
29012;CAORSO
29013;CARPANETO PIACENTINO
29014;CASTELL'ARQUATO
29015;CASTEL SAN GIOVANNI
29010;CASTELVETRO PIACENTINO
29020;CERIGNALE
29020;COLI
29020;CORTE BRUGNATELLA
29016;CORTEMAGGIORE
29023;FARINI
29024;FERRIERE
29017;FIORENZUOLA D'ARDA
29010;GAZZOLA
29020;GOSSOLENGO
29010;GRAGNANO TREBBIENSE
29025;GROPPARELLO
29018;LUGAGNANO VAL D'ARDA
29010;MONTICELLI D'ONGINA
29020;MORFASSO
29026;OTTONE
29121,29122;PIACENZA
29010;PIANELLO VAL TIDONE
29010;PIOZZANO
29027;PODENZANO
29028;PONTE DELL'OLIO
29010;PONTENURE
29029;RIVERGARO
29010;ROTTOFRENO
29019;SAN GIORGIO PIACENTINO
29010;SAN PIETRO IN CERRO
29010;SARMATO
29020;TRAVO
29010;VERNASCA
29020;VIGOLZONE
29010;VILLANOVA SULL'ARDA
29020;ZERBA
29010;ZIANO PIACENTINO
29031;ALTA VAL TIDONE
43051;ALBARETO
43032;BARDI
43041;BEDONIA
43042;BERCETO
43030;BORE
43043;BORGO VAL DI TARO
43011;BUSSETO
43030;CALESTANO
43044;COLLECCHIO
43052;COLORNO
43053;COMPIANO
43021;CORNIGLIO
43035;FELINO
43036;FIDENZA
43012;FONTANELLATO
43010;FONTEVIVO
43045;FORNOVO DI TARO
43013;LANGHIRANO
43037;LESIGNANO DE' BAGNI
43014;MEDESANO
43010;MONCHIO DELLE CORTI
43022;MONTECHIARUGOLO
43024;NEVIANO DEGLI ARDUINI
43015;NOCETO
43025;PALANZANO
43121,43122,43123,43124,43125,43126;PARMA
43047;PELLEGRINO PARMENSE
43010;ROCCABIANCA
43038;SALA BAGANZA
43039;SALSOMAGGIORE TERME
43017;SAN SECONDO PARMENSE
43046;SOLIGNANO
43019;SORAGNA
43040;TERENZO
43028;TIZZANO VAL PARMA
43059;TORNOLO
43056;TORRILE
43029;TRAVERSETOLO
43050;VALMOZZOLA
43040;VARANO DE' MELEGARI
43049;VARSI
43018;SISSA TRECASALI
43016;POLESINE ZIBELLO
43058;SORBOLO MEZZANI
42020;ALBINEA
42011;BAGNOLO IN PIANO
42031;BAISO
42021;BIBBIANO
42022;BORETTO
42041;BRESCELLO
42023;CADELBOSCO DI SOPRA
42012;CAMPAGNOLA EMILIA
42040;CAMPEGINE
42033;CARPINETI
42013;CASALGRANDE
42034;CASINA
42014;CASTELLARANO
42024;CASTELNOVO DI SOTTO
42035;CASTELNOVO NE' MONTI
42025;CAVRIAGO
42026;CANOSSA
42015;CORREGGIO
42042;FABBRICO
42043;GATTATICO
42044;GUALTIERI
42016;GUASTALLA
42045;LUZZARA
42027;MONTECCHIO EMILIA
42017;NOVELLARA
42028;POVIGLIO
42020;QUATTRO CASTELLA
42046;REGGIOLO
42121,42122,42123,42124;REGGIO NELL'EMILIA
42010;RIO SALICETO
42047;ROLO
42048;RUBIERA
42018;SAN MARTINO IN RIO
42020;SAN POLO D'ENZA
42049;SANT'ILARIO D'ENZA
42019;SCANDIANO
42010;TOANO
42020;VETTO
42030;VEZZANO SUL CROSTOLO
42030;VIANO
42030;VILLA MINOZZO
42032;VENTASSO
41030;BASTIGLIA
41030;BOMPORTO
41011;CAMPOGALLIANO
41031;CAMPOSANTO
41012;CARPI
41013;CASTELFRANCO EMILIA
41051;CASTELNUOVO RANGONE
41014;CASTELVETRO DI MODENA
41032;CAVEZZO
41033;CONCORDIA SULLA SECCHIA
41021;FANANO
41034;FINALE EMILIA
41042;FIORANO MODENESE
41022;FIUMALBO
41043;FORMIGINE
41044;FRASSINORO
41052;GUIGLIA
41023;LAMA MOCOGNO
41053;MARANELLO
41054;MARANO SUL PANARO
41036;MEDOLLA
41037;MIRANDOLA
41121,41122,41123,41124,41125,41126;MODENA
41025;MONTECRETO
41045;MONTEFIORINO
41055;MONTESE
41015;NONANTOLA
41016;NOVI DI MODENA
41046;PALAGANO
41026;PAVULLO NEL FRIGNANO
41027;PIEVEPELAGO
41040;POLINAGO
41048;PRIGNANO SULLA SECCHIA
41017;RAVARINO
41020;RIOLUNATO
41018;SAN CESARIO SUL PANARO
41038;SAN FELICE SUL PANARO
41039;SAN POSSIDONIO
41030;SAN PROSPERO
41049;SASSUOLO
41056;SAVIGNANO SUL PANARO
41028;SERRAMAZZONI
41029;SESTOLA
41019;SOLIERA
41057;SPILAMBERTO
41058;VIGNOLA
41059;ZOCCA
40011;ANZOLA DELL'EMILIA
40050;ARGELATO
40052;BARICELLA
40010;BENTIVOGLIO
40121,40122,40123,40124,40125,40126,40127,40128,40129,40131,40132,40133,40134,40135,40136,40137,40138,40139,40141;BOLOGNA
40021;BORGO TOSSIGNANO
40054;BUDRIO
40012;CALDERARA DI RENO
40032;CAMUGNANO
40033;CASALECCHIO DI RENO
40020;CASALFIUMANESE
40034;CASTEL D'AIANO
40022;CASTEL DEL RIO
40030;CASTEL DI CASIO
40023;CASTEL GUELFO DI BOLOGNA
40050;CASTELLO D'ARGILE
40013;CASTEL MAGGIORE
40024;CASTEL SAN PIETRO TERME
40055;CASTENASO
40035;CASTIGLIONE DEI PEPOLI
40014;CREVALCORE
40060;DOZZA
40025;FONTANELICE
40041;GAGGIO MONTANO
40015;GALLIERA
40057;GRANAROLO DELL'EMILIA
40030;GRIZZANA MORANDI
40026;IMOLA
40042;LIZZANO IN BELVEDERE
40050;LOIANO
40051;MALALBERGO
40043;MARZABOTTO
40059;MEDICINA
40061;MINERBIO
40062;MOLINELLA
40063;MONGHIDORO
40050;MONTERENZIO
40050;MONTE SAN PIETRO
40036;MONZUNO
40027;MORDANO
40064;OZZANO DELL'EMILIA
40065;PIANORO
40066;PIEVE DI CENTO
40010;SALA BOLOGNESE
40048;SAN BENEDETTO VAL DI SAMBRO
40016;SAN GIORGIO DI PIANO
40017;SAN GIOVANNI IN PERSICETO
40068;SAN LAZZARO DI SAVENA
40018;SAN PIETRO IN CASALE
40019;SANT'AGATA BOLOGNESE
40037;SASSO MARCONI
40038;VERGATO
40069;ZOLA PREDOSA
40053;VALSAMOGGIA
40046;ALTO RENO TERME
44011;ARGENTA
44012;BONDENO
44042;CENTO
44021;CODIGORO
44022;COMACCHIO
44034;COPPARO
44121,44122,44123,44124;FERRARA
44037;JOLANDA DI SAVOIA
44023;LAGOSANTO
44020;MASI TORELLO
44026;MESOLA
44020;OSTELLATO
44028;POGGIO RENATICO
44015;PORTOMAGGIORE
44049;VIGARANO MAINARDA
44019;VOGHIERA
44020;GORO
44027;FISCAGLIA
44047;TERRE DEL RENO
44033;RIVA DEL PO
44039;TRESIGNANA
48011;ALFONSINE
48012;BAGNACAVALLO
48031;BAGNARA DI ROMAGNA
48013;BRISIGHELLA
48032;CASOLA VALSENIO
48014;CASTEL BOLOGNESE
48015;CERVIA
48017;CONSELICE
48033;COTIGNOLA
48018;FAENZA
48034;FUSIGNANO
48022;LUGO
48024;MASSA LOMBARDA
48121,48122,48123,48124,48125;RAVENNA
48025;RIOLO TERME
48026;RUSSI
48020;SANT'AGATA SUL SANTERNO
48027;SOLAROLO
47021;BAGNO DI ROMAGNA
47032;BERTINORO
47030;BORGHI
47011;CASTROCARO TERME E TERRA DEL SOLE
47521,47522;CESENA
47042;CESENATICO
47012;CIVITELLA DI ROMAGNA
47013;DOVADOLA
47121,47122;FORLÌ
47034;FORLIMPOPOLI
47010;GALEATA
47035;GAMBETTOLA
47043;GATTEO
47020;LONGIANO
47014;MELDOLA
47025;MERCATO SARACENO
47015;MODIGLIANA
47020;MONTIANO
47010;PORTICO E SAN BENEDETTO
47016;PREDAPPIO
47010;PREMILCUORE
47017;ROCCA SAN CASCIANO
47020;RONCOFREDDO
47030;SAN MAURO PASCOLI
47018;SANTA SOFIA
47027;SARSINA
47039;SAVIGNANO SUL RUBICONE
47030;SOGLIANO AL RUBICONE
47019;TREDOZIO
47028;VERGHERETO
61041;ACQUALAGNA
61042;APECCHIO
61026;BELFORTE ALL'ISAURO
61040;BORGO PACE
61043;CAGLI
61044;CANTIANO
61021;CARPEGNA
61030;CARTOCETO
61032;FANO
61033;FERMIGNANO
61034;FOSSOMBRONE
61040;FRATTE ROSA
61021;FRONTINO
61040;FRONTONE
61011;GABICCE MARE
61012;GRADARA
61030;ISOLA DEL PIANO
61026;LUNANO
61023;MACERATA FELTRIA
61040;MERCATELLO SUL METAURO
61013;MERCATINO CONCA
61024;MOMBAROCCIO
61040;MONDAVIO
61037;MONDOLFO
61020;MONTECALVO IN FOGLIA
61010;MONTE CERIGNONE
61030;MONTEFELCINO
61010;MONTE GRIMANO TERME
61025;MONTELABBATE
61040;MONTE PORZIO
61049;PEGLIO
61045;PERGOLA
61121,61122;PESARO
61020;PETRIANO
61026;PIANDIMELETO
61023;PIETRARUBBIA
61046;PIOBBICO
61039;SAN COSTANZO
61047;SAN LORENZO IN CAMPO
61048;SANT'ANGELO IN VADO
61040;SANT'IPPOLITO
61040;SERRA SANT'ABBONDIO
61020;TAVOLETO
61010;TAVULLIA
61049;URBANIA
61029;URBINO
61022;VALLEFOGLIA
61036;COLLI AL METAURO
61038;TERRE ROVERESCHE
61028;SASSOCORVARO AUDITORE
60020;AGUGLIANO
60121,60122,60123,60124,60125,60126,60127,60128,60129,60131;ANCONA
60011;ARCEVIA
60010;BARBARA
60030;BELVEDERE OSTRENSE
60021;CAMERANO
60020;CAMERATA PICENA
60030;CASTELBELLINO
60022;CASTELFIDARDO
60010;CASTELLEONE DI SUASA
60031;CASTELPLANIO
60043;CERRETO D'ESI
60033;CHIARAVALLE
60013;CORINALDO
60034;CUPRAMONTANA
60044;FABRIANO
60015;FALCONARA MARITTIMA
60024;FILOTTRANO
60040;GENGA
60035;JESI
60025;LORETO
60030;MAIOLATI SPONTINI
60030;MERGO
60030;MONSANO
60036;MONTECAROTTO
60018;MONTEMARCIANO
60030;MONTE ROBERTO
60037;MONTE SAN VITO
60030;MORRO D'ALBA
60026;NUMANA
60020;OFFAGNA
60027;OSIMO
60010;OSTRA
60010;OSTRA VETERE
60030;POGGIO SAN MARCELLO
60020;POLVERIGI
60030;ROSORA
60030;SAN MARCELLO
60038;SAN PAOLO DI JESI
60030;SANTA MARIA NUOVA
60041;SASSOFERRATO
60019;SENIGALLIA
60030;SERRA DE' CONTI
60048;SERRA SAN QUIRICO
60020;SIROLO
60039;STAFFOLO
60012;TRECASTELLI
62021;APIRO
62010;APPIGNANO
62020;BELFORTE DEL CHIENTI
62035;BOLOGNOLA
62020;CALDAROLA
62032;CAMERINO
62020;CAMPOROTONDO DI FIASTRONE
62022;CASTELRAIMONDO
62039;CASTELSANTANGELO SUL NERA
62020;CESSAPALOMBO
62011;CINGOLI
62012;CIVITANOVA MARCHE
62020;COLMURANO
62014;CORRIDONIA
62024;ESANATOGLIA
62035;FIASTRA
62025;FIUMINATA
62022;GAGLIOLE
62020;GUALDO
62020;LORO PICENO
62100;MACERATA
62024;MATELICA
62010;MOGLIANO
62010;MONTECASSIANO
62036;MONTE CAVALLO
62010;MONTECOSARO
62010;MONTEFANO
62010;MONTELUPONE
62015;MONTE SAN GIUSTO
62020;MONTE SAN MARTINO
62010;MORROVALLE
62034;MUCCIA
62020;PENNA SAN GIOVANNI
62014;PETRIOLO
62036;PIEVE TORINA
62025;PIORACO
62021;POGGIO SAN VICINO
62010;POLLENZA
62017;PORTO RECANATI
62018;POTENZA PICENA
62019;RECANATI
62020;RIPE SAN GINESIO
62026;SAN GINESIO
62027;SAN SEVERINO MARCHE
62020;SANT'ANGELO IN PONTANO
62028;SARNANO
62025;SEFRO
62020;SERRAPETRONA
62038;SERRAVALLE DI CHIENTI
62029;TOLENTINO
62010;TREIA
62010;URBISAGLIA
62039;USSITA
62039;VISSO
62031;VALFORNACE
63095;ACQUASANTA TERME
63075;ACQUAVIVA PICENA
63083;APPIGNANO DEL TRONTO
63096;ARQUATA DEL TRONTO
63100;ASCOLI PICENO
63063;CARASSAI
63082;CASTEL DI LAMA
63072;CASTIGNANO
63081;CASTORANO
63079;COLLI DEL TRONTO
63087;COMUNANZA
63067;COSSIGNANO
63064;CUPRA MARITTIMA
63084;FOLIGNANO
63086;FORCE
63066;GROTTAMMARE
63085;MALTIGNANO
63061;MASSIGNANO
63077;MONSAMPOLO DEL TRONTO
63068;MONTALTO DELLE MARCHE
63069;MONTEDINOVE
63062;MONTEFIORE DELL'ASO
63094;MONTEGALLO
63088;MONTEMONACO
63076;MONTEPRANDONE
63073;OFFIDA
63092;PALMIANO
63065;RIPATRANSONE
63093;ROCCAFLUVIONE
63071;ROTELLA
63074;SAN BENEDETTO DEL TRONTO
63078;SPINETOLI
63091;VENAROTTA
54011;AULLA
54021;BAGNONE
54033;CARRARA
54014;CASOLA IN LUNIGIANA
54015;COMANO
54023;FILATTIERA
54013;FIVIZZANO
54035;FOSDINOVO
54016;LICCIANA NARDI
54100;MASSA
54038;MONTIGNOSO
54026;MULAZZO
54010;PODENZANA
54027;PONTREMOLI
54012;TRESANA
54028;VILLAFRANCA IN LUNIGIANA
54029;ZERI
55011;ALTOPASCIO
55022;BAGNI DI LUCCA
55051;BARGA
55023;BORGO A MOZZANO
55041;CAMAIORE
55031;CAMPORGIANO
55012;CAPANNORI
55030;CAREGGINE
55032;CASTELNUOVO DI GARFAGNANA
55033;CASTIGLIONE DI GARFAGNANA
55025;COREGLIA ANTELMINELLI
55042;FORTE DEI MARMI
55020;FOSCIANDORA
55027;GALLICANO
55100;LUCCA
55054;MASSAROSA
55034;MINUCCIANO
55020;MOLAZZANA
55015;MONTECARLO
55064;PESCAGLIA
55035;PIAZZA AL SERCHIO
55045;PIETRASANTA
55036;PIEVE FOSCIANA
55016;PORCARI
55038;SAN ROMANO IN GARFAGNANA
55047;SERAVEZZA
55040;STAZZEMA
55030;VAGLI SOTTO
55049;VIAREGGIO
55019;VILLA BASILICA
55030;VILLA COLLEMANDINA
55021;FABBRICHE DI VERGEMOLI
55039;SILLANO GIUNCUGNANO
51031;AGLIANA
51011;BUGGIANO
51035;LAMPORECCHIO
51036;LARCIANO
51010;MARLIANA
51010;MASSA E COZZILE
51015;MONSUMMANO TERME
51037;MONTALE
51016;MONTECATINI-TERME
51017;PESCIA
51018;PIEVE A NIEVOLE
51100;PISTOIA
51019;PONTE BUGGIANESE
51039;QUARRATA
51020;SAMBUCA PISTOIESE
51034;SERRAVALLE PISTOIESE
51010;UZZANO
51013;CHIESINA UZZANESE
51024;ABETONE CUTIGLIANO
51028;SAN MARCELLO PITEGLIO
50012;BAGNO A RIPOLI
50031;BARBERINO DI MUGELLO
50032;BORGO SAN LORENZO
50041;CALENZANO
50013;CAMPI BISENZIO
50050;CAPRAIA E LIMITE
50051;CASTELFIORENTINO
50050;CERRETO GUIDI
50052;CERTALDO
50062;DICOMANO
50053;EMPOLI
50014;FIESOLE
50121,50122,50123,50124,50125,50126,50127,50129,50131,50132,50133,50134,50135,50136,50137,50139,50141,50142,50143,50144,50145;FIRENZE
50033;FIRENZUOLA
50054;FUCECCHIO
50050;GAMBASSI TERME
50022;GREVE IN CHIANTI
50023;IMPRUNETA
50055;LASTRA A SIGNA
50060;LONDA
50034;MARRADI
50050;MONTAIONE
50056;MONTELUPO FIORENTINO
50025;MONTESPERTOLI
50035;PALAZZUOLO SUL SENIO
50060;PELAGO
50065;PONTASSIEVE
50066;REGGELLO
50067;RIGNANO SULL'ARNO
50068;RUFINA
50026;SAN CASCIANO IN VAL DI PESA
50060;SAN GODENZO
50018;SCANDICCI
50019;SESTO FIORENTINO
50058;SIGNA
50036;VAGLIA
50039;VICCHIO
50059;VINCI
50063;FIGLINE E INCISA VALDARNO
50038;SCARPERIA E SAN PIERO
50028;BARBERINO TAVARNELLE
57020;BIBBONA
57021;CAMPIGLIA MARITTIMA
57034;CAMPO NELL'ELBA
57031;CAPOLIVERI
57032;CAPRAIA ISOLA
57022;CASTAGNETO CARDUCCI
57023;CECINA
57014;COLLESALVETTI
57121,57122,57123,57124,57125,57126,57127,57128;LIVORNO
57030;MARCIANA
57033;MARCIANA MARINA
57025;PIOMBINO
57036;PORTO AZZURRO
57037;PORTOFERRAIO
57016;ROSIGNANO MARITTIMO
57027;SAN VINCENZO
57020;SASSETTA
57028;SUVERETO
57038;RIO
56031;BIENTINA
56032;BUTI
56011;CALCI
56012;CALCINAIA
56033;CAPANNOLI
56040;CASALE MARITTIMO
56021;CASCINA
56022;CASTELFRANCO DI SOTTO
56040;CASTELLINA MARITTIMA
56041;CASTELNUOVO DI VAL DI CECINA
56034;CHIANNI
56043;FAUGLIA
56040;GUARDISTALLO
56030;LAJATICO
56040;MONTECATINI VAL DI CECINA
56040;MONTESCUDAIO
56040;MONTEVERDI MARITTIMO
56020;MONTOPOLI IN VAL D'ARNO
56040;ORCIANO PISANO
56036;PALAIA
56037;PECCIOLI
56121,56122,56123,56124,56125,56126,56127,56128;PISA
56045;POMARANCE
56038;PONSACCO
56025;PONTEDERA
56046;RIPARBELLA
56017;SAN GIULIANO TERME
56028;SAN MINIATO
56029;SANTA CROCE SULL'ARNO
56040;SANTA LUCE
56020;SANTA MARIA A MONTE
56030;TERRICCIOLA
56019;VECCHIANO
56010;VICOPISANO
56048;VOLTERRA
56035;CASCIANA TERME LARI
56042;CRESPINA LORENZANA
52031;ANGHIARI
52100;AREZZO
52032;BADIA TEDALDA
52011;BIBBIENA
52021;BUCINE
52010;CAPOLONA
52033;CAPRESE MICHELANGELO
52016;CASTEL FOCOGNANO
52018;CASTEL SAN NICCOLÒ
52029;CASTIGLION FIBOCCHI
52043;CASTIGLION FIORENTINO
52022;CAVRIGLIA
52010;CHITIGNANO
52010;CHIUSI DELLA VERNA
52041;CIVITELLA IN VAL DI CHIANA
52044;CORTONA
52045;FOIANO DELLA CHIANA
52024;LORO CIUFFENNA
52046;LUCIGNANO
52047;MARCIANO DELLA CHIANA
52010;MONTEMIGNAIO
52035;MONTERCHI
52048;MONTE SAN SAVINO
52025;MONTEVARCHI
52010;ORTIGNANO RAGGIOLO
52036;PIEVE SANTO STEFANO
52014;POPPI
52027;SAN GIOVANNI VALDARNO
52037;SANSEPOLCRO
52038;SESTINO
52010;SUBBIANO
52010;TALLA
52028;TERRANUOVA BRACCIOLINI
52026;CASTELFRANCO PIANDISCÒ
52015;PRATOVECCHIO STIA
52019;LATERINA PERGINE VALDARNO
53021;ABBADIA SAN SALVATORE
53041;ASCIANO
53022;BUONCONVENTO
53031;CASOLE D'ELSA
53011;CASTELLINA IN CHIANTI
53019;CASTELNUOVO BERARDENGA
53023;CASTIGLIONE D'ORCIA
53040;CETONA
53042;CHIANCIANO TERME
53012;CHIUSDINO
53043;CHIUSI
53034;COLLE DI VAL D'ELSA
53013;GAIOLE IN CHIANTI
53045;MONTEPULCIANO
53035;MONTERIGGIONI
53014;MONTERONI D'ARBIA
53015;MONTICIANO
53016;MURLO
53025;PIANCASTAGNAIO
53026;PIENZA
53036;POGGIBONSI
53017;RADDA IN CHIANTI
53040;RADICOFANI
53030;RADICONDOLI
53040;RAPOLANO TERME
53040;SAN CASCIANO DEI BAGNI
53037;SAN GIMIGNANO
53027;SAN QUIRICO D'ORCIA
53047;SARTEANO
53100;SIENA
53048;SINALUNGA
53018;SOVICILLE
53049;TORRITA DI SIENA
53020;TREQUANDA
53024;MONTALCINO
58031;ARCIDOSSO
58042;CAMPAGNATICO
58011;CAPALBIO
58033;CASTEL DEL PIANO
58034;CASTELL'AZZARA
58043;CASTIGLIONE DELLA PESCAIA
58044;CINIGIANO
58045;CIVITELLA PAGANICO
58022;FOLLONICA
58023;GAVORRANO
58100;GROSSETO
58012;ISOLA DEL GIGLIO
58051;MAGLIANO IN TOSCANA
58014;MANCIANO
58024;MASSA MARITTIMA
58019;MONTE ARGENTARIO
58026;MONTIERI
58015;ORBETELLO
58017;PITIGLIANO
58053;ROCCALBEGNA
58036;ROCCASTRADA
58037;SANTA FIORA
58054;SCANSANO
58020;SCARLINO
58038;SEGGIANO
58010;SORANO
58025;MONTEROTONDO MARITTIMO
58055;SEMPRONIANO
06081;ASSISI
06083;BASTIA UMBRA
06084;BETTONA
06031;BEVAGNA
06042;CAMPELLO SUL CLITUNNO
06033;CANNARA
06043;CASCIA
06044;CASTEL RITALDI
06061;CASTIGLIONE DEL LAGO
06041;CERRETO DI SPOLETO
06010;CITERNA
06062;CITTÀ DELLA PIEVE
06012;CITTÀ DI CASTELLO
06050;COLLAZZONE
06073;CORCIANO
06021;COSTACCIARO
06053;DERUTA
06034;FOLIGNO
06022;FOSSATO DI VICO
06054;FRATTA TODINA
06030;GIANO DELL'UMBRIA
06035;GUALDO CATTANEO
06023;GUALDO TADINO
06024;GUBBIO
06060;LISCIANO NICCONE
06063;MAGIONE
06055;MARSCIANO
06056;MASSA MARTANA
06057;MONTE CASTELLO DI VIBIO
06036;MONTEFALCO
06045;MONTELEONE DI SPOLETO
06010;MONTE SANTA MARIA TIBERINA
06014;MONTONE
06025;NOCERA UMBRA
06046;NORCIA
06060;PACIANO
06064;PANICALE
06065;PASSIGNANO SUL TRASIMENO
06121,06122,06123,06124,06125,06126,06127,06128,06129,06131,06132,06133,06134,06135;PERUGIA
06066;PIEGARO
06026;PIETRALUNGA
06040;POGGIODOMO
06047;PRECI
06016;SAN GIUSTINO
06040;SANT'ANATOLIA DI NARCO
06027;SCHEGGIA E PASCELUPO
06040;SCHEGGINO
06030;SELLANO
06028;SIGILLO
06038;SPELLO
06049;SPOLETO
06059;TODI
06089;TORGIANO
06039;TREVI
06069;TUORO SUL TRASIMENO
06019;UMBERTIDE
06029;VALFABBRICA
06040;VALLO DI NERA
06030;VALTOPINA
05021;ACQUASPARTA
05011;ALLERONA
05020;ALVIANO
05022;AMELIA
05031;ARRONE
05012;ATTIGLIANO
05023;BASCHI
05032;CALVI DELL'UMBRIA
05013;CASTEL GIORGIO
05014;CASTEL VISCARDO
05015;FABRO
05034;FERENTILLO
05016;FICULLE
05024;GIOVE
05025;GUARDEA
05020;LUGNANO IN TEVERINA
05026;MONTECASTRILLI
05020;MONTECCHIO
05030;MONTEFRANCO
05010;MONTEGABBIONE
05017;MONTELEONE D'ORVIETO
05035;NARNI
05018;ORVIETO
05030;OTRICOLI
05010;PARRANO
05028;PENNA IN TEVERINA
05030;POLINO
05010;PORANO
05029;SAN GEMINI
05010;SAN VENANZO
05039;STRONCONE
05100;TERNI
05020;AVIGLIANO UMBRO
01021;ACQUAPENDENTE
01010;ARLENA DI CASTRO
01022;BAGNOREGIO
01010;BARBARANO ROMANO
01030;BASSANO ROMANO
01030;BASSANO IN TEVERINA
01010;BLERA
01023;BOLSENA
01020;BOMARZO
01030;CALCATA
01030;CANEPINA
01011;CANINO
01010;CAPODIMONTE
01012;CAPRANICA
01032;CAPRAROLA
01030;CARBOGNANO
01030;CASTEL SANT'ELIA
01024;CASTIGLIONE IN TEVERINA
01020;CELLENO
01010;CELLERE
01033;CIVITA CASTELLANA
01020;CIVITELLA D'AGLIANO
01030;CORCHIANO
01034;FABRICA DI ROMA
01030;FALERIA
01010;FARNESE
01035;GALLESE
01010;GRADOLI
01020;GRAFFIGNANO
01025;GROTTE DI CASTRO
01010;ISCHIA DI CASTRO
01010;LATERA
01020;LUBRIANO
01010;MARTA
01014;MONTALTO DI CASTRO
01027;MONTEFIASCONE
01010;MONTE ROMANO
01030;MONTEROSI
01036;NEPI
01010;ONANO
01010;ORIOLO ROMANO
01028;ORTE
01010;PIANSANO
01020;PROCENO
01037;RONCIGLIONE
01010;VILLA SAN GIOVANNI IN TUSCIA
01020;SAN LORENZO NUOVO
01038;SORIANO NEL CIMINO
01015;SUTRI
01016;TARQUINIA
01010;TESSENNANO
01017;TUSCANIA
01018;VALENTANO
01030;VALLERANO
01030;VASANELLO
01010;VEJANO
01019;VETRALLA
01039;VIGNANELLO
01100;VITERBO
01030;VITORCHIANO
02011;ACCUMOLI
02012;AMATRICE
02013;ANTRODOCO
02020;ASCREA
02020;BELMONTE IN SABINA
02010;BORBONA
02021;BORGOROSE
02010;BORGO VELINO
02014;CANTALICE
02040;CANTALUPO IN SABINA
02030;CASAPROTA
02041;CASPERIA
02020;CASTEL DI TORA
02031;CASTELNUOVO DI FARFA
02010;CASTEL SANT'ANGELO
02015;CITTADUCALE
02010;CITTAREALE
02022;COLLALTO SABINO
02020;COLLE DI TORA
02020;COLLEGIOVE
02042;COLLEVECCHIO
02010;COLLI SUL VELINO
02020;CONCERVIANO
02040;CONFIGNI
02043;CONTIGLIANO
02040;COTTANELLO
02032;FARA IN SABINA
02023;FIAMIGNANO
02044;FORANO
02030;FRASSO SABINO
02045;GRECCIO
02010;LABRO
02016;LEONESSA
02020;LONGONE SABINO
02046;MAGLIANO SABINA
02020;MARCETELLI
02010;MICIGLIANO
02040;MOMPEO
02040;MONTASOLA
02040;MONTEBUONO
02033;MONTELEONE SABINO
02040;MONTENERO SABINO
02040;MONTE SAN GIOVANNI IN SABINA
02034;MONTOPOLI DI SABINA
02010;MORRO REATINO
02020;NESPOLO
02035;ORVINIO
02020;PAGANICO SABINO
02024;PESCOROCCHIANO
02025;PETRELLA SALTO
02018;POGGIO BUSTONE
02040;POGGIO CATINO
02047;POGGIO MIRTETO
02037;POGGIO MOIANO
02030;POGGIO NATIVO
02030;POGGIO SAN LORENZO
02019;POSTA
02030;POZZAGLIA SABINA
02100;RIETI
02010;RIVODUTRI
02040;ROCCANTICA
02026;ROCCA SINIBALDA
02040;SALISANO
02038;SCANDRIGLIA
02040;SELCI
02048;STIMIGLIANO
02040;TARANO
02039;TOFFIA
02030;TORRICELLA IN SABINA
02049;TORRI IN SABINA
02020;TURANIA
02040;VACONE
02020;VARCO SABINO
00021;AFFILE
00020;AGOSTA
00041;ALBANO LAZIALE
00051;ALLUMIERE
00061;ANGUILLARA SABAZIA
00022;ANTICOLI CORRADO
00042;ANZIO
00020;ARCINAZZO ROMANO
00072;ARICCIA
00023;ARSOLI
00031;ARTENA
00030;BELLEGRA
00062;BRACCIANO
00020;CAMERATA NUOVA
00063;CAMPAGNANO DI ROMA
00060;CANALE MONTERANO
00020;CANTERANO
00060;CAPENA
00030;CAPRANICA PRENESTINA
00032;CARPINETO ROMANO
00010;CASAPE
00073;CASTEL GANDOLFO
00024;CASTEL MADAMA
00060;CASTELNUOVO DI PORTO
00030;CASTEL SAN PIETRO ROMANO
00033;CAVE
00020;CERRETO LAZIALE
00020;CERVARA DI ROMA
00052;CERVETERI
00020;CICILIANO
00020;CINETO ROMANO
00053;CIVITAVECCHIA
00060;CIVITELLA SAN PAOLO
00034;COLLEFERRO
00030;COLONNA
00065;FIANO ROMANO
00060;FILACCIANO
00060;FORMELLO
00044;FRASCATI
00010;GALLICANO NEL LAZIO
00030;GAVIGNANO
00030;GENAZZANO
00045;GENZANO DI ROMA
00025;GERANO
00030;GORGA
00046;GROTTAFERRATA
00012;GUIDONIA MONTECELIO
00020;JENNE
00030;LABICO
00075;LANUVIO
00026;LICENZA
00060;MAGLIANO ROMANO
00020;MANDELA
00066;MANZIANA
00020;MARANO EQUO
00010;MARCELLINA
00047;MARINO
00060;MAZZANO ROMANO
00013;MENTANA
00077;MONTE COMPATRI
00010;MONTEFLAVIO
00030;MONTELANICO
00010;MONTELIBRETTI
00078;MONTE PORZIO CATONE
00015;MONTEROTONDO
00010;MONTORIO ROMANO
00010;MORICONE
00067;MORLUPO
00060;NAZZANO
00074;NEMI
00017;NEROLA
00048;NETTUNO
00035;OLEVANO ROMANO
00036;PALESTRINA
00018;PALOMBARA SABINA
00020;PERCILE
00020;PISONIANO
00010;POLI
00071;POMEZIA
00060;PONZANO ROMANO
00060;RIANO
00068;RIGNANO FLAMINIO
00020;RIOFREDDO
00020;ROCCA CANTERANO
00030;ROCCA DI CAVE
00040;ROCCA DI PAPA
00020;ROCCAGIOVINE
00079;ROCCA PRIORA
00030;ROCCA SANTO STEFANO
00030;ROIATE
00118,00119,00120,00121,00122,00123,00124,00125,00126,00127,00128,00131,00132,00133,00134,00135,00136,00137,00138,00139,00141,00142,00143,00144,00145,00146,00147,00148,00149,00151,00152,00153,00154,00155,00156,00157,00158,00159,00161,00162,00163,00164,00165,00166,00167,00168,00169,00171,00172,00173,00174,00175,00176,00177,00178,00179,00181,00182,00183,00184,00185,00186,00187,00188,00189,00191,00192,00193,00195,00196,00197,00198,00199;ROMA
00027;ROVIANO
00060;SACROFANO
00020;SAMBUCI
00010;SAN GREGORIO DA SASSOLA
00010;SAN POLO DEI CAVALIERI
00058;SANTA MARINELLA
00010;SANT'ANGELO ROMANO
00060;SANT'ORESTE
00030;SAN VITO ROMANO
00020;SARACINESCO
00037;SEGNI
00028;SUBIACO
00019;TIVOLI
00059;TOLFA
00060;TORRITA TIBERINA
00069;TREVIGNANO ROMANO
00020;VALLEPIETRA
00020;VALLINFREDA
00038;VALMONTONE
00049;VELLETRI
00029;VICOVARO
00020;VIVARO ROMANO
00039;ZAGAROLO
00076;LARIANO
00055;LADISPOLI
00040;ARDEA
00043;CIAMPINO
00030;SAN CESAREO
00054;FIUMICINO
00013;FONTE NUOVA
04011;APRILIA
04010;BASSIANO
04020;CAMPODIMELE
04021;CASTELFORTE
04012;CISTERNA DI LATINA
04010;CORI
04022;FONDI
04023;FORMIA
04024;GAETA
04020;ITRI
04100;LATINA
04025;LENOLA
04010;MAENZA
04026;MINTURNO
04020;MONTE SAN BIAGIO
04010;NORMA
04014;PONTINIA
04027;PONZA
04015;PRIVERNO
04010;PROSSEDI
04010;ROCCAGORGA
04010;ROCCA MASSIMA
04010;ROCCASECCA DEI VOLSCI
04016;SABAUDIA
04017;SAN FELICE CIRCEO
04020;SANTI COSMA E DAMIANO
04013;SERMONETA
04018;SEZZE
04010;SONNINO
04029;SPERLONGA
04020;SPIGNO SATURNIA
04019;TERRACINA
04031;VENTOTENE
03040;ACQUAFONDATA
03010;ACUTO
03011;ALATRI
03041;ALVITO
03021;AMASENO
03012;ANAGNI
03031;AQUINO
03032;ARCE
03020;ARNARA
03033;ARPINO
03042;ATINA
03040;AUSONIA
03040;BELMONTE CASTELLO
03022;BOVILLE ERNICA
03030;BROCCOSTELLA
03030;CAMPOLI APPENNINO
03030;CASALATTICO
03034;CASALVIERI
03043;CASSINO
03030;CASTELLIRI
03040;CASTELNUOVO PARANO
03030;CASTROCIELO
03020;CASTRO DEI VOLSCI
03023;CECCANO
03024;CEPRANO
03044;CERVARO
03030;COLFELICE
03010;COLLEPARDO
03030;COLLE SAN MAGNO
03040;CORENO AUSONIO
03045;ESPERIA
03020;FALVATERRA
03013;FERENTINO
03010;FILETTINO
03014;FIUGGI
03035;FONTANA LIRI
03030;FONTECHIARI
03100;FROSINONE
03010;FUMONE
03040;GALLINARO
03020;GIULIANO DI ROMA
03016;GUARCINO
03036;ISOLA DEL LIRI
03025;MONTE SAN GIOVANNI CAMPANO
03017;MOROLO
03018;PALIANO
03020;PASTENA
03010;PATRICA
03030;PESCOSOLIDO
03040;PICINISCO
03020;PICO
03030;PIEDIMONTE SAN GERMANO
03010;PIGLIO
03040;PIGNATARO INTERAMNA
03026;POFI
03037;PONTECORVO
03030;POSTA FIBRENO
03027;RIPI
03030;ROCCA D'ARCE
03038;ROCCASECCA
03040;SAN BIAGIO SARACINISCO
03046;SAN DONATO VAL DI COMINO
03047;SAN GIORGIO A LIRI
03028;SAN GIOVANNI INCARICO
03040;SANT'AMBROGIO SUL GARIGLIANO
03040;SANT'ANDREA DEL GARIGLIANO
03048;SANT'APOLLINARE
03049;SANT'ELIA FIUMERAPIDO
03030;SANTOPADRE
03040;SAN VITTORE DEL LAZIO
03010;SERRONE
03040;SETTEFRATI
03010;SGURGOLA
03039;SORA
03020;STRANGOLAGALLI
03019;SUPINO
03040;TERELLE
03010;TORRE CAJETANI
03020;TORRICE
03010;TREVI NEL LAZIO
03010;TRIVIGLIANO
03020;VALLECORSA
03040;VALLEMAIO
03040;VALLEROTONDA
03029;VEROLI
03030;VICALVI
03010;VICO NEL LAZIO
03040;VILLA LATINA
03030;VILLA SANTA LUCIA
03020;VILLA SANTO STEFANO
03040;VITICUSO
81010;AILANO
81011;ALIFE
81012;ALVIGNANO
81021;ARIENZO
81031;AVERSA
81010;BAIA E LATINA
81041;BELLONA
81059;CAIANELLO
81013;CAIAZZO
81042;CALVI RISORTA
81050;CAMIGLIANO
81030;CANCELLO ED ARNONE
81020;CAPODRISE
81014;CAPRIATI A VOLTURNO
81043;CAPUA
81032;CARINARO
81030;CARINOLA
81022;CASAGIOVE
81033;CASAL DI PRINCIPE
81030;CASALUCE
81020;CASAPULLA
81100;CASERTA
81010;CASTEL CAMPAGNANO
81040;CASTEL DI SASSO
81016;CASTELLO DEL MATESE
81020;CASTEL MORRONE
81030;CASTEL VOLTURNO
81023;CERVINO
81030;CESA
81010;CIORLANO
81044;CONCA DELLA CAMPANIA
81040;CURTI
81010;DRAGONI
81014;FONTEGRECA
81040;FORMICOLA
81050;FRANCOLISE
81030;FRIGNANO
81010;GALLO MATESE
81044;GALLUCCIO
81042;GIANO VETUSTO
81010;GIOIA SANNITICA
81046;GRAZZANISE
81030;GRICIGNANO DI AVERSA
81010;LETINO
81040;LIBERI
81030;LUSCIANO
81047;MACERATA CAMPANIA
81024;MADDALONI
81025;MARCIANISE
81035;MARZANO APPIO
81049;MIGNANO MONTE LUNGO
81034;MONDRAGONE
81030;ORTA DI ATELLA
81030;PARETE
81050;PASTORANO
81013;PIANA DI MONTE VERNA
81016;PIEDIMONTE MATESE
81051;PIETRAMELARA
81040;PIETRAVAIRANO
81052;PIGNATARO MAGGIORE
81040;PONTELATONE
81050;PORTICO DI CASERTA
81010;PRATA SANNITA
81010;PRATELLA
81050;PRESENZANO
81017;RAVISCANINA
81020;RECALE
81053;RIARDO
81040;ROCCA D'EVANDRO
81035;ROCCAMONFINA
81051;ROCCAROMANA
81042;ROCCHETTA E CROCE
81010;RUVIANO
81036;SAN CIPRIANO D'AVERSA
81027;SAN FELICE A CANCELLO
81010;SAN GREGORIO MATESE
81030;SAN MARCELLINO
81020;SAN NICOLA LA STRADA
81049;SAN PIETRO INFINE
81016;SAN POTITO SANNITICO
81054;SAN PRISCO
81028;SANTA MARIA A VICO
81055;SANTA MARIA CAPUA VETERE
81050;SANTA MARIA LA FOSSA
81050;SAN TAMMARO
81017;SANT'ANGELO D'ALIFE
81030;SANT'ARPINO
81037;SESSA AURUNCA
81056;SPARANISE
81030;SUCCIVO
81057;TEANO
81030;TEVEROLA
81044;TORA E PICCILLI
81038;TRENTOLA DUCENTA
81058;VAIRANO PATENORA
81010;VALLE AGRICOLA
81020;VALLE DI MADDALONI
81030;VILLA DI BRIANO
81039;VILLA LITERNO
81041;VITULAZIO
81030;FALCIANO DEL MASSICO
81030;CELLOLE
81030;CASAPESENNA
81020;SAN MARCO EVANGELISTA
82011;AIROLA
82031;AMOROSI
82021;APICE
82030;APOLLOSA
82011;ARPAIA
82010;ARPAISE
82020;BASELICE
82100;BENEVENTO
82013;BONEA
82010;BUCCIANO
82020;BUONALBERGO
82018;CALVI
82020;CAMPOLATTARO
82030;CAMPOLI DEL MONTE TABURNO
82027;CASALDUNI
82022;CASTELFRANCO IN MISCANO
82024;CASTELPAGANO
82030;CASTELPOTO
82037;CASTELVENERE
82023;CASTELVETERE IN VAL FORTORE
82030;CAUTANO
82014;CEPPALONI
82032;CERRETO SANNITA
82020;CIRCELLO
82024;COLLE SANNITA
82033;CUSANO MUTRI
82030;DUGENTA
82015;DURAZZANO
82030;FAICCHIO
82030;FOGLIANISE
82020;FOIANO DI VAL FORTORE
82011;FORCHIA
82020;FRAGNETO L'ABATE
82020;FRAGNETO MONFORTE
82030;FRASSO TELESINO
82020;GINESTRA DEGLI SCHIAVONI
82034;GUARDIA SANFRAMONDI
82030;LIMATOLA
82030;MELIZZANO
82010;MOIANO
82020;MOLINARA
82025;MONTEFALCONE DI VAL FORTORE
82016;MONTESARCHIO
82026;MORCONE
82020;PADULI
82020;PAGO VEIANO
82017;PANNARANO
82011;PAOLISI
82030;PAUPISI
82020;PESCO SANNITA
82030;PIETRAROJA
82020;PIETRELCINA
82030;PONTE
82027;PONTELANDOLFO
82030;PUGLIANELLO
82020;REINO
82028;SAN BARTOLOMEO IN GALDO
82018;SAN GIORGIO DEL SANNIO
82020;SAN GIORGIO LA MOLARA
82010;SAN LEUCIO DEL SANNIO
82030;SAN LORENZELLO
82034;SAN LORENZO MAGGIORE
82034;SAN LUPO
82029;SAN MARCO DEI CAVOTI
82010;SAN MARTINO SANNITA
82018;SAN NAZZARO
82010;SAN NICOLA MANFREDI
82030;SAN SALVATORE TELESINO
82020;SANTA CROCE DEL SANNIO
82019;SANT'AGATA DE' GOTI
82010;SANT'ANGELO A CUPOLO
82026;SASSINORO
82036;SOLOPACA
82037;TELESE TERME
82030;TOCCO CAUDIO
82030;TORRECUSO
82038;VITULANO
82021;SANT'ARCANGELO TRIMONTE
80011;ACERRA
80021;AFRAGOLA
80051;AGEROLA
80071;ANACAPRI
80022;ARZANO
80070;BACOLI
80072;BARANO D'ISCHIA
80041;BOSCOREALE
80042;BOSCOTRECASE
80031;BRUSCIANO
80023;CAIVANO
80012;CALVIZZANO
80030;CAMPOSANO
80073;CAPRI
80030;CARBONARA DI NOLA
80024;CARDITO
80013;CASALNUOVO DI NAPOLI
80032;CASAMARCIANO
80074;CASAMICCIOLA TERME
80025;CASANDRINO
80020;CASAVATORE
80050;CASOLA DI NAPOLI
80026;CASORIA
80053;CASTELLAMMARE DI STABIA
80030;CASTELLO DI CISTERNA
80040;CERCOLA
80033;CICCIANO
80030;CIMITILE
80030;COMIZIANO
80020;CRISPANO
80075;FORIO
80027;FRATTAMAGGIORE
80020;FRATTAMINORE
80014;GIUGLIANO IN CAMPANIA
80054;GRAGNANO
80028;GRUMO NEVANO
80077;ISCHIA
80076;LACCO AMENO
80050;LETTERE
80030;LIVERI
80016;MARANO DI NAPOLI
80030;MARIGLIANELLA
80034;MARIGLIANO
80061;MASSA LUBRENSE
80017;MELITO DI NAPOLI
80062;META
80070;MONTE DI PROCIDA
80018;MUGNANO DI NAPOLI
80121,80122,80123,80124,80125,80126,80127,80128,80129,80131,80132,80133,80134,80135,80136,80137,80138,80139,80141,80142,80143,80144,80145,80146,80147;NAPOLI
80035;NOLA
80044;OTTAVIANO
80036;PALMA CAMPANIA
80063;PIANO DI SORRENTO
80050;PIMONTE
80040;POGGIOMARINO
80040;POLLENA TROCCHIA
80038;POMIGLIANO D'ARCO
80045;POMPEI
80055;PORTICI
80078;POZZUOLI
80079;PROCIDA
80019;QUALIANO
80010;QUARTO
80056;ERCOLANO
80030;ROCCARAINOLA
80040;SAN GENNARO VESUVIANO
80046;SAN GIORGIO A CREMANO
80047;SAN GIUSEPPE VESUVIANO
80030;SAN PAOLO BEL SITO
80040;SAN SEBASTIANO AL VESUVIO
80065;SANT'AGNELLO
80048;SANT'ANASTASIA
80029;SANT'ANTIMO
80057;SANT'ANTONIO ABATE
80030;SAN VITALIANO
80039;SAVIANO
80030;SCISCIANO
80081;SERRARA FONTANA
80049;SOMMA VESUVIANA
80067;SORRENTO
80040;STRIANO
80040;TERZIGNO
80058;TORRE ANNUNZIATA
80059;TORRE DEL GRECO
80030;TUFINO
80069;VICO EQUENSE
80010;VILLARICCA
80030;VISCIANO
80040;VOLLA
80050;SANTA MARIA LA CARITÀ
80040;TRECASE
80040;MASSA DI SOMMA
83020;AIELLO DEL SABATO
83011;ALTAVILLA IRPINA
83040;ANDRETTA
83041;AQUILONIA
83031;ARIANO IRPINO
83042;ATRIPALDA
83021;AVELLA
83100;AVELLINO
83043;BAGNOLI IRPINO
83022;BAIANO
83044;BISACCIA
83032;BONITO
83040;CAIRANO
83040;CALABRITTO
83045;CALITRI
83040;CANDIDA
83040;CAPOSELE
83010;CAPRIGLIA IRPINA
83040;CARIFE
83034;CASALBORE
83040;CASSANO IRPINO
83040;CASTEL BARONIA
83040;CASTELFRANCI
83040;CASTELVETERE SUL CALORE
83012;CERVINARA
83020;CESINALI
83010;CHIANCHE
83040;CHIUSANO DI SAN DOMENICO
83020;CONTRADA
83040;CONZA DELLA CAMPANIA
83020;DOMICELLA
83040;FLUMERI
83040;FONTANAROSA
83020;FORINO
83040;FRIGENTO
83040;GESUALDO
83030;GRECI
83035;GROTTAMINARDA
83010;GROTTOLELLA
83040;GUARDIA LOMBARDI
83046;LACEDONIA
83030;LAPIO
83023;LAURO
83047;LIONI
83040;LUOGOSANO
83030;MANOCALZATI
83020;MARZANO DI NOLA
83030;MELITO IRPINO
83013;MERCOGLIANO
83036;MIRABELLA ECLANO
83030;MONTAGUTO
83037;MONTECALVO IRPINO
83030;MONTEFALCIONE
83024;MONTEFORTE IRPINO
83030;MONTEFREDANE
83030;MONTEFUSCO
83048;MONTELLA
83040;MONTEMARANO
83038;MONTEMILETTO
83049;MONTEVERDE
83040;MORRA DE SANCTIS
83020;MOSCHIANO
83027;MUGNANO DEL CARDINALE
83051;NUSCO
83014;OSPEDALETTO D'ALPINOLO
83020;PAGO DEL VALLO DI LAURO
83050;PAROLISE
83052;PATERNOPOLI
83010;PETRURO IRPINO
83030;PIETRADEFUSI
83015;PIETRASTORNINA
83030;PRATA DI PRINCIPATO ULTRA
83039;PRATOLA SERRA
83020;QUADRELLE
83020;QUINDICI
83016;ROCCABASCERANA
83050;ROCCA SAN FELICE
83017;ROTONDI
83050;SALZA IRPINA
83050;SAN MANGO SUL CALORE
83018;SAN MARTINO VALLE CAUDINA
83020;SAN MICHELE DI SERINO
83050;SAN NICOLA BARONIA
83050;SAN POTITO ULTRA
83050;SAN SOSSIO BARONIA
83020;SANTA LUCIA DI SERINO
83053;SANT'ANDREA DI CONZA
83050;SANT'ANGELO ALL'ESCA
83010;SANT'ANGELO A SCALA
83054;SANT'ANGELO DEI LOMBARDI
83030;SANTA PAOLINA
83050;SANTO STEFANO DEL SOLE
83030;SAVIGNANO IRPINO
83050;SCAMPITELLA
83050;SENERCHIA
83028;SERINO
83020;SIRIGNANO
83029;SOLOFRA
83050;SORBO SERPICO
83020;SPERONE
83055;STURNO
83010;SUMMONTE
83020;TAURANO
83030;TAURASI
83056;TEORA
83057;TORELLA DEI LOMBARDI
83030;TORRE LE NOCELLE
83010;TORRIONI
83058;TREVICO
83010;TUFO
83059;VALLATA
83050;VALLESACCARDA
83030;VENTICANO
83050;VILLAMAINA
83030;VILLANOVA DEL BATTISTA
83050;VOLTURARA IRPINA
83030;ZUNGOLI
83025;MONTORO
84042;ACERNO
84043;AGROPOLI
84044;ALBANELLA
84040;ALFANO
84045;ALTAVILLA SILENTINA
84011;AMALFI
84012;ANGRI
84020;AQUARA
84046;ASCEA
84030;ATENA LUCANA
84010;ATRANI
84031;AULETTA
84081;BARONISSI
84091;BATTIPAGLIA
84020;BELLOSGUARDO
84082;BRACIGLIANO
84021;BUCCINO
84032;BUONABITACOLO
84030;CAGGIANO
84080;CALVANICO
84059;CAMEROTA
84022;CAMPAGNA
84040;CAMPORA
84040;CANNALONGA
84047;CAPACCIO PAESTUM
84030;CASALBUONO
84030;CASALETTO SPARTANO
84040;CASAL VELINO
84030;CASELLE IN PITTARI
84020;CASTELCIVITA
84048;CASTELLABATE
84040;CASTELNUOVO CILENTO
84020;CASTELNUOVO DI CONZA
84083;CASTEL SAN GIORGIO
84049;CASTEL SAN LORENZO
84090;CASTIGLIONE DEL GENOVESI
84013;CAVA DE' TIRRENI
84040;CELLE DI BULGHERIA
84051;CENTOLA
84052;CERASO
84010;CETARA
84053;CICERALE
84020;COLLIANO
84010;CONCA DEI MARINI
84020;CONTRONE
84024;CONTURSI TERME
84010;CORBARA
84020;CORLETO MONFORTE
84050;CUCCARO VETERE
84025;EBOLI
84055;FELITTO
84084;FISCIANO
84010;FURORE
84050;FUTANI
84090;GIFFONI SEI CASALI
84095;GIFFONI VALLE PIANA
84056;GIOI
84050;GIUNGANO
84050;ISPANI
84050;LAUREANA CILENTO
84057;LAURINO
84050;LAURITO
84020;LAVIANO
84050;LUSTRA
84050;MAGLIANO VETERE
84010;MAIORI
84085;MERCATO SAN SEVERINO
84010;MINORI
84060;MOIO DELLA CIVITELLA
84060;MONTANO ANTILIA
84060;MONTECORICE
84090;MONTECORVINO PUGLIANO
84096;MONTECORVINO ROVELLA
84060;MONTEFORTE CILENTO
84030;MONTE SAN GIACOMO
84033;MONTESANO SULLA MARCELLANA
84030;MORIGERATI
84014;NOCERA INFERIORE
84015;NOCERA SUPERIORE
84060;NOVI VELIA
84061;OGLIASTRO CILENTO
84062;OLEVANO SUL TUSCIANO
84020;OLIVETO CITRA
84060;OMIGNANO
84060;ORRIA
84020;OTTATI
84034;PADULA
84016;PAGANI
84020;PALOMONTE
84080;PELLEZZANO
84060;PERDIFUMO
84060;PERITO
84030;PERTOSA
84020;PETINA
84065;PIAGGINE
84066;PISCIOTTA
84035;POLLA
84068;POLLICA
84098;PONTECAGNANO FAIANO
84017;POSITANO
84026;POSTIGLIONE
84010;PRAIANO
84060;PRIGNANO CILENTO
84010;RAVELLO
84020;RICIGLIANO
84069;ROCCADASPIDE
84060;ROCCAGLORIOSA
84086;ROCCAPIEMONTE
84070;ROFRANO
84020;ROMAGNANO AL MONTE
84020;ROSCIGNO
84070;RUTINO
84070;SACCO
84036;SALA CONSILINA
84070;SALENTO
84121,84122,84123,84124,84125,84126,84127,84128,84129,84131,84132,84133,84134,84135;SALERNO
84020;SALVITELLE
84099;SAN CIPRIANO PICENTINO
84070;SAN GIOVANNI A PIRO
84020;SAN GREGORIO MAGNO
84090;SAN MANGO PIEMONTE
84010;SAN MARZANO SUL SARNO
84070;SAN MAURO CILENTO
84070;SAN MAURO LA BRUCA
84030;SAN PIETRO AL TANAGRO
84030;SAN RUFO
84067;SANTA MARINA
84027;SANT'ANGELO A FASANELLA
84037;SANT'ARSENIO
84010;SANT'EGIDIO DEL MONTE ALBINO
84020;SANTOMENNA
84010;SAN VALENTINO TORIO
84030;SANZA
84073;SAPRI
84087;SARNO
84038;SASSANO
84018;SCAFATI
84010;SCALA
84070;SERRAMEZZANA
84028;SERRE
84074;SESSA CILENTO
84088;SIANO
84029;SICIGNANO DEGLI ALBURNI
84070;STELLA CILENTO
84075;STIO
84039;TEGGIANO
84076;TORCHIARA
84030;TORRACA
84077;TORRE ORSAIA
84030;TORTORELLA
84010;TRAMONTI
84070;TRENTINARA
84070;VALLE DELL'ANGELO
84078;VALLO DELLA LUCANIA
84020;VALVA
84079;VIBONATI
84019;VIETRI SUL MARE
84092;BELLIZZI
67020;ACCIANO
67041;AIELLI
67030;ALFEDENA
67030;ANVERSA DEGLI ABRUZZI
67030;ATELETA
67051;AVEZZANO
67052;BALSORANO
67010;BARETE
67021;BARISCIANO
67030;BARREA
67050;BISEGNA
67030;BUGNARA
67012;CAGNANO AMITERNO
67020;CALASCIO
67030;CAMPO DI GIOVE
67013;CAMPOTOSTO
67050;CANISTRO
67030;CANSANO
67022;CAPESTRANO
67053;CAPISTRELLO
67014;CAPITIGNANO
67020;CAPORCIANO
67060;CAPPADOCIA
67020;CARAPELLE CALVISIO
67061;CARSOLI
67023;CASTEL DEL MONTE
67020;CASTEL DI IERI
67031;CASTEL DI SANGRO
67050;CASTELLAFIUME
67020;CASTELVECCHIO CALVISIO
67024;CASTELVECCHIO SUBEQUO
67043;CELANO
67044;CERCHIO
67050;CIVITA D'ANTINO
67030;CIVITELLA ALFEDENA
67054;CIVITELLA ROVETO
67030;COCULLO
67040;COLLARMELE
67050;COLLELONGO
67020;COLLEPIETRO
67030;CORFINIO
67020;FAGNANO ALTO
67020;FONTECCHIO
67020;FOSSA
67020;GAGLIANO ATERNO
67055;GIOIA DEI MARSI
67030;GORIANO SICOLI
67030;INTRODACQUA
67100;L'AQUILA
67050;LECCE NEI MARSI
67056;LUCO DEI MARSI
67045;LUCOLI
67062;MAGLIANO DE' MARSI
67050;MASSA D'ALBE
67020;MOLINA ATERNO
67015;MONTEREALE
67050;MORINO
67020;NAVELLI
67040;OCRE
67025;OFENA
67030;OPI
67063;ORICOLA
67050;ORTONA DEI MARSI
67050;ORTUCCHIO
67046;OVINDOLI
67030;PACENTRO
67064;PERETO
67032;PESCASSEROLI
67057;PESCINA
67033;PESCOCOSTANZO
67034;PETTORANO SUL GIZIO
67017;PIZZOLI
67026;POGGIO PICENZE
67020;PRATA D'ANSIDONIA
67035;PRATOLA PELIGNA
67030;PREZZA
67027;RAIANO
67036;RIVISONDOLI
67030;ROCCACASALE
67066;ROCCA DI BOTTE
67047;ROCCA DI CAMBIO
67048;ROCCA DI MEZZO
67030;ROCCA PIA
67037;ROCCARASO
67058;SAN BENEDETTO DEI MARSI
67020;SAN BENEDETTO IN PERILLIS
67028;SAN DEMETRIO NE' VESTINI
67020;SAN PIO DELLE CAMERE
67067;SANTE MARIE
67020;SANT'EUSANIO FORCONESE
67020;SANTO STEFANO DI SESSANIO
67050;SAN VINCENZO VALLE ROVETO
67038;SCANNO
67030;SCONTRONE
67019;SCOPPITO
67068;SCURCOLA MARSICANA
67029;SECINARO
67039;SULMONA
67069;TAGLIACOZZO
67020;TIONE DEGLI ABRUZZI
67049;TORNIMPARTE
67059;TRASACCO
67030;VILLALAGO
67020;VILLA SANTA LUCIA DEGLI ABRUZZI
67020;VILLA SANT'ANGELO
67050;VILLAVALLELONGA
67030;VILLETTA BARREA
67030;VITTORITO
64011;ALBA ADRIATICA
64010;ANCARANO
64031;ARSITA
64032;ATRI
64030;BASCIANO
64020;BELLANTE
64033;BISENTI
64012;CAMPLI
64020;CANZANO
64030;CASTEL CASTAGNA
64020;CASTELLALTO
64041;CASTELLI
64034;CASTIGLIONE MESSER RAIMONDO
64035;CASTILENTI
64036;CELLINO ATTANASIO
64037;CERMIGNANO
64010;CIVITELLA DEL TRONTO
64042;COLLEDARA
64010;COLONNELLA
64010;CONTROGUERRA
64013;CORROPOLI
64040;CORTINO
64043;CROGNALETO
64044;FANO ADRIANO
64021;GIULIANOVA
64045;ISOLA DEL GRAN SASSO D'ITALIA
64030;MONTEFINO
64046;MONTORIO AL VOMANO
64020;MORRO D'ORO
64023;MOSCIANO SANT'ANGELO
64015;NERETO
64024;NOTARESCO
64039;PENNA SANT'ANDREA
64047;PIETRACAMELA
64025;PINETO
64010;ROCCA SANTA MARIA
64026;ROSETO DEGLI ABRUZZI
64016;SANT'EGIDIO ALLA VIBRATA
64027;SANT'OMERO
64028;SILVI
64100;TERAMO
64010;TORANO NUOVO
64010;TORRICELLA SICURA
64018;TORTORETO
64049;TOSSICIA
64010;VALLE CASTELLANA
64014;MARTINSICURO
65020;ABBATEGGIO
65020;ALANNO
65020;BOLOGNANO
65010;BRITTOLI
65022;BUSSI SUL TIRINO
65010;CAPPELLE SUL TAVO
65023;CARAMANICO TERME
65010;CARPINETO DELLA NORA
65020;CASTIGLIONE A CASAURIA
65011;CATIGNANO
65012;CEPAGATTI
65013;CITTÀ SANT'ANGELO
65010;CIVITAQUANA
65010;CIVITELLA CASANOVA
65010;COLLECORVINO
65020;CORVARA
65020;CUGNOLI
65010;ELICE
65010;FARINDOLA
65020;LETTOMANOPPELLO
65014;LORETO APRUTINO
65024;MANOPPELLO
65010;MONTEBELLO DI BERTONA
65015;MONTESILVANO
65010;MOSCUFO
65010;NOCCIANO
65017;PENNE
65121,65122,65123,65124,65125,65126,65127,65128,65129;PESCARA
65020;PESCOSANSONESCO
65019;PIANELLA
65010;PICCIANO
65020;PIETRANICO
65026;POPOLI TERME
65020;ROCCAMORICE
65020;ROSCIANO
65020;SALLE
65020;SANT'EUFEMIA A MAIELLA
65020;SAN VALENTINO IN ABRUZZO CITERIORE
65027;SCAFA
65025;SERRAMONACESCA
65010;SPOLTORE
65028;TOCCO DA CASAURIA
65029;TORRE DE' PASSERI
65020;TURRIVALIGNANI
65010;VICOLI
65010;VILLA CELIERA
66040;ALTINO
66044;ARCHI
66010;ARI
66030;ARIELLI
66041;ATESSA
66042;BOMBA
66040;BORRELLO
66011;BUCCHIANICO
66040;MONTEBELLO SUL SANGRO
66010;CANOSA SANNITA
66030;CARPINETO SINELLO
66050;CARUNCHIO
66010;CASACANDITELLA
66031;CASALANGUIDA
66021;CASALBORDINO
66012;CASALINCONTRADA
66043;CASOLI
66032;CASTEL FRENTANO
66040;CASTELGUIDONE
66033;CASTIGLIONE MESSER MARINO
66050;CELENZA SUL TRIGNO
66100;CHIETI
66040;CIVITALUPARELLA
66010;CIVITELLA MESSER RAIMONDO
66010;COLLEDIMACINE
66040;COLLEDIMEZZO
66014;CRECCHIO
66051;CUPELLO
66050;DOGLIOLA
66010;FARA FILIORUM PETRI
66015;FARA SAN MARTINO
66030;FILETTO
66022;FOSSACESIA
66050;FRAINE
66023;FRANCAVILLA AL MARE
66050;FRESAGRANDINARIA
66030;FRISA
66050;FURCI
66040;GAMBERALE
66010;GESSOPALENA
66052;GISSI
66010;GIULIANO TEATINO
66016;GUARDIAGRELE
66050;GUILMI
66010;LAMA DEI PELIGNI
66034;LANCIANO
66050;LENTELLA
66010;LETTOPALENA
66050;LISCIA
66010;MIGLIANICO
66030;MONTAZZOLI
66040;MONTEFERRANTE
66040;MONTELAPIANO
66010;MONTENERODOMO
66050;MONTEODORISIO
66030;MOZZAGROGNA
66036;ORSOGNA
66026;ORTONA
66020;PAGLIETA
66017;PALENA
66050;PALMOLI
66010;PALOMBARO
66040;PENNADOMO
66010;PENNAPIEDIMONTE
66040;PERANO
66040;PIZZOFERRATO
66030;POGGIOFIORITO
66020;POLLUTRI
66010;PRETORO
66040;QUADRI
66010;RAPINO
66010;RIPA TEATINA
66010;ROCCAMONTEPIANO
66020;ROCCA SAN GIOVANNI
66040;ROCCASCALEGNA
66050;ROCCASPINALVETI
66040;ROIO DEL SANGRO
66040;ROSELLO
66050;SAN BUONO
66050;SAN GIOVANNI LIPIONI
66020;SAN GIOVANNI TEATINO
66010;SAN MARTINO SULLA MARRUCINA
66050;SAN SALVO
66030;SANTA MARIA IMBARO
66037;SANT'EUSANIO DEL SANGRO
66038;SAN VITO CHIETINO
66020;SCERNI
66045;SCHIAVI DI ABRUZZO
66018;TARANTA PELIGNA
66010;TOLLO
66020;TORINO DI SANGRO
66046;TORNARECCIO
66050;TORREBRUNA
66010;TORREVECCHIA TEATINA
66019;TORRICELLA PELIGNA
66030;TREGLIO
66050;TUFILLO
66010;VACRI
66054;VASTO
66020;VILLALFONSINA
66010;VILLAMAGNA
66047;VILLA SANTA MARIA
66040;PIETRAFERRAZZANA
66040;FALLO
86030;ACQUAVIVA COLLECROCE
86011;BARANELLO
86021;BOJANO
86041;BONEFRO
86010;BUSSO
86100;CAMPOBASSO
86020;CAMPOCHIARO
86010;CAMPODIPIETRA
86040;CAMPOLIETO
86042;CAMPOMARINO
86043;CASACALENDA
86010;CASALCIPRANO
86030;CASTELBOTTACCIO
86020;CASTELLINO DEL BIFERNO
86031;CASTELMAURO
86010;CASTROPIGNANO
86012;CERCEMAGGIORE
86010;CERCEPICCOLA
86030;CIVITACAMPOMARANO
86020;COLLE D'ANCHISE
86044;COLLETORTO
86020;DURONIA
86010;FERRAZZANO
86020;FOSSALTO
86013;GAMBATESA
86010;GILDONE
86030;GUARDIALFIERA
86014;GUARDIAREGIA
86034;GUGLIONESI
86015;JELSI
86035;LARINO
86022;LIMOSANO
86030;LUCITO
86030;LUPARA
86040;MACCHIA VALFORTORE
86030;MAFALDA
86030;MATRICE
86010;MIRABELLO SANNITICO
86020;MOLISE
86040;MONACILIONI
86023;MONTAGANO
86032;MONTECILFONE
86033;MONTEFALCONE NEL SANNIO
86040;MONTELONGO
86030;MONTEMITRO
86036;MONTENERO DI BISACCIA
86040;MONTORIO NEI FRENTANI
86040;MORRONE DEL SANNIO
86010;ORATINO
86037;PALATA
86038;PETACCIATO
86024;PETRELLA TIFERNINA
86040;PIETRACATELLA
86020;PIETRACUPA
86045;PORTOCANNONE
86040;PROVVIDENTI
86016;RICCIA
86040;RIPABOTTONI
86025;RIPALIMOSANI
86020;ROCCAVIVARA
86040;ROTELLO
86026;SALCITO
86020;SAN BIASE
86030;SAN FELICE DEL MOLISE
86030;SAN GIACOMO DEGLI SCHIAVONI
86010;SAN GIOVANNI IN GALDO
86010;SAN GIULIANO DEL SANNIO
86040;SAN GIULIANO DI PUGLIA
86046;SAN MARTINO IN PENSILIS
86027;SAN MASSIMO
86020;SAN POLO MATESE
86047;SANTA CROCE DI MAGLIANO
86020;SANT'ANGELO LIMOSANO
86048;SANT'ELIA A PIANISI
86017;SEPINO
86020;SPINETE
86030;TAVENNA
86039;TERMOLI
86028;TORELLA DEL SANNIO
86018;TORO
86029;TRIVENTO
86010;TUFARA
86049;URURI
86019;VINCHIATURO
71021;ACCADIA
71031;ALBERONA
71020;ANZANO DI PUGLIA
71011;APRICENA
71022;ASCOLI SATRIANO
71032;BICCARI
71023;BOVINO
71010;CAGNANO VARANO
71024;CANDELA
71041;CARAPELLE
71030;CARLANTINO
71010;CARPINO
71033;CASALNUOVO MONTEROTARO
71030;CASALVECCHIO DI PUGLIA
71025;CASTELLUCCIO DEI SAURI
71020;CASTELLUCCIO VALMAGGIORE
71034;CASTELNUOVO DELLA DAUNIA
71035;CELENZA VALFORTORE
71020;CELLE DI SAN VITO
71042;CERIGNOLA
71010;CHIEUTI
71026;DELICETO
71020;FAETO
71121,71122;FOGGIA
71010;ISCHITELLA
71051;ISOLE TREMITI
71010;LESINA
71036;LUCERA
71043;MANFREDONIA
71030;MATTINATA
71020;MONTELEONE DI PUGLIA
71037;MONTE SANT'ANGELO
71030;MOTTA MONTECORVINO
71027;ORSARA DI PUGLIA
71045;ORTA NOVA
71020;PANNI
71010;PESCHICI
71038;PIETRAMONTECORVINO
71010;POGGIO IMPERIALE
71010;RIGNANO GARGANICO
71020;ROCCHETTA SANT'ANTONIO
71012;RODI GARGANICO
71039;ROSETO VALFORTORE
71013;SAN GIOVANNI ROTONDO
71014;SAN MARCO IN LAMIS
71030;SAN MARCO LA CATOLA
71015;SAN NICANDRO GARGANICO
71010;SAN PAOLO DI CIVITATE
71016;SAN SEVERO
71028;SANT'AGATA DI PUGLIA
71010;SERRACAPRIOLA
71047;STORNARA
71048;STORNARELLA
71017;TORREMAGGIORE
71029;TROIA
71018;VICO DEL GARGANO
71019;VIESTE
71030;VOLTURARA APPULA
71030;VOLTURINO
71040;ORDONA
71030;ZAPPONETA
70021;ACQUAVIVA DELLE FONTI
70010;ADELFIA
70011;ALBEROBELLO
70022;ALTAMURA
70121,70122,70123,70124,70125,70126,70127,70128,70129,70131,70132;BARI
70020;BINETTO
70020;BITETTO
70032;BITONTO
70020;BITRITTO
70010;CAPURSO
70010;CASAMASSIMA
70020;CASSANO DELLE MURGE
70013;CASTELLANA GROTTE
70010;CELLAMARE
70014;CONVERSANO
70033;CORATO
70023;GIOIA DEL COLLE
70054;GIOVINAZZO
70024;GRAVINA IN PUGLIA
70025;GRUMO APPULA
70010;LOCOROTONDO
70026;MODUGNO
70042;MOLA DI BARI
70056;MOLFETTA
70043;MONOPOLI
70015;NOCI
70016;NOICATTARO
70027;PALO DEL COLLE
70020;POGGIORSINI
70044;POLIGNANO A MARE
70017;PUTIGNANO
70018;RUTIGLIANO
70037;RUVO DI PUGLIA
70010;SAMMICHELE DI BARI
70028;SANNICANDRO DI BARI
70029;SANTERAMO IN COLLE
70038;TERLIZZI
70020;TORITTO
70019;TRIGGIANO
70010;TURI
70010;VALENZANO
74020;AVETRANA
74021;CAROSINO
74011;CASTELLANETA
74012;CRISPIANO
74020;FAGGIANO
74022;FRAGAGNANO
74013;GINOSA
74023;GROTTAGLIE
74014;LATERZA
74020;LEPORANO
74020;LIZZANO
74024;MANDURIA
74015;MARTINA FRANCA
74020;MARUGGIO
74016;MASSAFRA
74020;MONTEIASI
74020;MONTEMESOLA
74020;MONTEPARANO
74017;MOTTOLA
74018;PALAGIANELLO
74019;PALAGIANO
74026;PULSANO
74020;ROCCAFORZATA
74027;SAN GIORGIO IONICO
74020;SAN MARZANO DI SAN GIUSEPPE
74028;SAVA
74121,74122,74123;TARANTO
74020;TORRICELLA
74010;STATTE
72100;BRINDISI
72012;CAROVIGNO
72013;CEGLIE MESSAPICA
72020;CELLINO SAN MARCO
72014;CISTERNINO
72020;ERCHIE
72015;FASANO
72021;FRANCAVILLA FONTANA
72022;LATIANO
72023;MESAGNE
72024;ORIA
72017;OSTUNI
72025;SAN DONACI
72018;SAN MICHELE SALENTINO
72026;SAN PANCRAZIO SALENTINO
72027;SAN PIETRO VERNOTICO
72019;SAN VITO DEI NORMANNI
72020;TORCHIAROLO
72028;TORRE SANTA SUSANNA
72029;VILLA CASTELLI
73031;ALESSANO
73011;ALEZIO
73040;ALLISTE
73032;ANDRANO
73040;ARADEO
73010;ARNESANO
73020;BAGNOLO DEL SALENTO
73020;BOTRUGNO
73021;CALIMERA
73012;CAMPI SALENTINA
73020;CANNOLE
73010;CAPRARICA DI LECCE
73041;CARMIANO
73020;CARPIGNANO SALENTINO
73042;CASARANO
73020;CASTRI DI LECCE
73020;CASTRIGNANO DE' GRECI
73040;CASTRIGNANO DEL CAPO
73020;CAVALLINO
73040;COLLEPASSO
73043;COPERTINO
73022;CORIGLIANO D'OTRANTO
73033;CORSANO
73020;CURSI
73020;CUTROFIANO
73030;DISO
73034;GAGLIANO DEL CAPO
73013;GALATINA
73044;GALATONE
73014;GALLIPOLI
73030;GIUGGIANELLO
73020;GIURDIGNANO
73010;GUAGNANO
73100;LECCE
73010;LEQUILE
73045;LEVERANO
73023;LIZZANELLO
73024;MAGLIE
73025;MARTANO
73020;MARTIGNANO
73046;MATINO
73026;MELENDUGNO
73040;MELISSANO
73020;MELPIGNANO
73035;MIGGIANO
73027;MINERVINO DI LECCE
73047;MONTERONI DI LECCE
73030;MONTESANO SALENTINO
73040;MORCIANO DI LEUCA
73036;MURO LECCESE
73048;NARDÒ
73040;NEVIANO
73020;NOCIGLIA
73051;NOVOLI
73030;ORTELLE
73028;OTRANTO
73020;PALMARIGGI
73052;PARABITA
73053;PATÙ
73037;POGGIARDO
73055;RACALE
73049;RUFFANO
73015;SALICE SALENTINO
73050;SALVE
73030;SANARICA
73016;SAN CESARIO DI LECCE
73010;SAN DONATO DI LECCE
73017;SANNICOLA
73010;SAN PIETRO IN LAMA
73020;SANTA CESAREA TERME
73020;SCORRANO
73050;SECLÌ
73010;SOGLIANO CAVOUR
73010;SOLETO
73040;SPECCHIA
73038;SPONGANO
73018;SQUINZANO
73010;STERNATIA
73040;SUPERSANO
73030;SURANO
73010;SURBO
73056;TAURISANO
73057;TAVIANO
73030;TIGGIANO
73019;TREPUZZI
73039;TRICASE
73058;TUGLIE
73059;UGENTO
73020;UGGIANO LA CHIESA
73010;VEGLIE
73029;VERNOLE
73010;ZOLLINO
73020;SAN CASSIANO
73030;CASTRO
73010;PORTO CESAREO
73054;PRESICCE-ACQUARICA
85010;ABRIOLA
85011;ACERENZA
85010;ALBANO DI LUCANIA
85010;ANZI
85010;ARMENTO
85020;ATELLA
85021;AVIGLIANO
85050;BALVANO
85010;BANZI
85050;BARAGIANO
85022;BARILE
85051;BELLA
85050;BRIENZA
85010;BRINDISI MONTAGNA
85010;CALVELLO
85030;CALVERA
85010;CAMPOMAGGIORE
85010;CANCELLARA
85030;CARBONE
85030;SAN PAOLO ALBANESE
85050;CASTELGRANDE
85040;CASTELLUCCIO INFERIORE
85040;CASTELLUCCIO SUPERIORE
85010;CASTELMEZZANO
85031;CASTELSARACENO
85030;CASTRONUOVO DI SANT'ANDREA
85030;CERSOSIMO
85032;CHIAROMONTE
85012;CORLETO PERTICARA
85033;EPISCOPIA
85034;FARDELLA
85020;FILIANO
85023;FORENZA
85034;FRANCAVILLA IN SINNI
85010;GALLICCHIO
85013;GENZANO DI LUCANIA
85050;GRUMENTO NOVA
85010;GUARDIA PERTICARA
85042;LAGONEGRO
85043;LATRONICO
85014;LAURENZANA
85044;LAURIA
85024;LAVELLO
85046;MARATEA
85052;MARSICO NUOVO
85050;MARSICOVETERE
85020;MASCHITO
85025;MELFI
85010;MISSANELLO
85047;MOLITERNO
85020;MONTEMILONE
85053;MONTEMURRO
85054;MURO LUCANO
85040;NEMOLI
85035;NOEPOLI
85015;OPPIDO LUCANO
85026;PALAZZO SAN GERVASIO
85020;PESCOPAGANO
85055;PICERNO
85016;PIETRAGALLA
85010;PIETRAPERTOSA
85010;PIGNOLA
85100;POTENZA
85027;RAPOLLA
85020;RAPONE
85028;RIONERO IN VULTURE
85020;RIPACANDIDA
85040;RIVELLO
85036;ROCCANOVA
85048;ROTONDA
85056;RUOTI
85020;RUVO DEL MONTE
85010;SAN CHIRICO NUOVO
85030;SAN CHIRICO RAPARO
85030;SAN COSTANTINO ALBANESE
85020;SAN FELE
85030;SAN MARTINO D'AGRI
85030;SAN SEVERINO LUCANO
85050;SANT'ANGELO LE FRATTE
85037;SANT'ARCANGELO
85050;SARCONI
85050;SASSO DI CASTALDA
85050;SATRIANO DI LUCANIA
85050;SAVOIA DI LUCANIA
85038;SENISE
85039;SPINOSO
85032;TEANA
85030;TERRANOVA DI POLLINO
85050;TITO
85017;TOLVE
85057;TRAMUTOLA
85049;TRECCHINA
85018;TRIVIGNO
85010;VAGLIO BASILICATA
85029;VENOSA
85058;VIETRI DI POTENZA
85040;VIGGIANELLO
85059;VIGGIANO
85020;GINESTRA
85050;PATERNO
75011;ACCETTURA
75010;ALIANO
75012;BERNALDA
75010;CALCIANO
75010;CIRIGLIANO
75021;COLOBRARO
75010;CRACO
75013;FERRANDINA
75010;GARAGUSO
75010;GORGOGLIONE
75014;GRASSANO
75010;GROTTOLE
75022;IRSINA
75100;MATERA
75010;MIGLIONICO
75023;MONTALBANO JONICO
75024;MONTESCAGLIOSO
75020;NOVA SIRI
75010;OLIVETO LUCANO
75015;PISTICCI
75025;POLICORO
75016;POMARICO
75026;ROTONDELLA
75017;SALANDRA
75027;SAN GIORGIO LUCANO
75010;SAN MAURO FORTE
75018;STIGLIANO
75019;TRICARICO
75028;TURSI
75029;VALSINNI
75020;SCANZANO JONICO
87010;ACQUAFORMOSA
87020;ACQUAPPESA
87041;ACRI
87031;AIELLO CALABRO
87020;AIETA
87070;ALBIDONA
87070;ALESSANDRIA DEL CARRETTO
87040;ALTILIA
87042;ALTOMONTE
87032;AMANTEA
87071;AMENDOLARA
87051;APRIGLIANO
87033;BELMONTE CALABRO
87030;BELSITO
87021;BELVEDERE MARITTIMO
87050;BIANCHI
87043;BISIGNANO
87060;BOCCHIGLIERO
87020;BONIFATI
87020;BUONVICINO
87060;CALOPEZZATI
87060;CALOVETO
87061;CAMPANA
87070;CANNA
87062;CARIATI
87030;CAROLEI
87050;CARPANZANO
87011;CASSANO ALL'IONIO
87040;CASTIGLIONE COSENTINO
87040;CASTROLIBERO
87070;CASTROREGIO
87012;CASTROVILLARI
87053;CELICO
87050;CELLARA
87070;CERCHIARA DI CALABRIA
87044;CERISANO
87010;CERVICATI
87040;CERZETO
87022;CETRARO
87010;CIVITA
87030;CLETO
87050;COLOSIMI
87100;COSENZA
87060;CROPALATI
87060;CROSIA
87023;DIAMANTE
87045;DIPIGNANO
87030;DOMANICO
87013;FAGNANO CASTELLO
87030;FALCONARA ALBANESE
87050;FIGLINE VEGLIATURO
87010;FIRMO
87030;FIUMEFREDDO BRUZIO
87072;FRANCAVILLA MARITTIMA
87010;FRASCINETO
87024;FUSCALDO
87034;GRIMALDI
87020;GRISOLIA
87020;GUARDIA PIEMONTESE
87035;LAGO
87014;LAINO BORGO
87015;LAINO CASTELLO
87050;LAPPANO
87010;LATTARICO
87030;LONGOBARDI
87066;LONGOBUCCO
87010;LUNGRO
87040;LUZZI
87020;MAIERÀ
87030;MALITO
87010;MALVITO
87060;MANDATORICCIO
87050;MANGONE
87040;MARANO MARCHESATO
87040;MARANO PRINCIPATO
87050;MARZI
87040;MENDICINO
87040;MONGRASSANO
87046;MONTALTO UFFUGO
87070;MONTEGIORDANO
87016;MORANO CALABRO
87026;MORMANNO
87010;MOTTAFOLLONE
87070;NOCARA
87073;ORIOLO
87020;ORSOMARSO
87060;PALUDI
87050;PANETTIERI
87027;PAOLA
87020;PAPASIDERO
87040;PARENTI
87040;PATERNO CALABRO
87050;PEDIVIGLIANO
87050;PIANE CRATI
87050;PIETRAFITTA
87060;PIETRAPAOLA
87070;PLATACI
87028;PRAIA A MARE
87036;RENDE
87074;ROCCA IMPERIALE
87017;ROGGIANO GRAVINA
87054;ROGLIANO
87040;ROSE
87070;ROSETO CAPO SPULICO
87010;ROTA GRECA
87050;ROVITO
87010;SAN BASILE
87040;SAN BENEDETTO ULLANO
87060;SAN COSMO ALBANESE
87069;SAN DEMETRIO CORONE
87010;SAN DONATO DI NINEA
87037;SAN FILI
87020;SANGINETO
87060;SAN GIORGIO ALBANESE
87055;SAN GIOVANNI IN FIORE
87070;SAN LORENZO BELLIZZI
87040;SAN LORENZO DEL VALLO
87038;SAN LUCIDO
87018;SAN MARCO ARGENTANO
87010;SAN MARTINO DI FINITA
87020;SAN NICOLA ARCELLA
87030;SAN PIETRO IN AMANTEA
87047;SAN PIETRO IN GUARANO
87010;SAN SOSTI
87010;SANTA CATERINA ALBANESE
87020;SANTA DOMENICA TALAO
87010;SANT'AGATA DI ESARO
87020;SANTA MARIA DEL CEDRO
87048;SANTA SOFIA D'EPIRO
87056;SANTO STEFANO DI ROGLIANO
87030;SAN VINCENZO LA COSTA
87010;SARACENA
87060;SCALA COELI
87029;SCALEA
87057;SCIGLIANO
87030;SERRA D'AIELLO
87019;SPEZZANO ALBANESE
87058;SPEZZANO DELLA SILA
87040;TARSIA
87010;TERRANOVA DA SIBARI
87060;TERRAVECCHIA
87010;TORANO CASTELLO
87020;TORTORA
87075;TREBISACCE
87060;VACCARIZZO ALBANESE
87020;VERBICARO
87076;VILLAPIANA
87040;ZUMPANO
87059;CASALI DEL MANCO
87064;CORIGLIANO-ROSSANO
88055;ALBI
88050;AMARONI
88040;AMATO
88050;ANDALI
88060;ARGUSTO
88060;BADOLATO
88050;BELCASTRO
88021;BORGIA
88070;BOTRICELLO
88050;CARAFFA DI CATANZARO
88062;CARDINALE
88040;CARLOPOLI
88100;CATANZARO
88067;CENADI
88067;CENTRACHE
88050;CERVA
88064;CHIARAVALLE CENTRALE
88040;CICALA
88040;CONFLENTI
88020;CORTALE
88051;CROPANI
88022;CURINGA
88060;DAVOLI
88041;DECOLLATURA
88042;FALERNA
88040;FEROLETO ANTICO
88050;FOSSATO SERRALTA
88060;GAGLIATO
88060;GASPERINA
88045;GIMIGLIANO
88024;GIRIFALCO
88040;GIZZERIA
88065;GUARDAVALLE
88060;ISCA SULLO IONIO
88020;JACURSO
88050;MAGISANO
88025;MAIDA
88050;MARCEDUSA
88044;MARCELLINARA
88040;MARTIRANO
88040;MARTIRANO LOMBARDO
88040;MIGLIERINA
88060;MONTAURO
88060;MONTEPAONE
88040;MOTTA SANTA LUCIA
88047;NOCERA TERINESE
88067;OLIVADI
88050;PALERMITI
88050;PENTONE
88060;PETRIZZI
88050;PETRONÀ
88040;PIANOPOLI
88040;PLATANIA
88021;SAN FLORO
88040;SAN MANGO D'AQUINO
88025;SAN PIETRO A MAIDA
88040;SAN PIETRO APOSTOLO
88060;SAN SOSTENE
88060;SANTA CATERINA DELLO IONIO
88060;SANT'ANDREA APOSTOLO DELLO IONIO
88067;SAN VITO SULLO IONIO
88060;SATRIANO
88050;SELLIA
88050;SELLIA MARINA
88040;SERRASTRETTA
88054;SERSALE
88040;SETTINGIANO
88050;SIMERI CRICHI
88050;SORBO SAN BASILE
88068;SOVERATO
88049;SOVERIA MANNELLI
88050;SOVERIA SIMERI
88069;SQUILLACE
88071;STALETTÌ
88055;TAVERNA
88056;TIRIOLO
88060;TORRE DI RUGGIERO
88050;VALLEFIORITA
88050;ZAGARISE
88046;LAMEZIA TERME
89030;AFRICO
89040;AGNANA CALABRA
89020;ANOIA
89040;ANTONIMINA
89031;ARDORE
89060;BAGALADI
89011;BAGNARA CALABRA
89030;BENESTARE
89032;BIANCO
89040;BIVONGI
89033;BOVA
89034;BOVALINO
89035;BOVA MARINA
89036;BRANCALEONE
89030;BRUZZANO ZEFFIRIO
89050;CALANNA
89040;CAMINI
89052;CAMPO CALABRO
89020;CANDIDONI
89040;CANOLO
89030;CARAFFA DEL BIANCO
89060;CARDETO
89030;CARERI
89030;CASIGNANA
89041;CAULONIA
89040;CIMINÀ
89021;CINQUEFRONDI
89022;CITTANOVA
89030;CONDOFURI
89050;COSOLETO
89012;DELIANUOVA
89050;FEROLETO DELLA CHIESA
89030;FERRUZZANO
89050;FIUMARA
89054;GALATRO
89040;GERACE
89020;GIFFONE
89013;GIOIA TAURO
89042;GIOIOSA IONICA
89043;GROTTERIA
89050;LAGANADI
89023;LAUREANA DI BORRELLO
89044;LOCRI
89045;MAMMOLA
89046;MARINA DI GIOIOSA IONICA
89020;MAROPATI
89040;MARTONE
89020;MELICUCCÀ
89020;MELICUCCO
89063;MELITO DI PORTO SALVO
89010;MOLOCHIO
89040;MONASTERACE
89064;MONTEBELLO JONICO
89065;MOTTA SAN GIOVANNI
89014;OPPIDO MAMERTINA
89038;PALIZZI
89015;PALMI
89040;PAZZANO
89040;PLACANICA
89039;PLATÌ
89024;POLISTENA
89040;PORTIGLIOLA
89121,89122,89123,89124,89125,89126,89127,89128,89129,89131,89132,89133,89134,89135;REGGIO DI CALABRIA
89040;RIACE
89016;RIZZICONI
89060;ROCCAFORTE DEL GRECO
89047;ROCCELLA IONICA
89060;ROGHUDI
89025;ROSARNO
89030;SAMO
89017;SAN GIORGIO MORGETO
89040;SAN GIOVANNI DI GERACE
89069;SAN LORENZO
89030;SAN LUCA
89020;SAN PIETRO DI CARIDÀ
89020;SAN PROCOPIO
89050;SAN ROBERTO
89056;SANTA CRISTINA D'ASPROMONTE
89030;SANT'AGATA DEL BIANCO
89050;SANT'ALESSIO IN ASPROMONTE
89027;SANT'EUFEMIA D'ASPROMONTE
89040;SANT'ILARIO DELLO IONIO
89057;SANTO STEFANO IN ASPROMONTE
89010;SCIDO
89058;SCILLA
89028;SEMINARA
89020;SERRATA
89048;SIDERNO
89020;SINOPOLI
89030;STAITI
89040;STIGNANO
89049;STILO
89029;TAURIANOVA
89010;TERRANOVA SAPPO MINULIO
89010;VARAPODIO
89018;VILLA SAN GIOVANNI
89026;SAN FERDINANDO
91011;ALCAMO
91012;BUSETO PALIZZOLO
91013;CALATAFIMI-SEGESTA
91021;CAMPOBELLO DI MAZARA
91014;CASTELLAMMARE DEL GOLFO
91022;CASTELVETRANO
91015;CUSTONACI
91016;ERICE
91023;FAVIGNANA
91024;GIBELLINA
91025;MARSALA
91026;MAZARA DEL VALLO
91027;PACECO
91017;PANTELLERIA
91028;PARTANNA
91020;POGGIOREALE
91020;SALAPARUTA
91018;SALEMI
91029;SANTA NINFA
91030;SAN VITO LO CAPO
91100;TRAPANI
91019;VALDERICE
91010;VITA
91032;PETROSINO
91031;MISILISCEMI
90021;ALIA
90020;ALIMENA
90020;ALIMINUSA
90010;ALTAVILLA MILICIA
90072;ALTOFONTE
90011;BAGHERIA
90041;BALESTRATE
90061;BAUCINA
90031;BELMONTE MEZZAGNO
90032;BISACQUINO
90030;BOLOGNETTA
90020;BOMPIETRO
90042;BORGETTO
90012;CACCAMO
90022;CALTAVUTURO
90030;CAMPOFELICE DI FITALIA
90010;CAMPOFELICE DI ROCCELLA
90030;CAMPOFIORITO
90043;CAMPOREALE
90040;CAPACI
90044;CARINI
90013;CASTELBUONO
90014;CASTELDACCIA
90020;CASTELLANA SICULA
90030;CASTRONOVO DI SICILIA
90030;CEFALÀ DIANA
90015;CEFALÙ
90052;CERDA
90033;CHIUSA SCLAFANI
90023;CIMINNA
90045;CINISI
90016;COLLESANO
90030;CONTESSA ENTELLINA
90034;CORLEONE
90010;FICARAZZI
90024;GANGI
90054;GERACI SICULO
90084;GIARDINELLO
90030;GIULIANA
90030;GODRANO
90010;GRATTERI
90010;ISNELLO
90040;ISOLA DELLE FEMMINE
90010;LASCARI
90025;LERCARA FRIDDI
90035;MARINEO
90030;MEZZOJUSO
90036;MISILMERI
90046;MONREALE
90086;MONTELEPRE
90020;MONTEMAGGIORE BELSITO
90030;PALAZZO ADRIANO
90121,90123,90124,90125,90126,90127,90128,90129,90131,90133,90134,90135,90136,90138,90139,90141,90142,90143,90144,90145,90146,90147,90149,90151;PALERMO
90047;PARTINICO
90026;PETRALIA SOPRANA
90027;PETRALIA SOTTANA
90037;PIANA DEGLI ALBANESI
90028;POLIZZI GENEROSA
90010;POLLINA
90038;PRIZZI
90040;ROCCAMENA
90066;ROCCAPALUMBA
90088;SAN CIPIRELLO
90048;SAN GIUSEPPE JATO
90010;SAN MAURO CASTELVERDE
90082;SANTA CRISTINA GELA
90017;SANTA FLAVIA
90020;SCIARA
90020;SCLAFANI BAGNI
90018;TERMINI IMERESE
90049;TERRASINI
90040;TORRETTA
90019;TRABIA
90090;TRAPPETO
90051;USTICA
90029;VALLEDOLMO
90070;VENTIMIGLIA DI SICILIA
90071;VICARI
90039;VILLABATE
90030;VILLAFRATI
90020;SCILLATO
90020;BLUFI
98070;ALCARA LI FUSI
98020;ALÌ
98021;ALÌ TERME
98030;ANTILLO
98051;BARCELLONA POZZO DI GOTTO
98060;BASICÒ
98061;BROLO
98031;CAPIZZI
98071;CAPO D'ORLANDO
98070;CAPRI LEONE
98072;CARONIA
98032;CASALVECCHIO SICULO
98070;CASTEL DI LUCIO
98070;CASTELL'UMBERTO
98030;CASTELMOLA
98053;CASTROREALE
98033;CESARÒ
98040;CONDRÒ
98060;FALCONE
98062;FICARRA
98022;FIUMEDINISI
98030;FLORESTA
98050;FONDACHELLI-FANTINA
98030;FORZA D'AGRÒ
98034;FRANCAVILLA DI SICILIA
98070;FRAZZANÒ
98023;FURCI SICULO
98054;FURNARI
98030;GAGGI
98070;GALATI MAMERTINO
98030;GALLODORO
98035;GIARDINI-NAXOS
98063;GIOIOSA MAREA
98036;GRANITI
98040;GUALTIERI SICAMINÒ
98025;ITALA
98050;LENI
98037;LETOJANNI
98064;LIBRIZZI
98030;LIMINA
98055;LIPARI
98070;LONGI
98050;MALFA
98030;MALVAGNA
98020;MANDANICI
98056;MAZZARRÀ SANT'ANDREA
98040;MERÌ
98121,98122,98123,98124,98125,98126,98127,98128,98129,98131,98132,98133,98134,98135,98136,98137,98138,98139,98141,98142,98143,98144,98145,98146,98147,98148,98149,98151,98152,98153,98154,98155,98156,98157,98158,98161,98162,98163,98164,98165,98166,98167,98168;MESSINA
98057;MILAZZO
98070;MILITELLO ROSMARINO
98070;MIRTO
98073;MISTRETTA
98030;MOIO ALCANTARA
98041;MONFORTE SAN GIORGIO
98030;MONGIUFFI MELIA
98060;MONTAGNAREALE
98065;MONTALBANO ELICONA
98030;MOTTA CAMASTRA
98070;MOTTA D'AFFERMO
98074;NASO
98026;NIZZA DI SICILIA
98058;NOVARA DI SICILIA
98060;OLIVERI
98042;PACE DEL MELA
98020;PAGLIARA
98066;PATTI
98070;PETTINEO
98060;PIRAINO
98067;RACCUJA
98070;REITANO
98030;ROCCAFIORITA
98027;ROCCALUMERA
98040;ROCCAVALDINA
98030;ROCCELLA VALDEMONE
98059;RODÌ MILICI
98043;ROMETTA
98044;SAN FILIPPO DEL MELA
98075;SAN FRATELLO
98070;SAN MARCO D'ALUNZIO
98045;SAN PIER NICETO
98068;SAN PIERO PATTI
98070;SAN SALVATORE DI FITALIA
98030;SANTA DOMENICA VITTORIA
98076;SANT'AGATA DI MILITELLO
98030;SANT'ALESSIO SICULO
98046;SANTA LUCIA DEL MELA
98050;SANTA MARINA SALINA
98060;SANT'ANGELO DI BROLO
98028;SANTA TERESA DI RIVA
98030;SAN TEODORO
98077;SANTO STEFANO DI CAMASTRA
98047;SAPONARA
98038;SAVOCA
98029;SCALETTA ZANCLEA
98069;SINAGRA
98048;SPADAFORA
98039;TAORMINA
98040;TORREGROTTA
98078;TORTORICI
98060;TRIPI
98079;TUSA
98060;UCRIA
98040;VALDINA
98040;VENETICO
98049;VILLAFRANCA TIRRENA
98050;TERME VIGLIATORE
98070;ACQUEDOLCI
98070;TORRENOVA
92100;AGRIGENTO
92010;ALESSANDRIA DELLA ROCCA
92021;ARAGONA
92010;BIVONA
92010;BURGIO
92010;CALAMONACI
92010;CALTABELLOTTA
92020;CAMASTRA
92022;CAMMARATA
92023;CAMPOBELLO DI LICATA
92024;CANICATTÌ
92025;CASTELTERMINI
92020;CASTROFILIPPO
92011;CATTOLICA ERACLEA
92012;CIANCIANA
92020;COMITINI
92026;FAVARA
92020;GROTTE
92035;JOPPOLO GIANCAXIO
92031;LAMPEDUSA E LINOSA
92027;LICATA
92010;LUCCA SICULA
92013;MENFI
92010;MONTALLEGRO
92038;MONTEVAGO
92028;NARO
92044;PALMA DI MONTECHIARO
92014;PORTO EMPEDOCLE
92020;RACALMUTO
92015;RAFFADALI
92029;RAVANUSA
92010;REALMONTE
92016;RIBERA
92017;SAMBUCA DI SICILIA
92020;SAN BIAGIO PLATANI
92020;SAN GIOVANNI GEMINI
92020;SANTA ELISABETTA
92018;SANTA MARGHERITA DI BELICE
92020;SANT'ANGELO MUXARO
92020;SANTO STEFANO QUISQUINA
92019;SCIACCA
92010;SICULIANA
92020;VILLAFRANCA SICULA
93010;ACQUAVIVA PLATANI
93010;BOMPENSIERE
93011;BUTERA
93100;CALTANISSETTA
93010;CAMPOFRANCO
93010;DELIA
93012;GELA
93010;MARIANOPOLI
93013;MAZZARINO
93010;MILENA
93010;MONTEDORO
93014;MUSSOMELI
93015;NISCEMI
93010;RESUTTANO
93016;RIESI
93017;SAN CATALDO
93018;SANTA CATERINA VILLARMOSA
93010;SERRADIFALCO
93019;SOMMATINO
93010;SUTERA
93010;VALLELUNGA PRATAMENO
93010;VILLALBA
94011;AGIRA
94020;AIDONE
94010;ASSORO
94012;BARRAFRANCA
94021;CALASCIBETTA
94010;CATENANUOVA
94010;CENTURIPE
94010;CERAMI
94100;ENNA
94010;GAGLIANO CASTELFERRATO
94013;LEONFORTE
94014;NICOSIA
94010;NISSORIA
94015;PIAZZA ARMERINA
94016;PIETRAPERZIA
94017;REGALBUTO
94010;SPERLINGA
94018;TROINA
94019;VALGUARNERA CAROPEPE
94028;VILLAROSA
95020;ACI BONACCORSI
95021;ACI CASTELLO
95022;ACI CATENA
95024;ACIREALE
95025;ACI SANT'ANTONIO
95031;ADRANO
95032;BELPASSO
95033;BIANCAVILLA
95034;BRONTE
95011;CALATABIANO
95041;CALTAGIRONE
95058;CAMPOROTONDO ETNEO
95040;CASTEL DI IUDICA
95012;CASTIGLIONE DI SICILIA
95121,95122,95123,95124,95125,95126,95127,95128,95129,95131;CATANIA
95013;FIUMEFREDDO DI SICILIA
95014;GIARRE
95042;GRAMMICHELE
95030;GRAVINA DI CATANIA
95059;LICODIA EUBEA
95015;LINGUAGLOSSA
95035;MALETTO
95016;MASCALI
95030;MASCALUCIA
95043;MILITELLO IN VAL DI CATANIA
95010;MILO
95044;MINEO
95040;MIRABELLA IMBACCARI
95045;MISTERBIANCO
95062;MOTTA SANT'ANASTASIA
95052;NICOLOSI
95046;PALAGONIA
95047;PATERNÒ
95053;PEDARA
95017;PIEDIMONTE ETNEO
95040;RADDUSA
95040;RAMACCA
95036;RANDAZZO
95018;RIPOSTO
95040;SAN CONO
95037;SAN GIOVANNI LA PUNTA
95027;SAN GREGORIO DI CATANIA
95040;SAN MICHELE DI GANZARIA
95055;SAN PIETRO CLARENZA
95056;SANT'AGATA LI BATTIATI
95010;SANT'ALFIO
95038;SANTA MARIA DI LICODIA
95010;SANTA VENERINA
95048;SCORDIA
95039;TRECASTAGNI
95030;TREMESTIERI ETNEO
95028;VALVERDE
95029;VIAGRANDE
95049;VIZZINI
95019;ZAFFERANA ETNEA
95040;MAZZARRONE
95050;MANIACE
95054;RAGALNA
97011;ACATE
97012;CHIARAMONTE GULFI
97013;COMISO
97010;GIARRATANA
97014;ISPICA
97015;MODICA
97010;MONTEROSSO ALMO
97016;POZZALLO
97100;RAGUSA
97017;SANTA CROCE CAMERINA
97018;SCICLI
97019;VITTORIA
96011;AUGUSTA
96012;AVOLA
96010;BUCCHERI
96010;BUSCEMI
96010;CANICATTINI BAGNI
96013;CARLENTINI
96010;CASSARO
96010;FERLA
96014;FLORIDIA
96015;FRANCOFONTE
96016;LENTINI
96010;MELILLI
96017;NOTO
96018;PACHINO
96010;PALAZZOLO ACREIDE
96019;ROSOLINI
96100;SIRACUSA
96010;SOLARINO
96010;SORTINO
96026;PORTOPALO DI CAPO PASSERO
96010;PRIOLO GARGALLO
07020;AGGIUS
07020;ALÀ DEI SARDI
07041;ALGHERO
07010;ANELA
07010;ARDARA
07021;ARZACHENA
07040;BANARI
07010;BENETUTTI
07022;BERCHIDDA
07040;BESSUDE
07043;BONNANARO
07011;BONO
07012;BONORVA
07030;BORTIGIADAS
07040;BORUTTA
07010;BOTTIDDA
07020;BUDDUSÒ
07010;BULTEI
07030;BULZI
07010;BURGOS
07023;CALANGIANUS
07030;CARGEGHE
07031;CASTELSARDO
07040;CHEREMULE
07030;CHIARAMONTI
07040;CODRONGIANOS
07010;COSSOINE
07010;ESPORLATU
07030;FLORINAS
07010;GIAVE
07010;ILLORAI
07010;ITTIREDDU
07044;ITTIRI
07030;LAERRU
07024;LA MADDALENA
07020;LUOGOSANTO
07025;LURAS
07010;MARA
07030;MARTIS
07010;MONTELEONE ROCCA DORIA
07020;MONTI
07013;MORES
07030;MUROS
07010;NUGHEDU SAN NICOLÒ
07010;NULE
07032;NULVI
07026;OLBIA
07040;OLMEDO
07027;OSCHIRI
07033;OSILO
07045;OSSI
07014;OZIERI
07015;PADRIA
07020;PALAU
07016;PATTADA
07034;PERFUGAS
07017;PLOAGHE
07046;PORTO TORRES
07018;POZZOMAGGIORE
07040;PUTIFIGARI
07010;ROMANA
07020;AGLIENTU
07028;SANTA TERESA GALLURA
07100;SASSARI
07035;SEDINI
07010;SEMESTENE
07036;SENNORI
07040;SILIGO
07037;SORSO
07029;TEMPIO PAUSANIA
07047;THIESI
07040;TISSI
07048;TORRALBA
07038;TRINITÀ D'AGULTU E VIGNOLA
07010;TULA
07040;URI
07049;USINI
07019;VILLANOVA MONTELEONE
07039;VALLEDORIA
07020;TELTI
07030;BADESI
07030;VIDDALBA
07020;GOLFO ARANCI
07020;LOIRI PORTO SAN PAOLO
07030;SANT'ANTONIO DI GALLURA
07030;TERGU
07030;SANTA MARIA COGHINAS
07030;ERULA
07040;STINTINO
07020;PADRU
07051;BUDONI
07052;SAN TEODORO
08031;ARITZO
08040;ARZANA
08030;ATZARA
08030;AUSTIS
08042;BARI SARDO
08040;BAUNEI
08030;BELVÌ
08010;BIRORI
08021;BITTI
08011;BOLOTANA
08016;BORORE
08012;BORTIGALI
08032;DESULO
08022;DORGALI
08010;DUALCHI
08040;ELINI
08023;FONNI
08030;GADONI
08040;GAIRO
08020;GALTELLÌ
08020;GAVOI
08040;GIRASOLE
08040;ILBONO
08020;IRGOLI
08044;JERZU
08045;LANUSEI
08010;LEI
08040;LOCERI
08020;LOCULI
08020;LODÈ
08040;LOTZORAI
08020;LULA
08015;MACOMER
08024;MAMOIADA
08030;MEANA SARDO
08010;NORAGUGUME
08100;NUORO
08025;OLIENA
08020;OLLOLAI
08020;OLZAI
08020;ONANÌ
08020;ONIFAI
08020;ONIFERI
08026;ORANI
08027;ORGOSOLO
08028;OROSEI
08020;OROTELLI
08036;ORTUERI
08020;ORUNE
08020;OSIDDA
08040;OSINI
08020;OTTANA
08020;OVODDA
08046;PERDASDEFOGU
08020;POSADA
08020;SARULE
08017;SILANUS
08018;SINDIA
08029;SINISCOLA
08038;SORGONO
08040;TALANA
08047;TERTENIA
08030;TETI
08020;TIANA
08039;TONARA
08020;TORPÈ
08048;TORTOLÌ
08040;TRIEI
08040;ULASSAI
08040;URZULEI
08040;USSASSAI
08049;VILLAGRANDE STRISAILI
08040;CARDEDU
08020;LODINE
09032;ASSEMINI
09121,09122,09123,09124,09125,09126,09127,09128,09129,09131,09134;CAGLIARI
09012;CAPOTERRA
09033;DECIMOMANNU
09069;MARACALAGONIS
09050;PULA
09045;QUARTU SANT'ELENA
09018;SARROCH
09047;SELARGIUS
09028;SESTU
09060;SETTIMO SAN PIETRO
09048;SINNAI
09068;UTA
09050;VILLA SAN PIETRO
09044;QUARTUCCIU
09067;ELMAS
09042;MONSERRATO
33080;ANDREIS
33090;ARBA
33081;AVIANO
33082;AZZANO DECIMO
33080;BARCIS
33070;BRUGNERA
33070;BUDOIA
33070;CANEVA
33072;CASARSA DELLA DELIZIA
33090;CASTELNOVO DEL FRIULI
33092;CAVASSO NUOVO
33083;CHIONS
33080;CIMOLAIS
33080;CLAUT
33090;CLAUZETTO
33084;CORDENONS
33075;CORDOVADO
33080;ERTO E CASSO
33092;FANNA
33080;FIUME VENETO
33074;FONTANAFREDDA
33080;FRISANCO
33085;MANIAGO
33092;MEDUNO
33086;MONTEREALE VALCELLINA
33075;MORSANO AL TAGLIAMENTO
33087;PASIANO DI PORDENONE
33094;PINZANO AL TAGLIAMENTO
33070;POLCENIGO
33080;PORCIA
33170;PORDENONE
33080;PRATA DI PORDENONE
33076;PRAVISDOMINI
33080;ROVEREDO IN PIANO
33077;SACILE
33095;SAN GIORGIO DELLA RICHINVELDA
33098;SAN MARTINO AL TAGLIAMENTO
33080;SAN QUIRINO
33078;SAN VITO AL TAGLIAMENTO
33090;SEQUALS
33079;SESTO AL REGHENA
33097;SPILIMBERGO
33090;TRAMONTI DI SOPRA
33090;TRAMONTI DI SOTTO
33090;TRAVESIO
33090;VITO D'ASIO
33099;VIVARO
33080;ZOPPOLA
33080;VAJONT
33098;VALVASONE ARZENE
86080;ACQUAVIVA D'ISERNIA
86081;AGNONE
86091;BAGNOLI DEL TRIGNO
86080;BELMONTE DEL SANNIO
86092;CANTALUPO NEL SANNIO
86082;CAPRACOTTA
86083;CAROVILLI
86093;CARPINONE
86080;CASTEL DEL GIUDICE
86090;CASTELPETROSO
86090;CASTELPIZZUTO
86071;CASTEL SAN VINCENZO
86080;CASTELVERRINO
86072;CERRO AL VOLTURNO
86097;CHIAUCI
86094;CIVITANOVA DEL SANNIO
86073;COLLI A VOLTURNO
86070;CONCA CASALE
86074;FILIGNANO
86084;FORLÌ DEL SANNIO
86070;FORNELLI
86095;FROSOLONE
86170;ISERNIA
86090;LONGANO
86070;MACCHIA D'ISERNIA
86096;MACCHIAGODENA
86080;MIRANDA
86070;MONTAQUILA
86080;MONTENERO VAL COCCHIARA
86075;MONTERODUNI
86090;PESCHE
86097;PESCOLANCIANO
86080;PESCOPENNATARO
86090;PETTORANELLO DEL MOLISE
86085;PIETRABBONDANTE
86071;PIZZONE
86086;POGGIO SANNITA
86077;POZZILLI
86087;RIONERO SANNITICO
86092;ROCCAMANDOLFI
86080;ROCCASICURA
86070;ROCCHETTA A VOLTURNO
86088;SAN PIETRO AVELLANA
86070;SANT'AGAPITO
86096;SANTA MARIA DEL MOLISE
86080;SANT'ANGELO DEL PESCO
86095;SANT'ELENA SANNITA
86070;SCAPOLI
86097;SESSANO DEL MOLISE
86078;SESTO CAMPANO
86089;VASTOGIRARDI
86079;VENAFRO
09071;ABBASANTA
09070;AIDOMAGGIORE
09090;ALBAGIARA
09091;ALES
09080;ALLAI
09092;ARBOREA
09081;ARDAULI
09080;ASSOLO
09080;ASUNI
09090;BARADILI
09070;BARATILI SAN PIETRO
09090;BARESSA
09070;BAULADU
09080;BIDONÌ
09070;BONARCADO
09080;BORONEDDU
09082;BUSACHI
09072;CABRAS
09073;CUGLIERI
09083;FORDONGIANUS
09074;GHILARZA
09090;GONNOSCODINA
09090;GONNOSNÒ
09093;GONNOSTRAMATZA
09094;MARRUBIU
09090;MASULLAS
09070;MILIS
09080;MOGORELLA
09095;MOGORO
09090;MORGONGIORI
09070;NARBOLIA
09080;NEONELI
09070;NORBELLO
09080;NUGHEDU SANTA VITTORIA
09070;NURACHI
09080;NURECI
09088;OLLASTRA
09170;ORISTANO
09090;PALMAS ARBOREA
09090;PAU
09070;PAULILATINO
09093;POMPU
09070;RIOLA SARDO
09085;RUINAS
09086;SAMUGHEO
09097;SAN NICOLÒ D'ARCIDANO
09096;SANTA GIUSTA
09080;VILLA SANT'ANTONIO
09075;SANTU LUSSURGIU
09070;SAN VERO MILIS
09078;SCANO DI MONTIFERRO
09076;SEDILO
09070;SENEGHE
09080;SENIS
09078;SENNARIOLO
09070;SIAMAGGIORE
09080;SIAMANNA
09090;SIMALA
09088;SIMAXIS
09090;SINI
09090;SIRIS
09077;SOLARUSSA
09080;SORRADILE
09080;TADASUNI
09098;TERRALBA
09070;TRAMATZA
09079;TRESNURAGHES
09080;ULÀ TIRSO
09099;URAS
09090;USELLUS
09084;VILLANOVA TRUSCHEDU
09080;VILLAURBANA
09090;VILLA VERDE
09070;ZEDDIANI
09070;ZERFALIU
09080;SIAPICCIA
09090;CURCURIS
09080;SODDÌ
09089;BOSA
09090;FLUSSIO
09090;LACONI
09090;MAGOMADAS
09090;MODOLO
09090;MONTRESTA
09090;SAGAMA
09090;SUNI
09090;TINNURA
13861;AILOCHE
13811;ANDORNO MICCA
13871;BENNA
13900;BIELLA
13841;BIOGLIO
13872;BORRIANA
13862;BRUSNENGO
13821;CALLABIANA
13821;CAMANDONA
13891;CAMBURZANO
13878;CANDELO
13864;CAPRILE
13866;CASAPINTA
13851;CASTELLETTO CERVO
13881;CAVAGLIÀ
13882;CERRIONE
13863;COGGIOLA
13836;COSSATO
13864;CREVACUORE
13865;CURINO
13893;DONATO
13881;DORZANO
13894;GAGLIANICO
13874;GIFFLENGA
13895;GRAGLIA
13887;MAGNANO
13873;MASSAZZA
13866;MASSERANO
13831;MEZZANA MORTIGLIENGO
13816;MIAGLIANO
13888;MONGRANDO
13874;MOTTALCIATA
13895;MUZZANO
13896;NETRO
13897;OCCHIEPPO INFERIORE
13898;OCCHIEPPO SUPERIORE
13843;PETTINENGO
13844;PIATTO
13812;PIEDICAVALLO
13814;POLLONE
13875;PONDERANO
13833;PORTULA
13899;PRALUNGO
13867;PRAY
13845;RONCO BIELLESE
13883;ROPPOLO
13815;ROSAZZA
13816;SAGLIANO MICCA
13884;SALA BIELLESE
13885;SALUSSOLA
13876;SANDIGLIANO
13817;SORDEVOLO
13868;SOSTEGNO
13823;STRONA
13811;TAVIGLIANO
13844;TERNENGO
13818;TOLLEGNO
13884;TORRAZZO
13855;VALDENGO
13847;VALLANZENGO
13847;VALLE SAN NICOLAO
13824;VEGLIO
13871;VERRONE
13856;VIGLIANO BIELLESE
13868;VILLA DEL BOSCO
13877;VILLANOVA BIELLESE
13886;VIVERONE
13887;ZIMONE
13888;ZUBIENA
13848;ZUMAGLIA
13853;LESSONA
13812;CAMPIGLIA CERVO
13854;QUAREGNA CERRETO
13835;VALDILANA
23821;ABBADIA LARIANA
23881;AIRUNO
23841;ANNONE DI BRIANZA
23811;BALLABIO
23890;BARZAGO
23891;BARZANÒ
23816;BARZIO
23822;BELLANO
23842;BOSISIO PARINI
23883;BRIVIO
23892;BULCIAGO
23885;CALCO
23801;CALOLZIOCORTE
23802;CARENNO
23831;CASARGO
23880;CASATENOVO
23893;CASSAGO BRIANZA
23817;CASSINA VALSASSINA
23884;CASTELLO DI BRIANZA
23870;CERNUSCO LOMBARDONE
23861;CESANA BRIANZA
23862;CIVATE
23823;COLICO
23886;COLLE BRIANZA
23813;CORTENOVA
23845;COSTA MASNAGA
23832;CRANDOLA VALSASSINA
23894;CREMELLA
23814;CREMENO
23824;DERVIO
23843;DOLZAGO
23824;DORIO
23848;ELLO
23805;ERVE
23825;ESINO LARIO
23851;GALBIATE
23846;GARBAGNATE MONASTERO
23852;GARLATE
23898;IMBERSAGO
23815;INTROBIO
23900;LECCO
23827;LIERNA
23871;LOMAGNA
23864;MALGRATE
23826;MANDELLO DEL LARIO
23832;MARGNO
23807;MERATE
23873;MISSAGLIA
23817;MOGGIO
23847;MOLTENO
23804;MONTE MARENZO
23874;MONTEVECCHIA
23876;MONTICELLO BRIANZA
23811;MORTERONE
23895;NIBIONNO
23848;OGGIONO
23887;OLGIATE MOLGORA
23854;OLGINATE
23865;OLIVETO LARIO
23875;OSNAGO
23877;PADERNO D'ADDA
23833;PAGNONA
23837;PARLASCO
23818;PASTURO
23828;PERLEDO
23855;PESCATE
23834;PREMANA
23819;PRIMALUNA
23899;ROBBIATE
23849;ROGENO
23889;SANTA MARIA HOÈ
23844;SIRONE
23896;SIRTORI
23835;SUEGLIO
23867;SUELLO
23837;TACENO
23857;VALGREGHENTINO
23868;VALMADRERA
23829;VARENNA
23808;VERCURAGO
23897;VIGANÒ
23879;VERDERIO
23888;LA VALLETTA BRIANZA
23836;VALVARRONE
26834;ABBADIA CERRETO
26821;BERTONICO
26811;BOFFALORA D'ADDA
26812;BORGHETTO LODIGIANO
26851;BORGO SAN GIOVANNI
26822;BREMBIO
26852;CASALETTO LODIGIANO
26831;CASALMAIOCCO
26841;CASALPUSTERLENGO
26842;CASELLE LANDI
26853;CASELLE LURANI
26843;CASTELNUOVO BOCCA D'ADDA
26823;CASTIGLIONE D'ADDA
26866;CASTIRAGA VIDARDO
26824;CAVENAGO D'ADDA
26832;CERVIGNANO D'ADDA
26845;CODOGNO
26833;COMAZZO
26854;CORNEGLIANO LAUDENSE
26846;CORNO GIOVINE
26842;CORNOVECCHIO
26834;CORTE PALASIO
26835;CRESPIATICA
26861;FOMBIO
26832;GALGAGNANO
26813;GRAFFIGNANA
26862;GUARDAMIGLIO
26814;LIVRAGA
26900;LODI
26855;LODI VECCHIO
26843;MACCASTORNA
26825;MAIRAGO
26847;MALEO
26866;MARUDO
26815;MASSALENGO
26843;MELETI
26833;MERLINO
26836;MONTANASO LOMBARDO
26837;MULAZZANO
26863;ORIO LITTA
26864;OSPEDALETTO LODIGIANO
26816;OSSAGO LODIGIANO
26854;PIEVE FISSIRAGA
26857;SALERANO SUL LAMBRO
26848;SAN FIORANO
26817;SAN MARTINO IN STRADA
26865;SAN ROCCO AL PORTO
26866;SANT'ANGELO LODIGIANO
26849;SANTO STEFANO LODIGIANO
26826;SECUGNAGO
26856;SENNA LODIGIANA
26867;SOMAGLIA
26858;SORDIO
26838;TAVAZZANO CON VILLAVESCO
26827;TERRANOVA DEI PASSERINI
26828;TURANO LODIGIANO
26859;VALERA FRATTA
26818;VILLANOVA DEL SILLARO
26839;ZELO BUON PERSICO
26844;CASTELGERUNDO
47814;BELLARIA-IGEA MARINA
47841;CATTOLICA
47853;CORIANO
47855;GEMMANO
47843;MISANO ADRIATICO
47836;MONDAINO
47834;MONTEFIORE CONCA
47837;MONTEGRIDOLFO
47833;MORCIANO DI ROMAGNA
47838;RICCIONE
47921,47922,47923,47924;RIMINI
47835;SALUDECIO
47832;SAN CLEMENTE
47842;SAN GIOVANNI IN MARIGNANO
47822;SANTARCANGELO DI ROMAGNA
47826;VERUCCHIO
47861;CASTELDELCI
47862;MAIOLO
47863;NOVAFELTRIA
47864;PENNABILLI
47865;SAN LEO
47866;SANT'AGATA FELTRIA
47867;TALAMELLO
47824;POGGIO TORRIANA
47854;MONTESCUDO-MONTE COLOMBO
47868;MONTECOPIOLO
47869;SASSOFELTRIO
59025;CANTAGALLO
59015;CARMIGNANO
59013;MONTEMURLO
59016;POGGIO A CAIANO
59100;PRATO
59021;VAIANO
59024;VERNIO
88824;BELVEDERE DI SPINELLO
88833;CACCURI
88817;CARFIZZI
88822;CASABONA
88834;CASTELSILANO
88833;CERENZIA
88813;CIRÒ
88811;CIRÒ MARINA
88836;COTRONEI
88900;CROTONE
88812;CRUCOLI
88842;CUTRO
88841;ISOLA DI CAPO RIZZUTO
88814;MELISSA
88838;MESORACA
88818;PALLAGORIO
88837;PETILIA POLICASTRO
88835;ROCCABERNARDA
88821;ROCCA DI NETO
88831;SAN MAURO MARCHESATO
88817;SAN NICOLA DELL'ALTO
88832;SANTA SEVERINA
88825;SAVELLI
88831;SCANDALE
88816;STRONGOLI
88823;UMBRIATICO
88819;VERZINO
89832;ACQUARO
89832;ARENA
89817;BRIATICO
89822;BROGNATURO
89818;CAPISTRANO
89816;CESSANITI
89832;DASÀ
89833;DINAMI
89862;DRAPIA
89823;FABRIZIA
89814;FILADELFIA
89841;FILANDARI
89843;FILOGASO
89815;FRANCAVILLA ANGITOLA
89851;FRANCICA
89831;GEROCARNE
89851;JONADI
89863;JOPPOLO
89844;LIMBADI
89843;MAIERATO
89852;MILETO
89823;MONGIANA
89819;MONTEROSSO CALABRO
89824;NARDODIPACE
89844;NICOTERA
89861;PARGHELIA
89812;PIZZO
89834;PIZZONI
89813;POLIA
89866;RICADI
89841;ROMBIOLO
89842;SAN CALOGERO
89851;SAN COSTANTINO CALABRO
89853;SAN GREGORIO D'IPPONA
89821;SAN NICOLA DA CRISSA
89843;SANT'ONOFRIO
89822;SERRA SAN BRUNO
89822;SIMBARIO
89831;SORIANELLO
89831;SORIANO CALABRO
89822;SPADOLA
89864;SPILINGA
89843;STEFANACONI
89861;TROPEA
89821;VALLELONGA
89834;VAZZANO
89900;VIBO VALENTIA
89867;ZACCANOPOLI
89868;ZAMBRONE
89867;ZUNGRI
28841;ANTRONA SCHIERANCO
28877;ANZOLA D'OSSOLA
28811;ARIZZANO
28899;AROLA
28812;AURANO
28861;BACENO
28871;BANNIO ANZINO
28831;BAVENO
28813;BEE
28832;BELGIRATE
28851;BEURA-CARDEZZA
28842;BOGNANCO
28833;BROVELLO-CARPUGNINO
28873;CALASCA-CASTIGLIONE
28814;CAMBIASCA
28821;CANNERO RIVIERA
28822;CANNOBIO
28815;CAPREZZO
28881;CASALE CORTE CERRO
28875;CEPPO MORELLI
28891;CESARA
28801;COSSOGNO
28852;CRAVEGGIA
28865;CREVOLADOSSOLA
28862;CRODO
28845;DOMODOSSOLA
28853;DRUOGNO
28863;FORMAZZA
28887;GERMAGNO
28823;GHIFFA
28836;GIGNESE
28883;GRAVELLONA TOCE
28828;GURRO
28816;INTRAGNA
28893;LOREGLIA
28876;MACUGNAGA
28894;MADONNA DEL SASSO
28854;MALESCO
28855;MASERA
28895;MASSIOLA
28802;MERGOZZO
28817;MIAZZINA
28864;MONTECRESTESE
28843;MONTESCHENO
28891;NONIO
28824;OGGEBBIO
28887;OMEGNA
28877;ORNAVASSO
28884;PALLANZENO
28885;PIEDIMULERA
28886;PIEVE VERGONTE
28818;PREMENO
28866;PREMIA
28803;PREMOSELLO-CHIOVENDA
28898;QUARNA SOPRA
28896;QUARNA SOTTO
28856;RE
28804;SAN BERNARDINO VERBANO
28857;SANTA MARIA MAGGIORE
28838;STRESA
28858;TOCENO
28826;TRAREGO VIGGIONA
28868;TRASQUERA
28859;TRONTANO
28897;VALSTRONA
28879;VANZONE CON SAN CARLO
28868;VARZO
28921,28922,28923,28924,28925;VERBANIA
28819;VIGNONE
28844;VILLADOSSOLA
28856;VILLETTE
28805;VOGOGNA
28846;BORGOMEZZAVALLE
28827;VALLE CANNOBINA
20864;AGRATE BRIANZA
20886;AICURZIO
20847;ALBIATE
20862;ARCORE
20825;BARLASSINA
20882;BELLUSCO
20881;BERNAREGGIO
20842;BESANA IN BRIANZA
20853;BIASSONO
20813;BOVISIO-MASCIAGO
20836;BRIOSCO
20861;BRUGHERIO
20875;BURAGO DI MOLGORA
20857;CAMPARADA
20841;CARATE BRIANZA
20866;CARNATE
20873;CAVENAGO DI BRIANZA
20816;CERIANO LAGHETTO
20811;CESANO MADERNO
20815;COGLIATE
20863;CONCOREZZO
20856;CORREZZANA
20832;DESIO
20833;GIUSSANO
20824;LAZZATE
20855;LESMO
20812;LIMBIATE
20851;LISSONE
20846;MACHERIO
20821;MEDA
20883;MEZZAGO
20826;MISINTO
20900;MONZA
20835;MUGGIÒ
20834;NOVA MILANESE
20876;ORNAGO
20838;RENATE
20885;RONCO BRIANTINO
20831;SEREGNO
20822;SEVESO
20845;SOVICO
20884;SULBIATE
20844;TRIUGGIO
20865;USMATE VELATE
20814;VAREDO
20854;VEDANO AL LAMBRO
20837;VEDUGGIO CON COLZANO
20843;VERANO BRIANZA
20852;VILLASANTA
20871;VIMERCATE
20874;BUSNAGO
20867;CAPONAGO
20872;CORNATE D'ADDA
20823;LENTATE SUL SEVESO
20877;RONCELLO
63824;ALTIDONA
63857;AMANDOLA
63838;BELMONTE PICENO
63828;CAMPOFILONE
63837;FALERONE
63900;FERMO
63816;FRANCAVILLA D'ETE
63844;GROTTAZZOLINA
63823;LAPEDONA
63832;MAGLIANO DI TENNA
63834;MASSA FERMANA
63842;MONSAMPIETRO MORICO
63835;MONTAPPONE
63855;MONTEFALCONE APPENNINO
63858;MONTEFORTINO
63846;MONTE GIBERTO
63833;MONTEGIORGIO
63812;MONTEGRANARO
63841;MONTELEONE DI FERMO
63853;MONTELPARO
63852;MONTE RINALDO
63825;MONTERUBBIANO
63815;MONTE SAN PIETRANGELI
63813;MONTE URANO
63847;MONTE VIDON COMBATTE
63836;MONTE VIDON CORRADO
63843;MONTOTTONE
63826;MORESCO
63851;ORTEZZANO
63827;PEDASO
63848;PETRITOLI
63845;PONZANO DI FERMO
63822;PORTO SAN GIORGIO
63821;PORTO SANT'ELPIDIO
63831;RAPAGNANO
63854;SANTA VITTORIA IN MATENANO
63811;SANT'ELPIDIO A MARE
63839;SERVIGLIANO
63856;SMERILLO
63814;TORRE SAN PATRIZIO
76123;ANDRIA
76121;BARLETTA
76011;BISCEGLIE
76012;CANOSA DI PUGLIA
76016;MARGHERITA DI SAVOIA
76013;MINERVINO MURGE
76017;SAN FERDINANDO DI PUGLIA
76014;SPINAZZOLA
76125;TRANI
76015;TRINITAPOLI
09031;ARBUS
09040;ARMUNGIA
09040;BALLAO
09040;BARRALI
09021;BARUMINI
09010;BUGGERRU
09040;BURCEI
09011;CALASETTA
09013;CARBONIA
09014;CARLOFORTE
09040;CASTIADAS
09020;COLLINAS
09010;DECIMOPUTZU
09041;DOLIANOVA
09010;DOMUS DE MARIA
09015;DOMUSNOVAS
09040;DONORI
09051;ESCALAPLANO
09052;ESCOLCA
09053;ESTERZILI
09010;FLUMINIMAGGIORE
09040;FURTEI
09054;GENONI
09020;GENURI
09055;GERGEI
09040;GESICO
09020;GESTURI
09010;GIBA
09040;GONI
09010;GONNESA
09035;GONNOSFANADIGA
09040;GUAMAGGIORE
09040;GUASILA
09036;GUSPINI
09016;IGLESIAS
09056;ISILI
09020;LAS PLASSAS
09022;LUNAMATRONA
09040;MANDAS
09010;MASAINAS
09023;MONASTIR
09043;MURAVERA
09010;MUSEI
09010;NARCAO
09057;NURAGUS
09058;NURALLAO
09024;NURAMINIS
09059;NURRI
09010;NUXIS
09061;ORROLI
09040;ORTACESUS
09030;PABILLONIS
09020;PAULI ARBAREI
09010;PERDAXIUS
09020;PIMENTEL
09010;PISCINAS
09010;PORTOSCUSO
09062;SADALI
09030;SAMASSI
09020;SAMATZAI
09040;SAN BASILIO
09037;SAN GAVINO MONREALE
09010;SAN GIOVANNI SUERGIU
09040;SAN NICOLÒ GERREI
09026;SAN SPERATE
09040;SAN VITO
09025;SANLURI
09010;SANTADI
09040;SANT'ANDREA FRIUS
09010;SANT'ANNA ARRESI
09017;SANT'ANTIOCO
09030;SARDARA
09040;SEGARIU
09040;SELEGAS
09040;SENORBÌ
09040;SERDIANA
09038;SERRAMANNA
09027;SERRENTI
09063;SERRI
09029;SETZU
09064;SEUI
09065;SEULO
09020;SIDDI
09010;SILIQUA
09040;SILIUS
09040;SIURGUS DONIGALA
09040;SOLEMINIS
09040;SUELLI
09019;TEULADA
09010;TRATALIAS
09029;TUILI
09020;TURRI
09020;USSANA
09020;USSARAMANNA
09010;VALLERMOSA
09039;VILLACIDRO
09020;VILLAMAR
09010;VILLAMASSARGIA
09066;VILLANOVA TULO
09020;VILLANOVAFORRU
09020;VILLANOVAFRANCA
09010;VILLAPERUCCIO
09040;VILLAPUTZU
09040;VILLASALTO
09049;VILLASIMIUS
09034;VILLASOR
09010;VILLASPECIOSA